codigo,descripcion,tipo,u_m,agrupacion,vr_unitario,iva_porcentaje,vr_neto,iva_descontable,excluye_iva,usuario_modificacion,fecha_modificacion
0,ACTIVIDAD A TODO COSTO,null - X,null - ,null - null,654.0,0,654.0,True,False,,2006-04-07
101,DPS PARA PROTECCION DE STRINGS,EQUIPO - E,UNIDAD - UND,015 - 015 - REDES ELECTRICAS,1.0,19,1.19,True,False,,
102,MASCARA RESPIRAT. MEDIA CARA,ELEMEN. PROTECCION - P,UNIDAD - UND,029 - 029 - SG-SST,1.0,19,1.19,True,False,NOLYS ALEYDA ACOSTA MORALES,2025-07-21
103,MOTONIVELADORA/UND,MAQUINARIA - B,UNIDAD - UND,022 - 022 - MAQUINARIA Y EQUIPO,1.0,19,1.19,True,False,DIEGO ANDRES RODRIGUEZ RODRIGUEZ,2025-07-29
104,PUERTA TRIPLEX ENTAMBORADA 0.60-0.80 X 2.00 MTS (INCLUYE HOJA Y ACABADO),MATERIAL - M,UNIDAD - UND,019 - 019 - CARPINTERIA MADERA,1.0,19,1.19,True,False,DIEGO ANDRES RODRIGUEZ RODRIGUEZ,2025-07-21
105,"PUERTA TRIPLEX ENTAMBORADA 0.60-0.80 X 2.00 MTS (INCLUYE HOJA, MARCO Y ACABADO)",MATERIAL - M,UNIDAD - UND,019 - 019 - CARPINTERIA MADERA,1.0,19,1.19,True,False,DIEGO ANDRES RODRIGUEZ RODRIGUEZ,2025-07-21
106,"PUERTA TRIPLEX ENTAMBORADA 0.81-1,00 X 2.00 MTS (INCLUYE HOJA Y ACABADO)",MATERIAL - M,UNIDAD - UND,019 - 019 - CARPINTERIA MADERA,1.0,19,1.19,True,False,DIEGO ANDRES RODRIGUEZ RODRIGUEZ,2025-07-21
107,"PUERTA TRIPLEX ENTAMBORADA 0.81-1,00 X 2.00 MTS (INCLUYE HOJA, MARCO Y ACABADO)",MATERIAL - M,UNIDAD - UND,019 - 019 - CARPINTERIA MADERA,1.0,19,1.19,True,False,DIEGO ANDRES RODRIGUEZ RODRIGUEZ,2025-07-29
108,EXTRACTOR 1/10 HP. CAUDAL: 0.7 M3/S. REVOLUCIONES: 1700RPM. AMPERAJE: 1.3,MATERIAL - M,UNIDAD - UND,028 - 028 - EQUIPOS TECNOLOGICOS,1.0,19,1.19,True,False,MARIA PAULA BALLEN MANOSALVA,2025-07-29
109,ABRAZADERA 1 SALIDA DIAMETRO 180 MM.,MATERIAL - M,UNIDAD - UND,015 - 015 - REDES ELECTRICAS,1.0,19,1.19,True,False,MARIA PAULA BALLEN MANOSALVA,2025-07-29
110,ABRAZADERA 1 SALIDA DIAMETRO 220 MM,MATERIAL - M,UNIDAD - UND,015 - 015 - REDES ELECTRICAS,1.0,19,1.19,True,False,DIEGO ANDRES RODRIGUEZ RODRIGUEZ,2025-09-22
111,ABRAZADERA 2 SALIDAS DIAMETRO 240 MM.,MATERIAL - M,UNIDAD - UND,015 - 015 - REDES ELECTRICAS,1.0,19,1.19,True,False,DIEGO ANDRES RODRIGUEZ RODRIGUEZ,2025-09-22
112,ABRAZADERA METALICA 1/2 PULG. CON TORNILLO,MATERIAL - M,UNIDAD - UND,"014 - 014 - INSTALACIONES ELECTRICAS, VOZ Y DATOS",1.0,19,1.19,True,False,MARIA PAULA BALLEN MANOSALVA,2026-06-03
113,"ABRAZADERA TIPO HORQUILLA 2""",MATERIAL - M,UNIDAD - UND,020 - 020 - FERRETERIA MENOR,1.0,19,1.19,True,False,DIEGO ANDRES RODRIGUEZ RODRIGUEZ,2025-09-16
114,ACCES POINT,EQUIPO - E,UNIDAD - UND,028 - 028 - EQUIPOS TECNOLOGICOS,1.0,0,1.0,True,False,,
115,"ACCESORIO PVC PRESION DE 1""",MATERIAL - M,UNIDAD - UND,011 - 011 - GRIFERIA Y APARATOS HIDROSANITARIOS,1.0,19,1.19,True,False,DIEGO ANDRES RODRIGUEZ RODRIGUEZ,2025-09-16
116,"ACCESORIO PVC PRESION DE 1""-1/4",MATERIAL - M,UNIDAD - UND,011 - 011 - GRIFERIA Y APARATOS HIDROSANITARIOS,1.0,19,1.19,True,False,DIEGO ANDRES RODRIGUEZ RODRIGUEZ,2025-09-16
117,"ACCESORIO PVC PRESION DE 1/2""",MATERIAL - M,UNIDAD - UND,011 - 011 - GRIFERIA Y APARATOS HIDROSANITARIOS,1.0,19,1.19,True,False,DIEGO ANDRES RODRIGUEZ RODRIGUEZ,2025-09-16
118,"ACCESORIO PVC PRESION DE 1/2"" (CAMARA DE AIRE DE 0,15M)",MATERIAL - M,UNIDAD - UND,011 - 011 - GRIFERIA Y APARATOS HIDROSANITARIOS,1.0,19,1.19,True,False,DIEGO ANDRES RODRIGUEZ RODRIGUEZ,2025-09-16
119,"ACCESORIO PVC PRESION DE 3/4""",MATERIAL - M,UNIDAD - UND,011 - 011 - GRIFERIA Y APARATOS HIDROSANITARIOS,1.0,19,1.19,True,False,DIEGO ANDRES RODRIGUEZ RODRIGUEZ,2025-09-16
120,"ACCESORIO PVC PRESION DE 4""",MATERIAL - M,UNIDAD - UND,011 - 011 - GRIFERIA Y APARATOS HIDROSANITARIOS,1.0,19,1.19,True,False,DIEGO ANDRES RODRIGUEZ RODRIGUEZ,2025-09-16
121,"ACCESORIO PVC PRESION EN 3""",MATERIAL - M,UNIDAD - UND,011 - 011 - GRIFERIA Y APARATOS HIDROSANITARIOS,1.0,19,1.19,True,False,DIEGO ANDRES RODRIGUEZ RODRIGUEZ,2025-09-16
122,"ACCESORIO PVC SANITARIOS EN 2""",MATERIAL - M,UNIDAD - UND,011 - 011 - GRIFERIA Y APARATOS HIDROSANITARIOS,1.0,19,1.19,True,False,DIEGO ANDRES RODRIGUEZ RODRIGUEZ,2025-09-16
123,"ACCESORIO PVC SANITARIOS EN 3""",MATERIAL - M,UNIDAD - UND,011 - 011 - GRIFERIA Y APARATOS HIDROSANITARIOS,1.0,19,1.19,True,False,DIEGO ANDRES RODRIGUEZ RODRIGUEZ,2025-09-16
124,"ACCESORIO PVC SANITARIOS EN 4""",MATERIAL - M,UNIDAD - UND,011 - 011 - GRIFERIA Y APARATOS HIDROSANITARIOS,1.0,19,1.19,True,False,DIEGO ANDRES RODRIGUEZ RODRIGUEZ,2025-09-16
125,"ACCESORIO PVC SANITARIOS EN 6""",MATERIAL - M,UNIDAD - UND,011 - 011 - GRIFERIA Y APARATOS HIDROSANITARIOS,1.0,19,1.19,True,False,DIEGO ANDRES RODRIGUEZ RODRIGUEZ,2025-09-16
126,"ACCESORIO PVC-P BUJE 1""-1/2 A 1""",MATERIAL - M,UNIDAD - UND,011 - 011 - GRIFERIA Y APARATOS HIDROSANITARIOS,3000.0,19,3570.0,True,False,HENRY DE JESUS TABORDA ZAPATA,2026-07-27
127,"ACCESORIO PVC-P BUJE 1""-1/2 A 1""-1/2",MATERIAL - M,UNIDAD - UND,011 - 011 - GRIFERIA Y APARATOS HIDROSANITARIOS,1000.0,19,1190.0,True,False,DIEGO ANDRES RODRIGUEZ RODRIGUEZ,2025-09-16
128,"ACCESORIO PVC-P BUJE 1""-1/2 A 2""",MATERIAL - M,UNIDAD - UND,011 - 011 - GRIFERIA Y APARATOS HIDROSANITARIOS,1.0,19,1.19,True,False,DIEGO ANDRES RODRIGUEZ RODRIGUEZ,2025-09-16
129,"ACCESORIO PVC-P BUJE 1""-1/4 X 1/2""",MATERIAL - M,UNIDAD - UND,011 - 011 - GRIFERIA Y APARATOS HIDROSANITARIOS,1333.0,19,1586.27,True,False,MARIA PAULA BALLEN MANOSALVA,2026-05-19
130,ACCESORIOS PARA SU ADECUADO FUNCIONAMIENTO DE TRABAJO,MATERIAL - M,UNIDAD - UND,011 - 011 - GRIFERIA Y APARATOS HIDROSANITARIOS,1.0,19,1.19,True,False,DIEGO ANDRES RODRIGUEZ RODRIGUEZ,2025-09-16
131,"ACCESORIOS TUBERIA METALICA 1/2"" 3/4""",MATERIAL - M,UNIDAD - UND,011 - 011 - GRIFERIA Y APARATOS HIDROSANITARIOS,1.0,19,1.19,True,False,DIEGO ANDRES RODRIGUEZ RODRIGUEZ,2025-09-16
132,ACEITE MOTOR 4 TIEMPOS,MATERIAL - M,UNIDAD - UND,020 - 020 - FERRETERIA MENOR,1.0,19,1.19,True,False,DIEGO ANDRES RODRIGUEZ RODRIGUEZ,2025-09-16
133,"ACERO 60.000 PSI, (420 MPA). PARA ESTRUCTURA EMBEBIDA.",MATERIAL - M,UNIDAD - UND,003 - 003 - ACEROS Y REFUERZOS METALICO,1.0,0,1.0,True,False,,
134,"ACERO CORRUGADO 260 MPA 1/2""",MATERIAL - M,UNIDAD - UND,003 - 003 - ACEROS Y REFUERZOS METALICO,1.0,0,1.0,True,False,,
135,"ACERO CORRUGADO 420 MPA 1 1/2""",MATERIAL - M,UNIDAD - UND,003 - 003 - ACEROS Y REFUERZOS METALICO,1.0,0,1.0,True,False,,
136,"ACERO CORRUGADO 420 MPA 1 1/4""",MATERIAL - M,UNIDAD - UND,003 - 003 - ACEROS Y REFUERZOS METALICO,1.0,0,1.0,True,False,,
137,"ACERO CORRUGADO 420 MPA 1 1/8""",MATERIAL - M,UNIDAD - UND,003 - 003 - ACEROS Y REFUERZOS METALICO,1.0,0,1.0,True,False,,
138,"ACERO CORRUGADO 420 MPA 1""",MATERIAL - M,UNIDAD - UND,003 - 003 - ACEROS Y REFUERZOS METALICO,1.0,0,1.0,True,False,,
139,"ACERO CORRUGADO 420 MPA 1/2""",MATERIAL - M,UNIDAD - UND,003 - 003 - ACEROS Y REFUERZOS METALICO,1.0,0,1.0,True,False,,
140,"ACERO CORRUGADO 420 MPA 1/4""",MATERIAL - M,UNIDAD - UND,003 - 003 - ACEROS Y REFUERZOS METALICO,1.0,0,1.0,True,False,,
141,"ACERO CORRUGADO 420 MPA 3/8""",MATERIAL - M,UNIDAD - UND,003 - 003 - ACEROS Y REFUERZOS METALICO,1.0,0,1.0,True,False,,
142,"ACERO CORRUGADO 420 MPA 5/8""",MATERIAL - M,UNIDAD - UND,003 - 003 - ACEROS Y REFUERZOS METALICO,1.0,0,1.0,True,False,,
143,ACERO CORRUGADO DE 60000 PSI,MATERIAL - M,KILOGRAMO - KG,003 - 003 - ACEROS Y REFUERZOS METALICO,4008.92,0,4008.92,True,False,DIEGO ANDRES RODRIGUEZ RODRIGUEZ,2025-05-21
144,ACERO DE REFUERZO 60.000 PSI (420 MPA),MATERIAL - M,KILOGRAMO - KG,003 - 003 - ACEROS Y REFUERZOS METALICO,3830.63,0,3830.63,True,False,,
145,"ACERO ESTRUCTURAL [INCLUYE TUBERIA ESTRUCTURAL ASTM A-500, VIGAS HEA-IPE, PERFILES TIPO C, ANGULOS Y PLATINAS]",MATERIAL - M,KILOGRAMO - KG,003 - 003 - ACEROS Y REFUERZOS METALICO,1.0,0,1.0,True,False,,
146,ACETATO PARA CARETA DE ESMERILAR,ELEMEN. PROTECCION - P,UNIDAD - UND,029 - 029 - SG-SST,4478.0,19,5328.82,True,False,DIEGO ANDRES RODRIGUEZ RODRIGUEZ,2025-07-29
147,ACOMETIDA PROVISIONAL DE AGUA,SERVICIOS - Q,UNIDAD - UND,030 - 030 - SERVICIOS PUBLICOS,1.0,0,1.0,True,False,,
148,ACOMETIDA PROVISIONAL DE LUZ,SERVICIOS - Q,UNIDAD - UND,030 - 030 - SERVICIOS PUBLICOS,1.0,0,1.0,True,False,,
149,"ACOMETIDAS DESDE INVERSOR A CAJA DE AC EN CABLE 4X4+8 EN CORAZA AMERICANA DE 1 1/2"" Y ACCESORIOS",MATERIAL - M,METRO LINEAL - ML,"014 - 014 - INSTALACIONES ELECTRICAS, VOZ Y DATOS",1.0,19,1.19,True,False,DIEGO ANDRES RODRIGUEZ RODRIGUEZ,2025-09-22
150,ACRILTEX PINTUCO O SIMILAR,MATERIAL - M,GALON - GAL,017 - 017 - ACABADOS Y PINTURA,1.0,0,1.0,True,False,,
151,"ADAPT MACHO PRESION 4""",MATERIAL - M,UNIDAD - UND,011 - 011 - GRIFERIA Y APARATOS HIDROSANITARIOS,1.0,19,1.19,True,False,DIEGO ANDRES RODRIGUEZ RODRIGUEZ,2025-09-16
152,ADAPT.HEMBRA 1/2 PULG PRESION PAVCO,MATERIAL - M,UNIDAD - UND,012 - 012 - INSTALACIONES HIDRAULICAS,500.0,0,500.0,True,False,,
153,ADAPT.MACHO 1/2 PULG PRESION PAVCO,MATERIAL - M,UNIDAD - UND,012 - 012 - INSTALACIONES HIDRAULICAS,363.04,0,363.04,True,False,,
154,"ADAPTA PVC 2""",MATERIAL - M,UNIDAD - UND,011 - 011 - GRIFERIA Y APARATOS HIDROSANITARIOS,1.0,19,1.19,True,False,DIEGO ANDRES RODRIGUEZ RODRIGUEZ,2025-09-16
155,"ADAPTA PVC 3/4""",MATERIAL - M,UNIDAD - UND,011 - 011 - GRIFERIA Y APARATOS HIDROSANITARIOS,1.0,19,1.19,True,False,DIEGO ANDRES RODRIGUEZ RODRIGUEZ,2025-09-16
156,ADAPTADOR 1 1/2 TERMINAL CONDUIT,MATERIAL - M,UNIDAD - UND,"014 - 014 - INSTALACIONES ELECTRICAS, VOZ Y DATOS",2781.13,19,3309.54,True,False,DIEGO ANDRES RODRIGUEZ RODRIGUEZ,2025-09-22
157,"ADAPTADOR 3/4"" CONDUIT SCH40",MATERIAL - M,UNIDAD - UND,"014 - 014 - INSTALACIONES ELECTRICAS, VOZ Y DATOS",1.0,19,1.19,True,False,DIEGO ANDRES RODRIGUEZ RODRIGUEZ,2025-09-22
158,ADAPTADOR DE DOS PUESTOS,MATERIAL - M,UNIDAD - UND,"014 - 014 - INSTALACIONES ELECTRICAS, VOZ Y DATOS",1.0,19,1.19,True,False,HENRY DE JESUS TABORDA ZAPATA,2026-07-27
159,ADAPTADOR DE TIERRA PARA TERMINAL 2/0AWG,MATERIAL - M,UNIDAD - UND,"014 - 014 - INSTALACIONES ELECTRICAS, VOZ Y DATOS",1.0,19,1.19,True,False,DIEGO ANDRES RODRIGUEZ RODRIGUEZ,2025-09-22
160,ADAPTADOR DE UN PUESTO,MATERIAL - M,UNIDAD - UND,"014 - 014 - INSTALACIONES ELECTRICAS, VOZ Y DATOS",1.0,19,1.19,True,False,DIEGO ANDRES RODRIGUEZ RODRIGUEZ,2025-09-22
162,"ADAPTADOR EMT 3/4""",MATERIAL - M,UNIDAD - UND,"014 - 014 - INSTALACIONES ELECTRICAS, VOZ Y DATOS",1.0,19,1.19,True,False,DIEGO ANDRES RODRIGUEZ RODRIGUEZ,2025-09-22
163,"ADAPTADOR HEMBRA DE 1/2"" PVC PRESION",MATERIAL - M,UNIDAD - UND,"014 - 014 - INSTALACIONES ELECTRICAS, VOZ Y DATOS",378.99,19,451.0,True,False,DIEGO ANDRES RODRIGUEZ RODRIGUEZ,2025-09-22
164,"ADAPTADOR IMC 3/4""",MATERIAL - M,UNIDAD - UND,"014 - 014 - INSTALACIONES ELECTRICAS, VOZ Y DATOS",1.0,19,1.19,True,False,DIEGO ANDRES RODRIGUEZ RODRIGUEZ,2025-09-22
165,ADAPTADOR MACHO 1/2 PVC PRESION,MATERIAL - M,UNIDAD - UND,012 - 012 - INSTALACIONES HIDRAULICAS,384.99,0,384.99,True,False,DIEGO ANDRES RODRIGUEZ RODRIGUEZ,2025-06-14
166,ADAPTADOR PORTA VISOR - ACETATO,ELEMEN. PROTECCION - P,UNIDAD - UND,029 - 029 - SG-SST,1.0,19,1.19,True,False,DIEGO ANDRES RODRIGUEZ RODRIGUEZ,2025-07-29
167,"ADAPTADOR PVC 3/4"" CONDUIT",MATERIAL - M,UNIDAD - UND,"014 - 014 - INSTALACIONES ELECTRICAS, VOZ Y DATOS",1.0,19,1.19,True,False,DIEGO ANDRES RODRIGUEZ RODRIGUEZ,2025-09-22
168,"ADAPTADOR PVC LIMPIEZA SANITARIO 1 1/2""",MATERIAL - M,UNIDAD - UND,011 - 011 - GRIFERIA Y APARATOS HIDROSANITARIOS,1.0,19,1.19,True,False,DIEGO ANDRES RODRIGUEZ RODRIGUEZ,2025-09-16
169,"ADAPTADOR PVC LIMPIEZA SANITARIO 2""",MATERIAL - M,UNIDAD - UND,011 - 011 - GRIFERIA Y APARATOS HIDROSANITARIOS,1.0,0,1.0,True,False,,
170,"ADAPTADOR PVC LIMPIEZA SANITARIO 3""",MATERIAL - M,UNIDAD - UND,011 - 011 - GRIFERIA Y APARATOS HIDROSANITARIOS,1.0,19,1.19,True,False,HENRY DE JESUS TABORDA ZAPATA,2026-07-31
171,"ADAPTADOR PVC LIMPIEZA SANITARIO 4""",MATERIAL - M,UNIDAD - UND,011 - 011 - GRIFERIA Y APARATOS HIDROSANITARIOS,1.0,0,1.0,True,False,,
172,"ADAPTADORES CORAZA 1""",MATERIAL - M,UNIDAD - UND,"014 - 014 - INSTALACIONES ELECTRICAS, VOZ Y DATOS",1.0,19,1.19,True,False,DIEGO ANDRES RODRIGUEZ RODRIGUEZ,2025-09-22
173,"ADAPTADORES CORAZA 2""",MATERIAL - M,UNIDAD - UND,"014 - 014 - INSTALACIONES ELECTRICAS, VOZ Y DATOS",1.0,19,1.19,True,False,DIEGO ANDRES RODRIGUEZ RODRIGUEZ,2025-09-22
174,"ADAPTADORES CORAZA 3/4""",MATERIAL - M,UNIDAD - UND,"014 - 014 - INSTALACIONES ELECTRICAS, VOZ Y DATOS",1.0,19,1.19,True,False,DIEGO ANDRES RODRIGUEZ RODRIGUEZ,2025-09-22
175,"ADAPTADORES CORAZA 4""",MATERIAL - M,UNIDAD - UND,"014 - 014 - INSTALACIONES ELECTRICAS, VOZ Y DATOS",1.0,19,1.19,True,False,DIEGO ANDRES RODRIGUEZ RODRIGUEZ,2025-09-22
176,ADENDO DE ALTURAS,SERVICIOS - Q,UNIDAD - UND,031 - 031 - SERVICIOS MEDICOS,1.0,0,1.0,True,False,,
177,ADENDO DE ESPACIOS CONFINADOS,SERVICIOS - Q,UNIDAD - UND,031 - 031 - SERVICIOS MEDICOS,1.0,0,1.0,True,False,,
178,ADHESIVO ANTIHUMEDAD,MATERIAL - M,UNIDAD - UND,001 - 001 - ADHESIVOS Y ADITIVOS,1.0,19,1.19,True,False,HENRY DE JESUS TABORDA ZAPATA,2026-07-27
179,ADHESIVO EPOXICO PARA ANCLAJES,MATERIAL - M,KILOGRAMO - KG,001 - 001 - ADHESIVOS Y ADITIVOS,1.0,19,1.19,True,False,DIEGO ANDRES RODRIGUEZ RODRIGUEZ,2025-07-29
180,ADITIVO ACELERANTE PARA CONCRETO,MATERIAL - M,KILOGRAMO - KG,001 - 001 - ADHESIVOS Y ADITIVOS,1.0,19,1.19,True,False,DIEGO ANDRES RODRIGUEZ RODRIGUEZ,2025-07-29
181,ADITIVO ADHESIVO CONCRETO VIEJO A CONCRETO NUEVO,MATERIAL - M,KILOGRAMO - KG,001 - 001 - ADHESIVOS Y ADITIVOS,1.0,19,1.19,True,False,DIEGO ANDRES RODRIGUEZ RODRIGUEZ,2025-07-29
182,ADITIVO ANTISOL BLANCO PARA CONCRETO,MATERIAL - M,KILOGRAMO - KG,001 - 001 - ADHESIVOS Y ADITIVOS,1.0,19,1.19,True,False,DIEGO ANDRES RODRIGUEZ RODRIGUEZ,2025-07-29
183,ADITIVO ANTISOL ROJO PARA CONCRETO,MATERIAL - M,KILOGRAMO - KG,001 - 001 - ADHESIVOS Y ADITIVOS,30124.09,19,35847.67,True,False,DIEGO ANDRES RODRIGUEZ RODRIGUEZ,2025-07-29
184,ADITIVO IMPERMEABILIZANTE PARA CONCRETO,MATERIAL - M,KILOGRAMO - KG,001 - 001 - ADHESIVOS Y ADITIVOS,1.0,19,1.19,True,False,LUIS FERNANDO CAMPO ACOSTA,2025-11-04
185,ADITIVO PLASTIFICANTE PARA CONCRETO,MATERIAL - M,KILOGRAMO - KG,001 - 001 - ADHESIVOS Y ADITIVOS,1.0,19,1.19,True,False,DIEGO ANDRES RODRIGUEZ RODRIGUEZ,2025-07-29
186,ADITIVO PLASTIFICANTE SIKA PLAST MO,MATERIAL - M,KILOGRAMO - KG,001 - 001 - ADHESIVOS Y ADITIVOS,1.0,19,1.19,True,False,DIEGO ANDRES RODRIGUEZ RODRIGUEZ,2025-07-29
187,ADITIVO RETARDADOR DE FRAGUADO PARA CONCRETO,MATERIAL - M,KILOGRAMO - KG,001 - 001 - ADHESIVOS Y ADITIVOS,1.0,19,1.19,True,False,DIEGO ANDRES RODRIGUEZ RODRIGUEZ,2025-07-29
188,AGREGADO FINO,MATERIAL - M,METRO CUBICO - M3,002 - 002 - AGREGADOS PETREOS,1.0,19,1.19,True,False,DIEGO ANDRES RODRIGUEZ RODRIGUEZ,2025-07-29
189,AGREGADO GRUESO,MATERIAL - M,METRO CUBICO - M3,002 - 002 - AGREGADOS PETREOS,1.0,19,1.19,True,False,DIEGO ANDRES RODRIGUEZ RODRIGUEZ,2025-07-29
190,AGUA,MATERIAL - M,METRO CUBICO - M3,033 - 033 - REPUESTOS E INSUMOS,1.0,0,1.0,True,False,,
191,AIRE ACONDICIONADO 12.000 BTU 110 V,EQUIPO - E,UNIDAD - UND,026 - 026 - EQUIPOS ESPECIALIZADOS,1.0,0,1.0,True,False,,
192,AIRE ACONDICIONADO 12.000 BTU 220 V,EQUIPO - E,UNIDAD - UND,026 - 026 - EQUIPOS ESPECIALIZADOS,1.0,0,1.0,True,False,,
193,AIRE ACONDICIONADO 24.000 BTU 110 V,EQUIPO - E,UNIDAD - UND,026 - 026 - EQUIPOS ESPECIALIZADOS,1.0,0,1.0,True,False,,
194,AIRE ACONDICIONADO 24.000 BTU 220 V,EQUIPO - E,UNIDAD - UND,026 - 026 - EQUIPOS ESPECIALIZADOS,1.0,0,1.0,True,False,,
195,AIRE ACONDICIONADO 36.000 BTU 110 V,EQUIPO - E,UNIDAD - UND,026 - 026 - EQUIPOS ESPECIALIZADOS,1.0,0,1.0,True,False,,
196,AIRE ACONDICIONADO 36.000 BTU 220 V,EQUIPO - E,UNIDAD - UND,026 - 026 - EQUIPOS ESPECIALIZADOS,1.0,0,1.0,True,False,,
197,"AISLADOR DE PORCELANA DE ESPIGO TIPO PIN 15 KV, ANSI 55-5",MATERIAL - M,UNIDAD - UND,015 - 015 - REDES ELECTRICAS,24443.67,19,29087.97,True,False,DIEGO ANDRES RODRIGUEZ RODRIGUEZ,2025-09-22
198,"AISLADOR DE PORCELANA DE SUSPENSION DE 10"", ANSI 52-4, PASADOR Y HORQUILLA",MATERIAL - M,UNIDAD - UND,015 - 015 - REDES ELECTRICAS,1.0,19,1.19,True,False,DIEGO ANDRES RODRIGUEZ RODRIGUEZ,2025-09-22
199,"AISLADOR DE PORCELANA DE SUSPENSION DE 6"", ANSI 52-1, PASADOR Y HORQUILLA",MATERIAL - M,UNIDAD - UND,015 - 015 - REDES ELECTRICAS,32891.6,19,39141.0,True,False,DIEGO ANDRES RODRIGUEZ RODRIGUEZ,2025-09-22
200,AISLADOR POLIMERICO DE PIN ANSI 55-4,MATERIAL - M,UNIDAD - UND,015 - 015 - REDES ELECTRICAS,25272.03,19,30073.72,True,False,DIEGO ANDRES RODRIGUEZ RODRIGUEZ,2025-09-22
201,"AISLADOR POLIMERICO DE SUSPENSION 15 KV, ANSI DS-15, CATALOGO PS015 GAMMA",MATERIAL - M,UNIDAD - UND,015 - 015 - REDES ELECTRICAS,1.0,19,1.19,True,False,DIEGO ANDRES RODRIGUEZ RODRIGUEZ,2025-09-22
202,"AISLADOR TENSOR DE 4 1/4"", ANSI 54-2.",MATERIAL - M,UNIDAD - UND,015 - 015 - REDES ELECTRICAS,5158.9,19,6139.09,True,False,DIEGO ANDRES RODRIGUEZ RODRIGUEZ,2025-09-22
203,"AISLADOR TENSOR DE 6 3/4"", ANSI 54-4",MATERIAL - M,UNIDAD - UND,015 - 015 - REDES ELECTRICAS,1.0,19,1.19,True,False,DIEGO ANDRES RODRIGUEZ RODRIGUEZ,2025-09-22
204,AISLADOR TIPO CARRETE ANSI 53-2,MATERIAL - M,UNIDAD - UND,015 - 015 - REDES ELECTRICAS,1.0,19,1.19,True,False,DIEGO ANDRES RODRIGUEZ RODRIGUEZ,2025-09-22
207,ALAMBRE CALIBRE 12 GALVANIZADO,MATERIAL - M,METRO LINEAL - ML,020 - 020 - FERRETERIA MENOR,1.0,19,1.19,True,False,DIEGO ANDRES RODRIGUEZ RODRIGUEZ,2025-09-16
208,ALAMBRE DE COBRE AISLADO THHN NO. 10,MATERIAL - M,METRO LINEAL - ML,020 - 020 - FERRETERIA MENOR,1.0,19,1.19,True,False,DIEGO ANDRES RODRIGUEZ RODRIGUEZ,2025-09-16
209,ALAMBRE #12 X100 MTS DE COBRE AISLADO THHN NEGRO,MATERIAL - M,UNIDAD - UND,"014 - 014 - INSTALACIONES ELECTRICAS, VOZ Y DATOS",226457.57,0,226457.57,True,False,ALISON CAMILA BENAVIDES RIVERA,2026-07-05
210,ALAMBRE DE COBRE AISLADO THHN NO. 8 X 50MTS,MATERIAL - M,UNIDAD - UND,020 - 020 - FERRETERIA MENOR,355298.3,19,422804.98,True,False,MARIA PAULA BALLEN MANOSALVA,2026-05-20
211,ALAMBRE GALVANIZADO N° 12 AWG,MATERIAL - M,KILOGRAMO - KG,020 - 020 - FERRETERIA MENOR,1.0,19,1.19,True,False,DIEGO ANDRES RODRIGUEZ RODRIGUEZ,2025-09-16
212,ALAMBRE NEGRO,MATERIAL - M,KILOGRAMO - KG,020 - 020 - FERRETERIA MENOR,6091.01,19,7248.3,True,False,DIEGO ANDRES RODRIGUEZ RODRIGUEZ,2025-09-16
213,ALAMBRE NEGRO #18 RECOCIDO,MATERIAL - M,KILOGRAMO - KG,020 - 020 - FERRETERIA MENOR,5882.98,19,7000.75,True,False,DIEGO ANDRES RODRIGUEZ RODRIGUEZ,2025-09-16
214,ALAMBRE NEGRO CALIBRE 17,MATERIAL - M,KILOGRAMO - KG,020 - 020 - FERRETERIA MENOR,7481.72,19,8903.25,True,False,DIEGO ANDRES RODRIGUEZ RODRIGUEZ,2025-09-16
215,ALAMBRON 40 1/4 PULG LISO,MATERIAL - M,KILOGRAMO - KG,020 - 020 - FERRETERIA MENOR,1.0,19,1.19,True,False,DIEGO ANDRES RODRIGUEZ RODRIGUEZ,2025-09-16
216,ALAMBRON DE ALUMINIO 8MM,MATERIAL - M,KILOGRAMO - KG,020 - 020 - FERRETERIA MENOR,1.0,19,1.19,True,False,DIEGO ANDRES RODRIGUEZ RODRIGUEZ,2025-09-16
217,ALARMA SONORA DE EMERGENCIA,EQUIPO - E,UNIDAD - UND,029 - 029 - SG-SST,1.0,19,1.19,True,False,DIEGO ANDRES RODRIGUEZ RODRIGUEZ,2025-09-22
218,ALCOHOL ANTISEPTICO,CONSUMIBLES - C,MILILITRO - MLT,029 - 029 - SG-SST,1.0,19,1.19,True,False,DIEGO ANDRES RODRIGUEZ RODRIGUEZ,2025-09-15
219,ALCOHOLIMETRO,EQUIPO - E,UNIDAD - UND,029 - 029 - SG-SST,1.0,19,1.19,True,False,DIEGO ANDRES RODRIGUEZ RODRIGUEZ,2025-09-22
220,ALMACENISTA,NOMINA - N,UNIDAD - UND,024 - 024 - PERSONAL OPERATIVO,1.0,0,1.0,True,False,,
221,ALQUILER DE BODEGA,SUBCONTRATO - S,UNIDAD - UND,035 - 035 - ARRIENDOS,1.0,0,1.0,True,False,,
222,ALQUILER DE VIVIENDA,SUBCONTRATO - S,MES - MS,035 - 035 - ARRIENDOS,1.0,0,1.0,True,False,JAVIER ORLANDO SANABRIA JIMENEZ,2026-06-16
223,ALUMIMANTO 1 X 10 MTS - ROLLO,MATERIAL - M,METRO LINEAL - ML,010 - 010 - MAMPOSTERIA,1.0,0,1.0,True,False,,
224,AMARRE 30CM BLANCO X 100,MATERIAL - M,UNIDAD - UND,020 - 020 - FERRETERIA MENOR,5950.0,19,7080.5,True,False,DIEGO ANDRES RODRIGUEZ RODRIGUEZ,2025-09-16
225,AMARRE CABALLETE ETERNIT,MATERIAL - M,UNIDAD - UND,004 - 004 - CUBIERTA Y CANALES,500.0,19,595.0,True,False,MARIA PAULA BALLEN MANOSALVA,2025-07-29
226,AMARRE FAST-TIE 4PULG.(100MM),MATERIAL - M,UNIDAD - UND,"014 - 014 - INSTALACIONES ELECTRICAS, VOZ Y DATOS",21.06,19,25.06,True,False,DIEGO ANDRES RODRIGUEZ RODRIGUEZ,2025-09-22
227,AMP. CON REJILLA INTERIOR Y EXTERIOR. INCLUYE INTERRUPTOR,DOTACION - D,UNIDAD - UND,029 - 029 - SG-SST,1.0,19,1.19,True,False,DIEGO ANDRES RODRIGUEZ RODRIGUEZ,2025-09-22
228,ANCLAJE 1/2*2 PULG.,MATERIAL - M,UNIDAD - UND,"014 - 014 - INSTALACIONES ELECTRICAS, VOZ Y DATOS",1.0,19,1.19,True,False,DIEGO ANDRES RODRIGUEZ RODRIGUEZ,2025-09-22
229,ANCLAJE A TECHO TERMINAL PARA VENTILADOR INSTITUCIONAL,EQUIPO - E,UNIDAD - UND,026 - 026 - EQUIPOS ESPECIALIZADOS,1.0,0,1.0,True,False,,
230,"ANCLAJE METALICA A CONCRETO 4""",MATERIAL - M,UNIDAD - UND,003 - 003 - ACEROS Y REFUERZOS METALICO,1.0,0,1.0,True,False,,
231,"ANCLAJES QUIMICOS 3/8"" - 1/2""",MATERIAL - M,KILOGRAMO - KG,001 - 001 - ADHESIVOS Y ADITIVOS,1.0,19,1.19,True,False,DIEGO ANDRES RODRIGUEZ RODRIGUEZ,2025-07-29
232,"ESCALERA MULTIPOSICIONES TIPO ANDAMIO UDUKE CON PLATAFORMA (1,45M) (150KG)",EQUIPO - E,UNIDAD - UND,029 - 029 - SG-SST,1.0,19,1.19,True,False,DIEGO ANDRES RODRIGUEZ RODRIGUEZ,2026-07-31
233,ANDAMIO TUBULAR SECCION 1.50 M X 1.50 M X 2.20 M,EQUIPO - E,DIA - DIA,022 - 022 - MAQUINARIA Y EQUIPO,1.0,0,1.0,True,False,,
234,ANGULO 1 1/2 PULG.,MATERIAL - M,UNIDAD - UND,003 - 003 - ACEROS Y REFUERZOS METALICO,1.0,0,1.0,True,False,,
235,ANGULO GALVANIZADO 1*1 PULG. 2.44 M.,MATERIAL - M,UNIDAD - UND,003 - 003 - ACEROS Y REFUERZOS METALICO,2419.39,0,2419.39,True,False,,
238,ANGULO METALICO PARA CIELO RASO ANGULO 2.44M,MATERIAL - M,UNIDAD - UND,004 - 004 - CUBIERTA Y CANALES,2275.09,19,2707.36,True,False,MARIA PAULA BALLEN MANOSALVA,2025-07-29
239,ANILLOS ELASTOMERICOS DE AMARRAR PARA ESPACIADOR,MATERIAL - M,UNIDAD - UND,015 - 015 - REDES ELECTRICAS,1.0,19,1.19,True,False,DIEGO ANDRES RODRIGUEZ RODRIGUEZ,2025-09-22
240,ANTICORR.GRIS PINTUCO 507 O SIMILAR,MATERIAL - M,GALON - GAL,017 - 017 - ACABADOS Y PINTURA,1.0,0,1.0,True,False,,
241,ANTICORROSIVO NEGRO,MATERIAL - M,GALON - GAL,010 - 010 - MAMPOSTERIA,50170.23,0,50170.23,True,False,,
243,ANTISOL SIKA ROJO,MATERIAL - M,KILOGRAMO - KG,001 - 001 - ADHESIVOS Y ADITIVOS,1.0,19,1.19,True,False,DIEGO ANDRES RODRIGUEZ RODRIGUEZ,2025-07-29
244,APLICACION DE BATERIA DE RIESGO PSICOSOCIAL,SERVICIOS - Q,UNIDAD - UND,031 - 031 - SERVICIOS MEDICOS,1.0,0,1.0,True,False,,
245,APLICATIVO NOMINA ELECTRONICA,LICENCIAS - L,UNIDAD - UND,039 - 039 - LICENCIAS OFIMATICAS,1.0,0,1.0,True,False,,
246,APLICATIVO POR CONSORCIO NUEVO,LICENCIAS - L,UNIDAD - UND,039 - 039 - LICENCIAS OFIMATICAS,1.0,0,1.0,True,False,,
247,APOSITO O COMPRESA NO ESTERIL,CONSUMIBLES - C,UNIDAD - UND,029 - 029 - SG-SST,1.0,19,1.19,True,False,DIEGO ANDRES RODRIGUEZ RODRIGUEZ,2025-09-15
248,"ARANDELA CUADRADA PLANA 5/8""",MATERIAL - M,UNIDAD - UND,015 - 015 - REDES ELECTRICAS,5337.15,19,6351.21,True,False,DIEGO ANDRES RODRIGUEZ RODRIGUEZ,2025-09-22
249,"ARANDELA CUADRADA PLANA DE 10 CM * 10 CM * 5/8""",MATERIAL - M,UNIDAD - UND,015 - 015 - REDES ELECTRICAS,1.0,19,1.19,True,False,DIEGO ANDRES RODRIGUEZ RODRIGUEZ,2025-09-22
250,"ARANDELA DE PRESION DE 1/2""",MATERIAL - M,UNIDAD - UND,015 - 015 - REDES ELECTRICAS,104.6,19,124.47,True,False,DIEGO ANDRES RODRIGUEZ RODRIGUEZ,2025-09-22
251,"ARANDELA DE PRESION DE 5/8""",MATERIAL - M,UNIDAD - UND,015 - 015 - REDES ELECTRICAS,160.43,19,190.91,True,False,DIEGO ANDRES RODRIGUEZ RODRIGUEZ,2025-09-22
253,"ARANDELA REDONDA PLANA 5/8""",MATERIAL - M,UNIDAD - UND,015 - 015 - REDES ELECTRICAS,295.18,19,351.26,True,False,DIEGO ANDRES RODRIGUEZ RODRIGUEZ,2025-09-22
254,"ARANDELA REDONDA PLANA DE 1/2""",MATERIAL - M,UNIDAD - UND,015 - 015 - REDES ELECTRICAS,241.35,19,287.21,True,False,DIEGO ANDRES RODRIGUEZ RODRIGUEZ,2025-09-22
255,ARCHIVADOR PLASTICO,EQUIPO - E,UNIDAD - UND,008 - 008 - MOBILIARIO URBANO,1.0,19,1.19,True,False,MARIA PAULA BALLEN MANOSALVA,2025-07-29
256,ARCILLA,MATERIAL - M,METRO CUBICO - M3,002 - 002 - AGREGADOS PETREOS,1.0,19,1.19,True,False,DIEGO ANDRES RODRIGUEZ RODRIGUEZ,2025-07-29
257,ARENA DE PEGA,MATERIAL - M,METRO CUBICO - M3,002 - 002 - AGREGADOS PETREOS,1.0,19,1.19,True,False,DIEGO ANDRES RODRIGUEZ RODRIGUEZ,2025-07-29
258,ARENA DE PENA,MATERIAL - M,METRO CUBICO - M3,002 - 002 - AGREGADOS PETREOS,1.0,19,1.19,True,False,DIEGO ANDRES RODRIGUEZ RODRIGUEZ,2025-07-29
259,ARENA DE PENA CERNIDA,MATERIAL - M,METRO CUBICO - M3,002 - 002 - AGREGADOS PETREOS,1.0,19,1.19,True,False,DIEGO ANDRES RODRIGUEZ RODRIGUEZ,2025-07-29
260,ARENA DE RIO,MATERIAL - M,METRO CUBICO - M3,002 - 002 - AGREGADOS PETREOS,64062.11,19,76233.91,True,False,DIEGO ANDRES RODRIGUEZ RODRIGUEZ,2025-07-29
261,ARENILLA,MATERIAL - M,METRO CUBICO - M3,002 - 002 - AGREGADOS PETREOS,1.0,19,1.19,True,False,DIEGO ANDRES RODRIGUEZ RODRIGUEZ,2025-07-29
262,ARNES DIELECTRICO CUERPO COMPLETO,EQUIPO - E,UNIDAD - UND,029 - 029 - SG-SST,1.0,19,1.19,True,False,DIEGO ANDRES RODRIGUEZ RODRIGUEZ,2025-09-22
263,ARNES MULTIPROPOSITO CUERPO COMPLETO,EQUIPO - E,UNIDAD - UND,029 - 029 - SG-SST,1.0,19,1.19,True,False,DIEGO ANDRES RODRIGUEZ RODRIGUEZ,2025-09-22
264,ARQUITECTA RESIDENTE,NOMINA - N,UNIDAD - UND,025 - 025 - PERSONAL ADMINISTRATIVO,1.0,0,1.0,True,False,,
265,"ARRANCADOR DIRECTO DE 1HP, CON BOBINA A 220V",EQUIPO - E,UNIDAD - UND,028 - 028 - EQUIPOS TECNOLOGICOS,1.0,0,1.0,True,False,,
266,ARRENDAMIENTO SOFTWARE SINCO,LICENCIAS - L,UNIDAD - UND,039 - 039 - LICENCIAS OFIMATICAS,1.0,0,1.0,True,False,,
267,"ASCENSOR ELECTROMECANICO MRL (SIN CUARTO DE MAQUINAS) DE CARGA, DE 3 PARADAS, CAPACIDAD 450 KILOGRAMOS, VELOCIDAD 1.0 M/S., TIPO DE APERTURA AUTOMATICA.",EQUIPO - E,UNIDAD - UND,028 - 028 - EQUIPOS TECNOLOGICOS,1.0,0,1.0,True,False,,
268,ASESOR JURIDICO,NOMINA - N,UNIDAD - UND,025 - 025 - PERSONAL ADMINISTRATIVO,1.0,0,1.0,True,False,,
269,AUDIOMETRIA VIA AEREA,SERVICIOS - Q,UNIDAD - UND,031 - 031 - SERVICIOS MEDICOS,1.0,0,1.0,True,False,,
270,AUDITIVOS DE INSERCION DESECHABLE,ELEMEN. PROTECCION - P,UNIDAD - UND,029 - 029 - SG-SST,1.0,19,1.19,True,False,DIEGO ANDRES RODRIGUEZ RODRIGUEZ,2025-09-22
271,AUDITIVOS DE INSERCION SILICONADO,ELEMEN. PROTECCION - P,UNIDAD - UND,029 - 029 - SG-SST,1.0,0,1.0,True,False,,
272,AUDITORIA INTERNA PESV,SUBCONTRATO - S,UNIDAD - UND,032 - 032 - AUDITORIAS Y CAPACITACIONES,1.0,0,1.0,True,False,,
273,AUDITORIA INTERNA SGSST,SUBCONTRATO - S,UNIDAD - UND,032 - 032 - AUDITORIAS Y CAPACITACIONES,1.0,0,1.0,True,False,,
274,AUXILIAR ADMINISTRATIVO SUBGERENCIA ADM,NOMINA - N,UNIDAD - UND,025 - 025 - PERSONAL ADMINISTRATIVO,1.0,0,1.0,True,False,,
275,AUXILIAR COMPRAS,NOMINA - N,UNIDAD - UND,025 - 025 - PERSONAL ADMINISTRATIVO,1.0,0,1.0,True,False,,
276,AUXILIAR CONTABLE,NOMINA - N,UNIDAD - UND,025 - 025 - PERSONAL ADMINISTRATIVO,1.0,0,1.0,True,False,,
277,AUXILIAR CONTABLE Y FINANCIERO,NOMINA - N,UNIDAD - UND,025 - 025 - PERSONAL ADMINISTRATIVO,1.0,0,1.0,True,False,,
278,AUXILIAR DE ALMACEN,NOMINA - N,UNIDAD - UND,024 - 024 - PERSONAL OPERATIVO,1.0,0,1.0,True,False,,
279,AUXILIAR DE INGENIERIA,NOMINA - N,UNIDAD - UND,025 - 025 - PERSONAL ADMINISTRATIVO,1.0,0,1.0,True,False,,
280,AUXILIAR DE RECURSOS GENERALES,NOMINA - N,MES - MS,025 - 025 - PERSONAL ADMINISTRATIVO,1.0,0,1.0,True,False,,
281,AUXILIAR DE SOLDADURA,NOMINA - N,UNIDAD - UND,025 - 025 - PERSONAL ADMINISTRATIVO,1.0,0,1.0,True,False,,
282,AUXILIAR ELECTRICO,NOMINA - N,UNIDAD - UND,025 - 025 - PERSONAL ADMINISTRATIVO,1.0,0,1.0,True,False,,
283,AUXILIAR FINANCIERA,NOMINA - N,UNIDAD - UND,025 - 025 - PERSONAL ADMINISTRATIVO,1.0,0,1.0,True,False,,
284,AUXILIAR GESTION HUMANA,NOMINA - N,UNIDAD - UND,025 - 025 - PERSONAL ADMINISTRATIVO,1.0,0,1.0,True,False,,
285,AUXILIAR JURIDICO,NOMINA - N,UNIDAD - UND,025 - 025 - PERSONAL ADMINISTRATIVO,1.0,0,1.0,True,False,,
286,AVISO DE PISO HUMEDO,SEÑALIZACIÓN - Ñ,UNIDAD - UND,029 - 029 - SG-SST,1.0,0,1.0,True,False,,
287,AVISO TIPO BANDEJA CON LUCES LED ELABORADO EN ACERO INOXIDABLE CON ACRILICO EN SU INTERIOR Y PARTE POSTERIOR (SEGUN PLANOS).,SEÑALIZACIÓN - Ñ,UNIDAD - UND,037 - 037 - SEÑALIZACION,1.0,0,1.0,True,False,,
288,AYUDANTE DE CARPINTERIA METALICA,HONORARIOS - H,DIA - DIA,024 - 024 - PERSONAL OPERATIVO,1.0,0,1.0,True,False,,
289,AYUDANTE DE CONSTRUCCION,HONORARIOS - H,DIA - DIA,024 - 024 - PERSONAL OPERATIVO,1.0,0,1.0,True,False,,
290,AYUDANTE DE ELECTRICIDAD,HONORARIOS - H,DIA - DIA,024 - 024 - PERSONAL OPERATIVO,1.0,0,1.0,True,False,,
291,AYUDANTE DE OBRA,HONORARIOS - H,UNIDAD - UND,024 - 024 - PERSONAL OPERATIVO,1.0,0,1.0,True,False,,
292,AYUDANTE DE PLOMERIA,HONORARIOS - H,DIA - DIA,024 - 024 - PERSONAL OPERATIVO,1.0,0,1.0,True,False,,
293,AYUDANTE DE SOLDADURA,HONORARIOS - H,DIA - DIA,024 - 024 - PERSONAL OPERATIVO,1.0,0,1.0,True,False,,
294,AYUDANTE PRACTICO,NOMINA - N,UNIDAD - UND,024 - 024 - PERSONAL OPERATIVO,1.0,0,1.0,True,False,,
295,BAJALENGUAS,CONSUMIBLES - C,UNIDAD - UND,029 - 029 - SG-SST,1.0,19,1.19,True,False,DIEGO ANDRES RODRIGUEZ RODRIGUEZ,2025-09-15
296,BAJANTE CANAL PVC,MATERIAL - M,UNIDAD - UND,004 - 004 - CUBIERTA Y CANALES,1.0,19,1.19,True,False,MARIA PAULA BALLEN MANOSALVA,2025-07-29
297,BAJANTE EN PVC,MATERIAL - M,METRO LINEAL - ML,012 - 012 - INSTALACIONES HIDRAULICAS,1.0,0,1.0,True,False,,
298,BANCA REF. MIO 5,MATERIAL - M,UNIDAD - UND,008 - 008 - MOBILIARIO URBANO,1.0,19,1.19,True,False,MARIA PAULA BALLEN MANOSALVA,2025-07-29
299,BANDEJA GALVANIZADA TIPO MALLA 150X54,MATERIAL - M,UNIDAD - UND,"014 - 014 - INSTALACIONES ELECTRICAS, VOZ Y DATOS",1.0,19,1.19,True,False,DIEGO ANDRES RODRIGUEZ RODRIGUEZ,2025-09-22
300,BANDEJA GALVANIZADA TIPO MALLA 500X54,MATERIAL - M,UNIDAD - UND,"014 - 014 - INSTALACIONES ELECTRICAS, VOZ Y DATOS",1.0,19,1.19,True,False,DIEGO ANDRES RODRIGUEZ RODRIGUEZ,2025-09-22
301,BANDEJA PARA FIBRA OPTICA 3 PLACAS,MATERIAL - M,METRO - M,"014 - 014 - INSTALACIONES ELECTRICAS, VOZ Y DATOS",1.0,19,1.19,True,False,DIEGO ANDRES RODRIGUEZ RODRIGUEZ,2025-09-22
302,"BANDEJA PORTA EMPALME, PARA FUSION DE HASTA 12 HILOS DE FIBRA OPTICA, APILABLE, EN ALUMINIO, CON TAPA TRANSPARENTE",MATERIAL - M,METRO - M,"014 - 014 - INSTALACIONES ELECTRICAS, VOZ Y DATOS",1.0,19,1.19,True,False,DIEGO ANDRES RODRIGUEZ RODRIGUEZ,2025-09-22
303,"BARANDA EN ACERO INOXIDABLE EN TUBERIA DE 1-1/2"" CON BALAUSTRES HORIZONTALES DE 1/2"" Y ACCESORIOS DE ANCLAJE EN ACERO CROMADO / INOXIDABLE.",MATERIAL - M,METRO - M,018 - 018 - CARPINTERIA METALICA,1.0,0,1.0,True,False,,
304,"BARANDA METALICA EN TUBO METALICO REDONDO ESTRUCTURAL Ø2"" 3MM",MATERIAL - M,METRO - M,018 - 018 - CARPINTERIA METALICA,1.0,0,1.0,True,False,,
305,BARANDA SENCILLA PARA ESCALERA METALICA,MATERIAL - M,METRO - M,018 - 018 - CARPINTERIA METALICA,1.0,0,1.0,True,False,,
306,BARBUQUEJO DE 3 PUNTOS,ELEMEN. PROTECCION - P,UNIDAD - UND,029 - 029 - SG-SST,1.0,0,1.0,True,False,,
307,BARBUQUEJO DE 4 PUNTOS,ELEMEN. PROTECCION - P,UNIDAD - UND,029 - 029 - SG-SST,1.0,0,1.0,True,False,,
308,BARNIZ INTER PINTUCO O SIMILAR,MATERIAL - M,GALON - GAL,017 - 017 - ACABADOS Y PINTURA,1.0,0,1.0,True,False,,
309,"BARRA DE SEGURIDAD PARA DISCAPACITADOS DE 24"" EN ACERO INOXIDABLE",MATERIAL - M,UNIDAD - UND,011 - 011 - GRIFERIA Y APARATOS HIDROSANITARIOS,1.0,0,1.0,True,False,,
310,"BARRA EN ALEACION CROMADA DE 18""",MATERIAL - M,UNIDAD - UND,018 - 018 - CARPINTERIA METALICA,1.0,0,1.0,True,False,,
311,BARRAJE PREMOLDEADO PARA BAJA TENSION SUMERGIBLE 500A-6 PUERTOS,MATERIAL - M,UNIDAD - UND,015 - 015 - REDES ELECTRICAS,1.0,19,1.19,True,False,DIEGO ANDRES RODRIGUEZ RODRIGUEZ,2025-09-22
312,BARRERA ABSORBENTE OLEOFILICA,CONSUMIBLES - C,UNIDAD - UND,029 - 029 - SG-SST,1.0,19,1.19,True,False,DIEGO ANDRES RODRIGUEZ RODRIGUEZ,2025-09-15
313,BARRERRA RELLENABLE VIAL,SEÑALIZACIÓN - Ñ,UNIDAD - UND,029 - 029 - SG-SST,1.0,0,1.0,True,False,,
314,BARRICADA DE OBRA METALICA,SEÑALIZACIÓN - Ñ,UNIDAD - UND,029 - 029 - SG-SST,1.0,0,1.0,True,False,,
315,BASE ACERO INOXIDABLE PUNTA CAPTORA,MATERIAL - M,UNIDAD - UND,003 - 003 - ACEROS Y REFUERZOS METALICO,1.0,0,1.0,True,False,,
316,BASE BG-25,MATERIAL - M,METRO CUBICO - M3,002 - 002 - AGREGADOS PETREOS,1.0,19,1.19,True,False,DIEGO ANDRES RODRIGUEZ RODRIGUEZ,2025-07-29
317,BASE BG-27,MATERIAL - M,METRO CUBICO - M3,002 - 002 - AGREGADOS PETREOS,1.0,19,1.19,True,False,DIEGO ANDRES RODRIGUEZ RODRIGUEZ,2025-07-29
318,BASE BG-38,MATERIAL - M,METRO CUBICO - M3,002 - 002 - AGREGADOS PETREOS,1.0,19,1.19,True,False,DIEGO ANDRES RODRIGUEZ RODRIGUEZ,2025-07-29
319,BASE BG-40,MATERIAL - M,METRO CUBICO - M3,002 - 002 - AGREGADOS PETREOS,1.0,19,1.19,True,False,DIEGO ANDRES RODRIGUEZ RODRIGUEZ,2025-07-29
320,"BASE DE 6"" 2 HILOS PARA DETECTOR",MATERIAL - M,UNIDAD - UND,016 - 016 - REDES CONTRA INCENDIO,1.0,0,1.0,True,False,,
321,BASE GRANULAR BG-A,MATERIAL - M,METRO CUBICO - M3,002 - 002 - AGREGADOS PETREOS,128176.47,19,152530.0,True,False,DIEGO ANDRES RODRIGUEZ RODRIGUEZ,2025-07-29
322,BASE GRANULAR BG-B,MATERIAL - M,METRO CUBICO - M3,002 - 002 - AGREGADOS PETREOS,1.0,19,1.19,True,False,DIEGO ANDRES RODRIGUEZ RODRIGUEZ,2025-07-29
323,BASE GRANULAR BG-C,MATERIAL - M,METRO CUBICO - M3,002 - 002 - AGREGADOS PETREOS,1.0,19,1.19,True,False,DIEGO ANDRES RODRIGUEZ RODRIGUEZ,2025-07-29
324,BASE METALICA DE PISO PARA EXTINTOR,MATERIAL - M,UNIDAD - UND,029 - 029 - SG-SST,1.0,0,1.0,True,False,,
325,BASE SOPORTE UPS 15KVA,MATERIAL - M,UNIDAD - UND,008 - 008 - MOBILIARIO URBANO,1.0,19,1.19,True,False,MARIA PAULA BALLEN MANOSALVA,2025-07-29
326,BASE SOPORTE UPS 5KVA,MATERIAL - M,UNIDAD - UND,008 - 008 - MOBILIARIO URBANO,1.0,19,1.19,True,False,MARIA PAULA BALLEN MANOSALVA,2025-07-29
327,BATERIA AA,CONSUMIBLES - C,UNIDAD - UND,033 - 033 - REPUESTOS E INSUMOS,1.0,19,1.19,True,False,DIEGO ANDRES RODRIGUEZ RODRIGUEZ,2025-09-15
328,BATERIA UPS,CONSUMIBLES - C,UNIDAD - UND,033 - 033 - REPUESTOS E INSUMOS,1.0,19,1.19,True,False,DIEGO ANDRES RODRIGUEZ RODRIGUEZ,2025-09-15
329,"BAYONETA RETENCION 2 MT, ANG. 1/4"" X 21/2""",MATERIAL - M,UNIDAD - UND,015 - 015 - REDES ELECTRICAS,1.0,19,1.19,True,False,DIEGO ANDRES RODRIGUEZ RODRIGUEZ,2025-09-22
330,"BAYONETA SENCILLA 1.5 MT, ANG. 1/4"" X 21/2""",MATERIAL - M,UNIDAD - UND,015 - 015 - REDES ELECTRICAS,1.0,19,1.19,True,False,DIEGO ANDRES RODRIGUEZ RODRIGUEZ,2025-09-22
331,"BISAGRA PUNTA CUADRADA 4""",MATERIAL - M,UNIDAD - UND,019 - 019 - CARPINTERIA MADERA,1.0,0,1.0,True,False,,
332,BISTURI 18MM,CONSUMIBLES - C,UNIDAD - UND,005 - 005 - PAPELERIA,1.0,19,1.19,True,False,MARIA PAULA BALLEN MANOSALVA,2025-07-29
333,BLOQUE DE ARCILLA N°4,MATERIAL - M,UNIDAD - UND,010 - 010 - MAMPOSTERIA,1.0,0,1.0,True,False,,
334,BLOQUE DE ARCILLA N°4 10X20X30CM,MATERIAL - M,UNIDAD - UND,010 - 010 - MAMPOSTERIA,1669.85,0,1669.85,True,False,MARIA PAULA BALLEN MANOSALVA,2025-08-28
335,BLOQUE #4 ESTANDAR 10 X 20 X 30 CM,MATERIAL - M,UNIDAD - UND,010 - 010 - MAMPOSTERIA,2351.25,0,2351.25,True,False,,
336,BLOQUE #5 ESTANDAR 12 X 20 X 30 CM,MATERIAL - M,UNIDAD - UND,010 - 010 - MAMPOSTERIA,2597.43,0,2597.43,True,False,,
337,BLOQUE ABUJARDADO DE CONCRETO 19X19X39,MATERIAL - M,UNIDAD - UND,010 - 010 - MAMPOSTERIA,1.0,0,1.0,True,False,,
338,BLOQUE CONCRETO 10X20X40,MATERIAL - M,UNIDAD - UND,010 - 010 - MAMPOSTERIA,1.0,0,1.0,True,False,,
339,BLOQUE CONCRETO 12X20X40,MATERIAL - M,UNIDAD - UND,010 - 010 - MAMPOSTERIA,1.0,0,1.0,True,False,,
340,BLOQUE CONCRETO 15X20X40,MATERIAL - M,UNIDAD - UND,010 - 010 - MAMPOSTERIA,3773.0,0,3773.0,True,False,,
341,BLOQUE CONCRETO 20X20X40,MATERIAL - M,UNIDAD - UND,010 - 010 - MAMPOSTERIA,1.0,0,1.0,True,False,,
342,BLOQUE DE CONCRETO ABUZARDADO 39X19X12.5,MATERIAL - M,UNIDAD - UND,010 - 010 - MAMPOSTERIA,1.0,0,1.0,True,False,,
343,BLOQUE DE CONCRETO TIPO ADOQUIN COLOR GRIS 6X10X20 CM,MATERIAL - M,UNIDAD - UND,010 - 010 - MAMPOSTERIA,1422.22,0,1422.22,True,False,,
344,BLOQUE LISO 12 GRIS 12X19X39CM,MATERIAL - M,UNIDAD - UND,010 - 010 - MAMPOSTERIA,1.0,0,1.0,True,False,,
345,BLOQUE NO. 5,MATERIAL - M,UNIDAD - UND,010 - 010 - MAMPOSTERIA,2329.0,0,2329.0,True,False,,
346,BLOQUE PERFORACION VERTICAL 33X12X23,MATERIAL - M,UNIDAD - UND,010 - 010 - MAMPOSTERIA,1.0,0,1.0,True,False,,
347,BOBILLO LED 30 W,MATERIAL - M,UNIDAD - UND,"014 - 014 - INSTALACIONES ELECTRICAS, VOZ Y DATOS",1.0,19,1.19,True,False,DIEGO ANDRES RODRIGUEZ RODRIGUEZ,2025-09-22
348,BOLARDO TIPO IDU M-62,MATERIAL - M,UNIDAD - UND,008 - 008 - MOBILIARIO URBANO,1.0,19,1.19,True,False,HENRY DE JESUS TABORDA ZAPATA,2026-07-28
349,BOLSA DE ASEO GRUESA,CONSUMIBLES - C,UNIDAD - UND,027 - 027 - ASEO Y CAFETERIA,1.0,19,1.19,True,False,DIEGO ANDRES RODRIGUEZ RODRIGUEZ,2025-09-15
350,"BOMBA MARCA TACO: SKV1506D, 3450 RPM, 3 HP, DRIVE VOLTAJE: 200-230V / TOREE PASE, MOTOR: PREMIUM EFICIENCIA WATT, NEMA TAYPE 12 / IP 55 (VFD)TEFC (MOTO), COSTAMAR TI WALL MOUNT HEAD = 70.00FT, FLOW = 50.00GPM. INCLUYE TODOS LOS ACCESORIOS.",EQUIPO - E,UNIDAD - UND,012 - 012 - INSTALACIONES HIDRAULICAS,1.0,0,1.0,True,False,,
351,"BOMBA SUMERGIBLE PARA AGUAS RESIDUALES, 2"" HP Y 220V-10AM, 600LPM, HMAX:14.5M. , DIAMETRO SUCCION 2"", IMPULSION 3"". VALVULAS UNIVERSAL PVC DE CORTE POR BOMBA, INTERRUMPTOR FLOTADOR, INCLUYE TODOS LOS ACCESORIOS PVC Y PUESTA EN MARCHA",EQUIPO - E,UNIDAD - UND,012 - 012 - INSTALACIONES HIDRAULICAS,1.0,0,1.0,True,False,HENRY DE JESUS TABORDA ZAPATA,2026-07-29
352,"BOMBA TIPO CAUDAL PARA PASO DE AGUAS LLUVIAS AL TANQUE DE AGUA POTABLE DE 1"" HP Y 220V-5AM, Q=120L/M H.D=47M. , VALVULA DE CHEQUE, VALVULAS UNIVERSAL DE CORTE BOMBA EN PVC, INTERRUMPTOR FLOTADOR, INCLUYE ACCESORIOS PVC-P Y PUESTA EN MARCHA",EQUIPO - E,UNIDAD - UND,012 - 012 - INSTALACIONES HIDRAULICAS,1.0,0,1.0,True,False,,
353,"BREAKER MONOPOLAR ENCHUFABLE, 40 A",MATERIAL - M,UNIDAD - UND,"014 - 014 - INSTALACIONES ELECTRICAS, VOZ Y DATOS",1.0,19,1.19,True,False,DIEGO ANDRES RODRIGUEZ RODRIGUEZ,2025-09-22
354,BOMBILLO DE LED 40 W E 27 LUZ BLANCA,MATERIAL - M,UNIDAD - UND,"014 - 014 - INSTALACIONES ELECTRICAS, VOZ Y DATOS",1.0,19,1.19,True,False,DIEGO ANDRES RODRIGUEZ RODRIGUEZ,2025-09-22
355,BOQUILLA ALFACOLOR,MATERIAL - M,KILOGRAMO - KG,009 - 009 - ENCHAPES,5746.11,19,6837.87,True,False,MARIA PAULA BALLEN MANOSALVA,2025-07-29
356,BOQUILLA LATEX COLOR BLANCO 2KG,MATERIAL - M,UNIDAD - UND,009 - 009 - ENCHAPES,12642.37,19,15044.42,True,False,MARIA PAULA BALLEN MANOSALVA,2026-01-22
357,BORDILLO PREFABRICADO EN CONCRETO 3000 PSI 0.20*0.10* 1.00 MTS,MATERIAL - M,METRO - M,007 - 007 - PREFABRICADOS EN CONCRETO,1.0,0,1.0,True,False,,
358,BORNA TIPO PALA NO 6,MATERIAL - M,UNIDAD - UND,015 - 015 - REDES ELECTRICAS,1.0,19,1.19,True,False,DIEGO ANDRES RODRIGUEZ RODRIGUEZ,2025-09-22
359,BORRADOR DE NATA,CONSUMIBLES - C,UNIDAD - UND,005 - 005 - PAPELERIA,1.0,19,1.19,True,False,MARIA PAULA BALLEN MANOSALVA,2025-07-29
360,BOTAS DE CAUCHO,DOTACION - D,UNIDAD - UND,029 - 029 - SG-SST,1.0,0,1.0,True,False,,
361,BOTAS PUNTA DE ACERO CANA ALTA,DOTACION - D,UNIDAD - UND,029 - 029 - SG-SST,1.0,0,1.0,True,False,,
362,BOTAS DE SEGURIDAD CON PUNTA DE ACERO CAUCHO,DOTACION - D,UNIDAD - UND,029 - 029 - SG-SST,65333.33,0,65333.33,True,False,HERNAN CAMILO GARCIA CONTRERAS,2025-10-17
363,BOTAS PUNTA DE ACERO CORTAS,DOTACION - D,UNIDAD - UND,029 - 029 - SG-SST,1.0,0,1.0,True,False,,
364,BOTELLON DE AGUA,CONSUMIBLES - C,UNIDAD - UND,033 - 033 - REPUESTOS E INSUMOS,1.0,19,1.19,True,False,DIEGO ANDRES RODRIGUEZ RODRIGUEZ,2025-09-15
365,BOTIQUIN DE PRIMEROS AUXILIOS METALICO,ATENCIÓN EMERGENCIA - A,UNIDAD - UND,029 - 029 - SG-SST,1.0,19,1.19,True,False,DIEGO ANDRES RODRIGUEZ RODRIGUEZ,2025-09-15
366,BOTIQUIN DE PRIMEROS AUXILIOS PARA VEHICULO,ATENCIÓN EMERGENCIA - A,UNIDAD - UND,029 - 029 - SG-SST,1.0,19,1.19,True,False,DIEGO ANDRES RODRIGUEZ RODRIGUEZ,2025-09-15
367,BOTIQUIN DE PRIMEROS AUXILIOS TIPO A,ATENCIÓN EMERGENCIA - A,UNIDAD - UND,029 - 029 - SG-SST,115000.0,19,136850.0,True,False,DIEGO ANDRES RODRIGUEZ RODRIGUEZ,2025-09-15
368,BOTIQUIN DE PRIMEROS AUXILIOS TIPO B,ATENCIÓN EMERGENCIA - A,UNIDAD - UND,029 - 029 - SG-SST,288000.23,19,342720.27,True,False,DIEGO ANDRES RODRIGUEZ RODRIGUEZ,2025-09-15
369,BOTIQUIN DE PRIMEROS AUXILIOS TIPO C,ATENCIÓN EMERGENCIA - A,UNIDAD - UND,029 - 029 - SG-SST,1.0,19,1.19,True,False,DIEGO ANDRES RODRIGUEZ RODRIGUEZ,2025-09-15
370,BRAZALETE PARA BRIGADISTA,ATENCIÓN EMERGENCIA - A,UNIDAD - UND,029 - 029 - SG-SST,1.0,19,1.19,True,False,DIEGO ANDRES RODRIGUEZ RODRIGUEZ,2025-09-15
371,BRAZALETE REFLECTIVO PORTA CARNE,ATENCIÓN EMERGENCIA - A,UNIDAD - UND,029 - 029 - SG-SST,1.0,19,1.19,True,False,DIEGO ANDRES RODRIGUEZ RODRIGUEZ,2025-09-15
372,BRAZO ANTIBALANCEO DE 15KV NYLON,MATERIAL - M,UNIDAD - UND,015 - 015 - REDES ELECTRICAS,1.0,19,1.19,True,False,DIEGO ANDRES RODRIGUEZ RODRIGUEZ,2025-09-22
373,BREAKER 1 X 20 AMP DSE LX,MATERIAL - M,UNIDAD - UND,"014 - 014 - INSTALACIONES ELECTRICAS, VOZ Y DATOS",1.0,19,1.19,True,False,DIEGO ANDRES RODRIGUEZ RODRIGUEZ,2025-09-22
374,BREAKER 1 X 30 AMP DSE LX,MATERIAL - M,UNIDAD - UND,"014 - 014 - INSTALACIONES ELECTRICAS, VOZ Y DATOS",14248.0,19,16955.12,True,False,DIEGO ANDRES RODRIGUEZ RODRIGUEZ,2025-09-22
375,"BREAKER MONOPOLAR ENCHUFABLE, 30 A",MATERIAL - M,UNIDAD - UND,"014 - 014 - INSTALACIONES ELECTRICAS, VOZ Y DATOS",11046.42,19,13145.24,True,False,DIEGO ANDRES RODRIGUEZ RODRIGUEZ,2025-09-22
376,BREAKER 3X125A DPX IND LX,MATERIAL - M,UNIDAD - UND,"014 - 014 - INSTALACIONES ELECTRICAS, VOZ Y DATOS",1.0,19,1.19,True,False,DIEGO ANDRES RODRIGUEZ RODRIGUEZ,2025-09-22
377,BREAKER BIPOLAR 2 X 20 A - 10 KA,MATERIAL - M,UNIDAD - UND,015 - 015 - REDES ELECTRICAS,38476.27,19,45786.76,True,False,DIEGO ANDRES RODRIGUEZ RODRIGUEZ,2025-09-22
378,BREAKER DE 1X20 AUP,MATERIAL - M,UNIDAD - UND,"014 - 014 - INSTALACIONES ELECTRICAS, VOZ Y DATOS",1.0,19,1.19,True,False,DIEGO ANDRES RODRIGUEZ RODRIGUEZ,2025-09-22
379,BREAKER DE 1X30A,MATERIAL - M,UNIDAD - UND,"014 - 014 - INSTALACIONES ELECTRICAS, VOZ Y DATOS",1.0,19,1.19,True,False,DIEGO ANDRES RODRIGUEZ RODRIGUEZ,2025-09-22
380,"BREAKER TIPO INDUSTRIAL, FIJO, BIFASICO, 60A",MATERIAL - M,UNIDAD - UND,"014 - 014 - INSTALACIONES ELECTRICAS, VOZ Y DATOS",173809.21,19,206832.96,True,False,DIEGO ANDRES RODRIGUEZ RODRIGUEZ,2025-09-22
381,BREAKER DE RIEL 1X20 AMP,MATERIAL - M,UNIDAD - UND,"014 - 014 - INSTALACIONES ELECTRICAS, VOZ Y DATOS",1.0,19,1.19,True,False,DIEGO ANDRES RODRIGUEZ RODRIGUEZ,2025-09-22
382,BREAKER DE RIEL 2X20 AMP,MATERIAL - M,UNIDAD - UND,"014 - 014 - INSTALACIONES ELECTRICAS, VOZ Y DATOS",1.0,19,1.19,True,False,DIEGO ANDRES RODRIGUEZ RODRIGUEZ,2025-09-22
383,BREAKER DE RIEL 2X30 AMP,MATERIAL - M,UNIDAD - UND,"014 - 014 - INSTALACIONES ELECTRICAS, VOZ Y DATOS",1.0,19,1.19,True,False,DIEGO ANDRES RODRIGUEZ RODRIGUEZ,2025-09-22
384,BREAKER ENCHUFABLE 1X20 AMP,MATERIAL - M,UNIDAD - UND,"014 - 014 - INSTALACIONES ELECTRICAS, VOZ Y DATOS",13800.17,19,16422.2,True,False,DIEGO ANDRES RODRIGUEZ RODRIGUEZ,2025-09-22
385,"BREAKER BIPOLAR ENCHUFABLE, 20A",MATERIAL - M,UNIDAD - UND,"014 - 014 - INSTALACIONES ELECTRICAS, VOZ Y DATOS",32063.99,19,38156.15,True,False,DIEGO ANDRES RODRIGUEZ RODRIGUEZ,2025-09-22
386,BREAKER INDUSTRIAL 3X50 AMPERIOS,MATERIAL - M,UNIDAD - UND,"014 - 014 - INSTALACIONES ELECTRICAS, VOZ Y DATOS",111732.43,19,132961.59,True,False,DIEGO ANDRES RODRIGUEZ RODRIGUEZ,2025-09-22
387,BREAKER INDUSTRIAL GRADUABLE 140 - 200A - 40 KA,MATERIAL - M,UNIDAD - UND,015 - 015 - REDES ELECTRICAS,776387.29,19,923900.88,True,False,DIEGO ANDRES RODRIGUEZ RODRIGUEZ,2025-09-22
388,"BREAKER INSTALACION EN RIEL DE 32 AMP., BIFASICO, HOMOLOGADO",MATERIAL - M,UNIDAD - UND,"014 - 014 - INSTALACIONES ELECTRICAS, VOZ Y DATOS",1.0,19,1.19,True,False,DIEGO ANDRES RODRIGUEZ RODRIGUEZ,2025-09-22
389,"BREAKER MONOPOLAR ENCHUFABLE, 15A",MATERIAL - M,UNIDAD - UND,"014 - 014 - INSTALACIONES ELECTRICAS, VOZ Y DATOS",7387.16,19,8790.72,True,False,JAVIER ORLANDO SANABRIA JIMENEZ,2025-09-24
390,BREAKER MONOPOLAR 1 X 45 A - 10 KA,MATERIAL - M,UNIDAD - UND,015 - 015 - REDES ELECTRICAS,8727.46,19,10385.68,True,False,DIEGO ANDRES RODRIGUEZ RODRIGUEZ,2025-09-22
391,"BRIDA PORTA FLANCHE 2""-1/2 PN-16 PE-100",MATERIAL - M,UNIDAD - UND,012 - 012 - INSTALACIONES HIDRAULICAS,1.0,0,1.0,True,False,,
392,"BRIDA PORTA FLANCHE 4"" PN-16 PE-100",MATERIAL - M,UNIDAD - UND,012 - 012 - INSTALACIONES HIDRAULICAS,1.0,0,1.0,True,False,,
393,"BRIDA RANURADA UL/FM DE 2""-1/2",MATERIAL - M,UNIDAD - UND,012 - 012 - INSTALACIONES HIDRAULICAS,1.0,0,1.0,True,False,,
394,"BRIDA RANURADA UL/FM DE 3""",MATERIAL - M,UNIDAD - UND,012 - 012 - INSTALACIONES HIDRAULICAS,1.0,0,1.0,True,False,,
395,"BRIDA RANURADA UL/FM DE 4""",MATERIAL - M,UNIDAD - UND,012 - 012 - INSTALACIONES HIDRAULICAS,1.0,0,1.0,True,False,,
396,"BRIDA RANURADA UL/FM DE 6""",MATERIAL - M,UNIDAD - UND,012 - 012 - INSTALACIONES HIDRAULICAS,1.0,0,1.0,True,False,,
397,"BROCA TUGSTENO 1/2""",MATERIAL - M,UNIDAD - UND,020 - 020 - FERRETERIA MENOR,17191.0,19,20457.29,True,False,DIEGO ANDRES RODRIGUEZ RODRIGUEZ,2025-09-16
398,"BROCHA CERFA FINA DE 3""",MATERIAL - M,UNIDAD - UND,020 - 020 - FERRETERIA MENOR,4377.45,19,5209.17,True,False,YEFERSON ELIAS DUARTE NIEVES,2025-12-18
399,"BROCHA CERDA FINA DE 4""",MATERIAL - M,UNIDAD - UND,020 - 020 - FERRETERIA MENOR,5833.87,19,6942.31,True,False,DIEGO ANDRES RODRIGUEZ RODRIGUEZ,2025-09-16
400,"BROCHA DE 4"" TIPO ETMA O SIMILAR",MATERIAL - M,UNIDAD - UND,017 - 017 - ACABADOS Y PINTURA,1.0,0,1.0,True,False,,
401,"BUJE SOLDADO SANITARIO 3""X2""",MATERIAL - M,UNIDAD - UND,013 - 013 - INSTALACIONES HIDROSANITARIAS,4144.41,0,4144.41,True,False,,
402,"BUJE SOLDADO SANITARIO 4""X2""",MATERIAL - M,UNIDAD - UND,013 - 013 - INSTALACIONES HIDROSANITARIAS,7000.0,0,7000.0,True,False,,
403,BULLDOZER D-6,EQUIPO - E,HORA - HR,022 - 022 - MAQUINARIA Y EQUIPO,1.0,0,1.0,True,False,,
404,BULLDOZER D6 A21 KOMATSU,EQUIPO - E,HORA - HR,022 - 022 - MAQUINARIA Y EQUIPO,1.0,0,1.0,True,False,,
405,"BULLDOZER, POTENCIA AL VOLANTE DE 305HP, MOTOR 2100 RPM",EQUIPO - E,HORA - HR,022 - 022 - MAQUINARIA Y EQUIPO,1.0,0,1.0,True,False,,
406,BUZON DE SUGERENCIAS,EQUIPO - E,UNIDAD - UND,028 - 028 - EQUIPOS TECNOLOGICOS,1.0,0,1.0,True,False,,
407,"CABALLETE 0,30 X 1,00M",MATERIAL - M,UNIDAD - UND,004 - 004 - CUBIERTA Y CANALES,1.0,19,1.19,True,False,MARIA PAULA BALLEN MANOSALVA,2025-07-29
408,"CABALLETE PRE PINTADO PARA TEJA ARQUITECTONICA, ESPESOR E=0,45 0.60X2.00M",MATERIAL - M,UNIDAD - UND,004 - 004 - CUBIERTA Y CANALES,26408.27,19,31425.84,True,False,MARIA PAULA BALLEN MANOSALVA,2025-07-29
409,CABALLETE ART.SUP. CANALETA C90 ETERNIT,MATERIAL - M,UNIDAD - UND,004 - 004 - CUBIERTA Y CANALES,1.0,19,1.19,True,False,MARIA PAULA BALLEN MANOSALVA,2025-07-29
410,CABALLETE FIBRACEMENTO,MATERIAL - M,UNIDAD - UND,004 - 004 - CUBIERTA Y CANALES,1.0,19,1.19,True,False,MARIA PAULA BALLEN MANOSALVA,2025-07-29
411,"CABALLETE PARA TEJA ARQUITECTONICA, ESPESOR E=0,45 MM",MATERIAL - M,METRO LINEAL - ML,004 - 004 - CUBIERTA Y CANALES,24500.05,19,29155.06,True,False,MARIA PAULA BALLEN MANOSALVA,2025-07-29
412,CABALLETE PARA TEJA DE BARRO,MATERIAL - M,UNIDAD - UND,004 - 004 - CUBIERTA Y CANALES,1.0,19,1.19,True,False,MARIA PAULA BALLEN MANOSALVA,2025-07-29
413,"CABALLETE PARA TEJA TERMOACUSTICA, ESPESOR E=2MM",MATERIAL - M,METRO LINEAL - ML,004 - 004 - CUBIERTA Y CANALES,1.0,19,1.19,True,False,MARIA PAULA BALLEN MANOSALVA,2025-07-29
414,CABALLETE TERMOACUSTICA,MATERIAL - M,UNIDAD - UND,004 - 004 - CUBIERTA Y CANALES,1.0,19,1.19,True,False,MARIA PAULA BALLEN MANOSALVA,2025-07-29
415,CABALLETE PRE PINTADO PARA TEJA MASTER 1000 - CAL.18,MATERIAL - M,METRO LINEAL - ML,004 - 004 - CUBIERTA Y CANALES,1.0,19,1.19,True,False,MARIA PAULA BALLEN MANOSALVA,2025-07-29
416,CABEZAL / TAFILETE PARA CARETA,ELEMEN. PROTECCION - P,UNIDAD - UND,029 - 029 - SG-SST,1.0,0,1.0,True,False,,
417,"CABEZAL DE PRUEBA 4""X2""-1/2X2""-1/2",MATERIAL - M,UNIDAD - UND,016 - 016 - REDES CONTRA INCENDIO,1.0,0,1.0,True,False,,
418,"CABINA PARA PLANTA ELECTRICA CUMMINS C175D6. L:4.21M A:1.37M ALTO:2.17M+TUBO DE ESCAPE. LAMINA GALVANIZADA, PINTURA ELECTROSTATICA VERDE ONAN, LAMINA FIBERGLASS BLACK THEATER DE 4 PULG, INCLUYE: SISTEMA DE ESCAPE MONTADO. NIVEL DE ATENUACION 75DB",EQUIPO - E,UNIDAD - UND,"014 - 014 - INSTALACIONES ELECTRICAS, VOZ Y DATOS",1.0,19,1.19,True,False,DIEGO ANDRES RODRIGUEZ RODRIGUEZ,2025-09-22
419,CABLE 1/0 AWG,MATERIAL - M,METRO - M,015 - 015 - REDES ELECTRICAS,42064.12,19,50056.3,True,False,DIEGO ANDRES RODRIGUEZ RODRIGUEZ,2025-09-22
420,CABLE 2/0 AWG,MATERIAL - M,METRO - M,015 - 015 - REDES ELECTRICAS,1.0,19,1.19,True,False,DIEGO ANDRES RODRIGUEZ RODRIGUEZ,2025-09-22
421,CABLE 2/0 AWG LHZ,MATERIAL - M,METRO - M,015 - 015 - REDES ELECTRICAS,1.0,19,1.19,True,False,DIEGO ANDRES RODRIGUEZ RODRIGUEZ,2025-09-22
422,CABLE 2/0 AWG XLPE 15KV AL 133%,MATERIAL - M,METRO - M,015 - 015 - REDES ELECTRICAS,1.0,19,1.19,True,False,DIEGO ANDRES RODRIGUEZ RODRIGUEZ,2025-09-22
423,CABLE 4/0 AWG,MATERIAL - M,METRO - M,015 - 015 - REDES ELECTRICAS,1.0,19,1.19,True,False,DIEGO ANDRES RODRIGUEZ RODRIGUEZ,2025-09-22
424,CABLE 500 MCM,MATERIAL - M,METRO - M,015 - 015 - REDES ELECTRICAS,1.0,19,1.19,True,False,DIEGO ANDRES RODRIGUEZ RODRIGUEZ,2025-09-22
425,CABLE AISLADO HVC 50 PARA SISTEMA DE APANTALLAMIENTO,MATERIAL - M,METRO - M,015 - 015 - REDES ELECTRICAS,1.0,19,1.19,True,False,DIEGO ANDRES RODRIGUEZ RODRIGUEZ,2025-09-22
426,CABLE ANTIFRAUDE DE 1 X 8 + 8 AWG.,MATERIAL - M,METRO - M,015 - 015 - REDES ELECTRICAS,1.0,19,1.19,True,False,DIEGO ANDRES RODRIGUEZ RODRIGUEZ,2025-09-22
427,CABLE ANTIFRAUDE DE 2 X 8 + 8 AWG.,MATERIAL - M,METRO - M,015 - 015 - REDES ELECTRICAS,29948.23,19,35638.39,True,False,DIEGO ANDRES RODRIGUEZ RODRIGUEZ,2025-09-22
428,CABLE APANTALLADO 4X18 AWG,MATERIAL - M,METRO - M,015 - 015 - REDES ELECTRICAS,1.0,19,1.19,True,False,DIEGO ANDRES RODRIGUEZ RODRIGUEZ,2025-09-22
429,CABLE COBRE 2/0 DESNUDO,MATERIAL - M,METRO - M,015 - 015 - REDES ELECTRICAS,49041.85,19,58359.8,True,False,DIEGO ANDRES RODRIGUEZ RODRIGUEZ,2025-09-22
430,CABLE CU THHN 10 AWG NEGRO LIBRE DE HALOGENO,MATERIAL - M,METRO - M,015 - 015 - REDES ELECTRICAS,1.0,19,1.19,True,False,DIEGO ANDRES RODRIGUEZ RODRIGUEZ,2025-09-22
431,CABLE CU THHN 12 AWG NEGRO LIBRE DE HALOGENO,MATERIAL - M,METRO - M,015 - 015 - REDES ELECTRICAS,1.0,19,1.19,True,False,DIEGO ANDRES RODRIGUEZ RODRIGUEZ,2025-09-22
432,"CABLE DE ACERO GALVANIZADO TIPO SUPER RESISTENTE PARA TEMPLETE DE 3/8""",MATERIAL - M,METRO LINEAL - ML,015 - 015 - REDES ELECTRICAS,4575.1,19,5444.37,True,False,DIEGO ANDRES RODRIGUEZ RODRIGUEZ,2025-09-22
433,"CABLE DE ACERO GALVANIZADO TIPO SUPER RESISTENTE PARA TEMPLETE DE 5/16""",MATERIAL - M,METRO LINEAL - ML,015 - 015 - REDES ELECTRICAS,1.0,19,1.19,True,False,DIEGO ANDRES RODRIGUEZ RODRIGUEZ,2025-09-22
434,CABLE DE ALUMINIO AISLADO NO. 6 THHN,MATERIAL - M,METRO - M,015 - 015 - REDES ELECTRICAS,1.0,19,1.19,True,False,DIEGO ANDRES RODRIGUEZ RODRIGUEZ,2025-09-22
435,CINTA MULTISEAL BITUMINOSA AUTOADHESIVA IMPERMEABILIZANTE ALUMINIO 15 1.2MM 15CMX10M,MATERIAL - M,ROLLO - ROLL,004 - 004 - CUBIERTA Y CANALES,78210.99,19,93071.08,True,False,MARIA PAULA BALLEN MANOSALVA,2025-07-29
436,CABLE DE COBRE # 12 LIBRE DE HALOGENO X 100MTS,MATERIAL - M,UNIDAD - UND,015 - 015 - REDES ELECTRICAS,156646.43,19,186409.25,True,False,MARIA PAULA BALLEN MANOSALVA,2026-06-09
437,CABLE DE COBRE AISLADO THHN NO. 2 AWG,MATERIAL - M,METRO - M,015 - 015 - REDES ELECTRICAS,1.0,19,1.19,True,False,DIEGO ANDRES RODRIGUEZ RODRIGUEZ,2025-09-22
438,CABLE DE COBRE AISLADO THHN NO. 2/0 AWG,MATERIAL - M,METRO - M,015 - 015 - REDES ELECTRICAS,1.0,19,1.19,True,False,DIEGO ANDRES RODRIGUEZ RODRIGUEZ,2025-09-22
439,CABLE DE COBRE AISLADO THHN NO. 4 AWG,MATERIAL - M,METRO - M,015 - 015 - REDES ELECTRICAS,1.0,19,1.19,True,False,DIEGO ANDRES RODRIGUEZ RODRIGUEZ,2025-09-22
440,CABLE DE COBRE CALIBRE 2 COLOR NEGRO,MATERIAL - M,METRO - M,015 - 015 - REDES ELECTRICAS,24090.22,19,28667.36,True,False,DIEGO ANDRES RODRIGUEZ RODRIGUEZ,2025-09-22
441,CABLE DE COBRE CALIBRE 2/0 COLOR NEGRO,MATERIAL - M,METRO - M,015 - 015 - REDES ELECTRICAS,51612.29,19,61418.63,True,False,DIEGO ANDRES RODRIGUEZ RODRIGUEZ,2025-09-22
442,CABLE DE COBRE DESNUDO N° 2 AWG,MATERIAL - M,METRO - M,015 - 015 - REDES ELECTRICAS,22685.83,19,26996.14,True,False,DIEGO ANDRES RODRIGUEZ RODRIGUEZ,2025-09-22
443,CABLE DE COBRE DESNUDO N° 4 AWG,MATERIAL - M,METRO - M,015 - 015 - REDES ELECTRICAS,14994.0,19,17842.86,True,False,DIEGO ANDRES RODRIGUEZ RODRIGUEZ,2025-09-22
444,CABLE DE COBRE DESNUDO N° 6 AWG,MATERIAL - M,METRO - M,015 - 015 - REDES ELECTRICAS,8734.6,19,10394.17,True,False,DIEGO ANDRES RODRIGUEZ RODRIGUEZ,2025-09-22
445,CABLE DE COBRE DESNUDO N° 8 AWG,MATERIAL - M,METRO - M,015 - 015 - REDES ELECTRICAS,6091.3,19,7248.65,True,False,DIEGO ANDRES RODRIGUEZ RODRIGUEZ,2025-09-22
446,CABLE ENCAUCHETADO 12X12 (THHN) AWG,MATERIAL - M,METRO - M,015 - 015 - REDES ELECTRICAS,1.0,19,1.19,True,False,DIEGO ANDRES RODRIGUEZ RODRIGUEZ,2025-09-22
447,CABLE ENCAUCHETADO 2X16 AWG,MATERIAL - M,METRO - M,015 - 015 - REDES ELECTRICAS,1.0,19,1.19,True,False,DIEGO ANDRES RODRIGUEZ RODRIGUEZ,2025-09-22
448,CABLE ENCAUCHETADO 3X1/0 CU,MATERIAL - M,METRO - M,015 - 015 - REDES ELECTRICAS,1.0,19,1.19,True,False,DIEGO ANDRES RODRIGUEZ RODRIGUEZ,2025-09-22
449,CABLE ENCAUCHETADO 3X12 AWG,MATERIAL - M,METRO - M,015 - 015 - REDES ELECTRICAS,7764.1,19,9239.28,True,False,DIEGO ANDRES RODRIGUEZ RODRIGUEZ,2025-09-22
450,CABLE ENCAUCHETADO 3X14 AWG,MATERIAL - M,METRO - M,015 - 015 - REDES ELECTRICAS,4795.25,0,4795.25,True,False,EDIER JAFETH MARIOTTA PADILLA,2025-10-09
451,CABLE ENCAUCHETADO 3X16 AWG,MATERIAL - M,METRO - M,015 - 015 - REDES ELECTRICAS,6581.25,19,7831.69,True,False,DIEGO ANDRES RODRIGUEZ RODRIGUEZ,2025-09-22
452,"CABLE DE ACERO GALVANIZADO TIPO SUPER RESISTENTE PARA TEMPLETE DE 1/4""",MATERIAL - M,METRO - M,015 - 015 - REDES ELECTRICAS,1968.36,19,2342.35,True,False,DIEGO ANDRES RODRIGUEZ RODRIGUEZ,2025-09-22
453,CABLE UTP CAT 6A,MATERIAL - M,METRO - M,015 - 015 - REDES ELECTRICAS,1116.82,19,1329.02,True,False,HENRY DE JESUS TABORDA ZAPATA,2026-07-30
454,CABLE MULTICONTROL 12X(12AWG),MATERIAL - M,METRO - M,015 - 015 - REDES ELECTRICAS,1.0,19,1.19,True,False,DIEGO ANDRES RODRIGUEZ RODRIGUEZ,2025-09-22
455,CABLE NO. 10 AWG,MATERIAL - M,METRO - M,015 - 015 - REDES ELECTRICAS,1.0,19,1.19,True,False,DIEGO ANDRES RODRIGUEZ RODRIGUEZ,2025-09-22
456,CABLE NO. 10 LHZ,MATERIAL - M,METRO - M,015 - 015 - REDES ELECTRICAS,1.0,19,1.19,True,False,DIEGO ANDRES RODRIGUEZ RODRIGUEZ,2025-09-22
457,CABLE NO. 12 AWG,MATERIAL - M,METRO - M,015 - 015 - REDES ELECTRICAS,2847.03,19,3387.97,True,False,DIEGO ANDRES RODRIGUEZ RODRIGUEZ,2025-09-22
458,CABLE NO. 12 LHZ,MATERIAL - M,METRO - M,015 - 015 - REDES ELECTRICAS,1.0,19,1.19,True,False,DIEGO ANDRES RODRIGUEZ RODRIGUEZ,2025-09-22
459,CABLE NO. 2 AWG,MATERIAL - M,METRO - M,015 - 015 - REDES ELECTRICAS,1.0,19,1.19,True,False,DIEGO ANDRES RODRIGUEZ RODRIGUEZ,2025-09-22
460,CABLE NO. 2 LHZ,MATERIAL - M,METRO - M,015 - 015 - REDES ELECTRICAS,1.0,19,1.19,True,False,DIEGO ANDRES RODRIGUEZ RODRIGUEZ,2025-09-22
461,CABLE NO. 4 LHZ,MATERIAL - M,METRO - M,015 - 015 - REDES ELECTRICAS,1.0,19,1.19,True,False,DIEGO ANDRES RODRIGUEZ RODRIGUEZ,2025-09-22
462,CABLE NO. 6 AWG,MATERIAL - M,METRO - M,015 - 015 - REDES ELECTRICAS,1.0,19,1.19,True,False,DIEGO ANDRES RODRIGUEZ RODRIGUEZ,2025-09-22
463,CABLE NO. 6 LHZ,MATERIAL - M,METRO - M,015 - 015 - REDES ELECTRICAS,1.0,19,1.19,True,False,DIEGO ANDRES RODRIGUEZ RODRIGUEZ,2025-09-22
464,CABLE NO. 8 LHZ,MATERIAL - M,METRO - M,015 - 015 - REDES ELECTRICAS,1.0,19,1.19,True,False,DIEGO ANDRES RODRIGUEZ RODRIGUEZ,2025-09-22
465,CABLE RG6,MATERIAL - M,METRO - M,015 - 015 - REDES ELECTRICAS,1.0,19,1.19,True,False,DIEGO ANDRES RODRIGUEZ RODRIGUEZ,2025-09-22
466,CABLE SOLAR CALIBRE 10AWG (6MM),MATERIAL - M,METRO - M,015 - 015 - REDES ELECTRICAS,1.0,19,1.19,True,False,DIEGO ANDRES RODRIGUEZ RODRIGUEZ,2025-09-22
467,CABLE TIPO ENCAUCHETADO 3X8 AWG,MATERIAL - M,METRO - M,015 - 015 - REDES ELECTRICAS,14792.89,19,17603.54,True,False,DIEGO ANDRES RODRIGUEZ RODRIGUEZ,2025-09-22
468,CABLE TRENZADO CUADRUPLEX EN ALUMINIO 3N° 2 + 1N° 1/0 AWG,MATERIAL - M,METRO - M,015 - 015 - REDES ELECTRICAS,1.0,19,1.19,True,False,DIEGO ANDRES RODRIGUEZ RODRIGUEZ,2025-09-22
469,CABLE TRENZADO CUADRUPLEX EN ALUMINIO 3N° 2/0 + 1N° 1/0 AWG,MATERIAL - M,METRO - M,015 - 015 - REDES ELECTRICAS,1.0,19,1.19,True,False,DIEGO ANDRES RODRIGUEZ RODRIGUEZ,2025-09-22
470,CABLE UTP ENCAUCHETADO CAT 6. 4 PARES 8 HILOS,MATERIAL - M,METRO - M,"014 - 014 - INSTALACIONES ELECTRICAS, VOZ Y DATOS",1191.71,19,1418.13,True,False,DIEGO ANDRES RODRIGUEZ RODRIGUEZ,2025-09-22
471,CABLE UTP ENCAUCHETADO CAT. 6A.,MATERIAL - M,METRO - M,"014 - 014 - INSTALACIONES ELECTRICAS, VOZ Y DATOS",3101.78,19,3691.12,True,False,DIEGO ANDRES RODRIGUEZ RODRIGUEZ,2025-09-22
472,CABLE XLPE-TK ACSR 2 15 KV (CABLE ECOLOGICO),MATERIAL - M,METRO - M,015 - 015 - REDES ELECTRICAS,8403.45,19,10000.11,True,False,DIEGO ANDRES RODRIGUEZ RODRIGUEZ,2025-09-22
473,CABLE XLPE-TK ACSR 2/0 35 KV (CABLE ECOLOGICO),MATERIAL - M,METRO - M,015 - 015 - REDES ELECTRICAS,1.0,19,1.19,True,False,DIEGO ANDRES RODRIGUEZ RODRIGUEZ,2025-09-22
474,"CABLE XLPE-TK ACSR 336,4 35 KV (CABLE ECOLOGICO)",MATERIAL - M,METRO - M,015 - 015 - REDES ELECTRICAS,1.0,19,1.19,True,False,DIEGO ANDRES RODRIGUEZ RODRIGUEZ,2025-09-22
475,CABLE XLPE-TK ACSR 4/0 35 KV (CABLE ECOLOGICO),MATERIAL - M,METRO - M,015 - 015 - REDES ELECTRICAS,1.0,19,1.19,True,False,DIEGO ANDRES RODRIGUEZ RODRIGUEZ,2025-09-22
476,CABLE-N-2/0-THHN/THWN-CENTELFLEX,MATERIAL - M,METRO - M,015 - 015 - REDES ELECTRICAS,1.0,19,1.19,True,False,DIEGO ANDRES RODRIGUEZ RODRIGUEZ,2025-09-22
477,CABLE-N-3X12-ENCAUCHETADO,MATERIAL - M,METRO - M,015 - 015 - REDES ELECTRICAS,6875.82,19,8182.23,True,False,DIEGO ANDRES RODRIGUEZ RODRIGUEZ,2025-09-22
478,CABLE-N-6-THHN/THWN,MATERIAL - M,METRO - M,015 - 015 - REDES ELECTRICAS,1.0,19,1.19,True,False,DIEGO ANDRES RODRIGUEZ RODRIGUEZ,2025-09-22
479,CADDY SPEED LINK SLK CON LAZO,MATERIAL - M,UNIDAD - UND,"014 - 014 - INSTALACIONES ELECTRICAS, VOZ Y DATOS",21599.69,19,25703.63,True,False,DIEGO ANDRES RODRIGUEZ RODRIGUEZ,2025-09-22
480,CADENA PVC,SEÑALIZACIÓN - Ñ,UNIDAD - UND,029 - 029 - SG-SST,1.0,0,1.0,True,False,,
481,CADENERO,NOMINA - N,MES - MS,025 - 025 - PERSONAL ADMINISTRATIVO,1.0,0,1.0,True,False,,
482,CADENERO 1,NOMINA - N,UNIDAD - UND,024 - 024 - PERSONAL OPERATIVO,1.0,0,1.0,True,False,,
483,CADENERO 2,NOMINA - N,UNIDAD - UND,024 - 024 - PERSONAL OPERATIVO,1.0,0,1.0,True,False,,
484,CAFE TOSTADO * 1000 GR,CONSUMIBLES - C,UNIDAD - UND,027 - 027 - ASEO Y CAFETERIA,1.0,19,1.19,True,False,DIEGO ANDRES RODRIGUEZ RODRIGUEZ,2025-09-15
485,CAFETERA,EQUIPO - E,UNIDAD - UND,008 - 008 - MOBILIARIO URBANO,1.0,19,1.19,True,False,MARIA PAULA BALLEN MANOSALVA,2025-07-29
486,CAJA DE DERIVACION EN POLICARBONATO TRIFASICA 9 USUARIOS TIPO RESORTADA,MATERIAL - M,UNIDAD - UND,015 - 015 - REDES ELECTRICAS,1.0,19,1.19,True,False,DIEGO ANDRES RODRIGUEZ RODRIGUEZ,2025-09-22
487,CAJA 2 X 4 PVC IMEC TIPO PESADO,MATERIAL - M,UNIDAD - UND,"014 - 014 - INSTALACIONES ELECTRICAS, VOZ Y DATOS",1.0,19,1.19,True,False,DIEGO ANDRES RODRIGUEZ RODRIGUEZ,2025-09-22
488,CAJA 2X4 PVC,MATERIAL - M,UNIDAD - UND,"014 - 014 - INSTALACIONES ELECTRICAS, VOZ Y DATOS",443.0,19,527.17,True,False,DIEGO ANDRES RODRIGUEZ RODRIGUEZ,2025-09-22
489,CAJA 2X4 PVC SCH40 - CAJA PVC 5800,MATERIAL - M,UNIDAD - UND,"014 - 014 - INSTALACIONES ELECTRICAS, VOZ Y DATOS",1348.57,19,1604.8,True,False,HERNAN CAMILO GARCIA CONTRERAS,2025-10-16
490,CAJA 2X4 RAWELL,MATERIAL - M,UNIDAD - UND,"014 - 014 - INSTALACIONES ELECTRICAS, VOZ Y DATOS",1.0,19,1.19,True,False,DIEGO ANDRES RODRIGUEZ RODRIGUEZ,2025-09-22
491,CAJA DE 4*2 GALVANIZADA,MATERIAL - M,UNIDAD - UND,"014 - 014 - INSTALACIONES ELECTRICAS, VOZ Y DATOS",2214.42,19,2635.16,True,False,DIEGO ANDRES RODRIGUEZ RODRIGUEZ,2025-09-22
492,CAJA DE CONTROL PARA VENTILADOR INSTITUCIONAL,EQUIPO - E,UNIDAD - UND,026 - 026 - EQUIPOS ESPECIALIZADOS,1.0,0,1.0,True,False,,
493,CAJA DE DERIVACION EN POLICARBONATO PARA 4 USUARIOS TIPO RESORTADA,MATERIAL - M,UNIDAD - UND,015 - 015 - REDES ELECTRICAS,1.0,19,1.19,True,False,DIEGO ANDRES RODRIGUEZ RODRIGUEZ,2025-09-22
494,CAJA DE INSPECCION EN POLIPROPILENO DE 30 X 30 CM.,MATERIAL - M,UNIDAD - UND,"014 - 014 - INSTALACIONES ELECTRICAS, VOZ Y DATOS",1.0,19,1.19,True,False,DIEGO ANDRES RODRIGUEZ RODRIGUEZ,2025-09-22
495,CAJA DE PASO CONCENTRADORA DE STRINGS,MATERIAL - M,UNIDAD - UND,"014 - 014 - INSTALACIONES ELECTRICAS, VOZ Y DATOS",1.0,19,1.19,True,False,DIEGO ANDRES RODRIGUEZ RODRIGUEZ,2025-09-22
496,"CAJA DE PROTECCION DC QUE INCLUYE CAJA, 4 BREAKERS BIPOLARES DE DC DE 20A Y ESPACIO PARA 4 DPS",MATERIAL - M,UNIDAD - UND,"014 - 014 - INSTALACIONES ELECTRICAS, VOZ Y DATOS",1.0,19,1.19,True,False,DIEGO ANDRES RODRIGUEZ RODRIGUEZ,2025-09-22
497,CAJA EMPALME EN EMT,MATERIAL - M,UNIDAD - UND,"014 - 014 - INSTALACIONES ELECTRICAS, VOZ Y DATOS",1.0,19,1.19,True,False,DIEGO ANDRES RODRIGUEZ RODRIGUEZ,2025-09-22
498,"CAJA INSPECCION TIERRAS 0.3 X 0.3 X 0.6 MT, CON TAPA",MATERIAL - M,UNIDAD - UND,015 - 015 - REDES ELECTRICAS,55227.0,19,65720.13,True,False,DIEGO ANDRES RODRIGUEZ RODRIGUEZ,2025-09-22
499,CAJA INTEMPERIE 10X10X4 IP55,MATERIAL - M,UNIDAD - UND,"014 - 014 - INSTALACIONES ELECTRICAS, VOZ Y DATOS",1.0,19,1.19,True,False,DIEGO ANDRES RODRIGUEZ RODRIGUEZ,2025-09-22
500,CAJA LUMINEX 12CTOS TRIFASICA C/P,MATERIAL - M,UNIDAD - UND,"014 - 014 - INSTALACIONES ELECTRICAS, VOZ Y DATOS",1.0,19,1.19,True,False,DIEGO ANDRES RODRIGUEZ RODRIGUEZ,2025-09-22
501,CAJA OCTOGONAL RAWELL,MATERIAL - M,UNIDAD - UND,"014 - 014 - INSTALACIONES ELECTRICAS, VOZ Y DATOS",1.0,19,1.19,True,False,DIEGO ANDRES RODRIGUEZ RODRIGUEZ,2025-09-22
502,CAJA PARA BREAKER DE RIEL DE 12 CIRCUITOS,MATERIAL - M,UNIDAD - UND,"014 - 014 - INSTALACIONES ELECTRICAS, VOZ Y DATOS",1.0,19,1.19,True,False,DIEGO ANDRES RODRIGUEZ RODRIGUEZ,2025-09-22
503,CAJA PARA CONTADOR BIFASICO NORMALIZADO CODENSA CON PIN DE CORTE.,MATERIAL - M,UNIDAD - UND,"014 - 014 - INSTALACIONES ELECTRICAS, VOZ Y DATOS",1.0,19,1.19,True,False,DIEGO ANDRES RODRIGUEZ RODRIGUEZ,2025-09-22
504,CAJA PARA LLAVE 15X11X7,MATERIAL - M,UNIDAD - UND,"014 - 014 - INSTALACIONES ELECTRICAS, VOZ Y DATOS",1.0,19,1.19,True,False,DIEGO ANDRES RODRIGUEZ RODRIGUEZ,2025-09-22
505,CAJA TERMOPLASTICA 22X17X14CM,MATERIAL - M,UNIDAD - UND,"014 - 014 - INSTALACIONES ELECTRICAS, VOZ Y DATOS",1.0,19,1.19,True,False,DIEGO ANDRES RODRIGUEZ RODRIGUEZ,2025-09-22
506,CAJA TERMOPLASTICA DE PASO PARA CABLEADO DE DC,MATERIAL - M,UNIDAD - UND,"014 - 014 - INSTALACIONES ELECTRICAS, VOZ Y DATOS",1.0,19,1.19,True,False,DIEGO ANDRES RODRIGUEZ RODRIGUEZ,2025-09-22
507,CAJAS DE ARCHIVO,EQUIPO - E,UNIDAD - UND,005 - 005 - PAPELERIA,1.0,19,1.19,True,False,MARIA PAULA BALLEN MANOSALVA,2025-07-29
508,CABLE-N-4-THHN/THWN,MATERIAL - M,METRO - M,015 - 015 - REDES ELECTRICAS,1.0,19,1.19,True,False,DIEGO ANDRES RODRIGUEZ RODRIGUEZ,2025-09-22
509,CALCULADORA,CONSUMIBLES - C,UNIDAD - UND,005 - 005 - PAPELERIA,1.0,19,1.19,True,False,MARIA PAULA BALLEN MANOSALVA,2025-07-29
510,CAMIBUSO AZUL OSCURO,DOTACION - D,UNIDAD - UND,029 - 029 - SG-SST,1.0,0,1.0,True,False,,
511,CAMILLA DE EMERGENCIAS CON ARNES,ATENCIÓN EMERGENCIA - A,UNIDAD - UND,029 - 029 - SG-SST,189225.18,19,225177.96,True,False,DIEGO ANDRES RODRIGUEZ RODRIGUEZ,2025-09-15
512,CAMION 3.5 TONELADAS,TRANSPORTE - T,UNIDAD - UND,022 - 022 - MAQUINARIA Y EQUIPO,1.0,19,1.19,True,False,DIEGO ANDRES RODRIGUEZ RODRIGUEZ,2025-09-16
513,CAMION GRUA CAPACIDAD 5 TON,EQUIPO - E,HORA - HR,022 - 022 - MAQUINARIA Y EQUIPO,1.0,0,1.0,True,False,,
514,CAMIONETA,TRANSPORTE - T,UNIDAD - UND,022 - 022 - MAQUINARIA Y EQUIPO,1.0,19,1.19,True,False,DIEGO ANDRES RODRIGUEZ RODRIGUEZ,2025-09-16
515,CAMIONETA DE ESTACAS 4X4,EQUIPO - E,HORA - HR,022 - 022 - MAQUINARIA Y EQUIPO,1.0,0,1.0,True,False,,
516,CAMISA MANGA LARGA JEAN AZUL,DOTACION - D,UNIDAD - UND,029 - 029 - SG-SST,30000.0,0,30000.0,True,False,,
517,CAMISA MANGA LARGA TIPO OXFORD BLANCA,DOTACION - D,UNIDAD - UND,029 - 029 - SG-SST,1.0,0,1.0,True,False,,
518,CAMISA TIPO POLO AZUL OSCURO,DOTACION - D,UNIDAD - UND,029 - 029 - SG-SST,1.0,0,1.0,True,False,,
519,CAMISA TIPO POLO BLANCA,ELEMEN. PROTECCION - P,UNIDAD - UND,029 - 029 - SG-SST,1.0,0,1.0,True,False,,
520,CAMPANA EXTRACTORA EN ACERO INOXIDABLE,MATERIAL - M,UNIDAD - UND,018 - 018 - CARPINTERIA METALICA,1.0,0,1.0,True,False,,
521,"CAMPANA PVC 1""",MATERIAL - M,UNIDAD - UND,"014 - 014 - INSTALACIONES ELECTRICAS, VOZ Y DATOS",1.0,19,1.19,True,False,DIEGO ANDRES RODRIGUEZ RODRIGUEZ,2025-09-22
522,"CAMPANA PVC 2""",MATERIAL - M,UNIDAD - UND,"014 - 014 - INSTALACIONES ELECTRICAS, VOZ Y DATOS",1.0,19,1.19,True,False,DIEGO ANDRES RODRIGUEZ RODRIGUEZ,2025-09-22
523,"CAMPANA PVC 4""",MATERIAL - M,UNIDAD - UND,"014 - 014 - INSTALACIONES ELECTRICAS, VOZ Y DATOS",1.0,19,1.19,True,False,DIEGO ANDRES RODRIGUEZ RODRIGUEZ,2025-09-22
524,"CAMPANA PVC 6""",MATERIAL - M,UNIDAD - UND,"014 - 014 - INSTALACIONES ELECTRICAS, VOZ Y DATOS",1.0,19,1.19,True,False,DIEGO ANDRES RODRIGUEZ RODRIGUEZ,2025-09-22
526,"CANAL B 9CM X 2,44M CAL.26",MATERIAL - M,UNIDAD - UND,003 - 003 - ACEROS Y REFUERZOS METALICO,1.0,0,1.0,True,False,,
527,CANAL EN BARRA PERFORADA,MATERIAL - M,UNIDAD - UND,"014 - 014 - INSTALACIONES ELECTRICAS, VOZ Y DATOS",107999.64,19,128519.57,True,False,DIEGO ANDRES RODRIGUEZ RODRIGUEZ,2025-09-22
528,CANAL PVC,MATERIAL - M,METRO - M,004 - 004 - CUBIERTA Y CANALES,1.0,19,1.19,True,False,MARIA PAULA BALLEN MANOSALVA,2025-07-29
529,CANALETA PLASTICA 100X45 POR 2 MTS,MATERIAL - M,UNIDAD - UND,"014 - 014 - INSTALACIONES ELECTRICAS, VOZ Y DATOS",51476.42,19,61256.94,True,False,DIEGO ANDRES RODRIGUEZ RODRIGUEZ,2025-09-22
530,JUEGO DE CANASTILLA DE DESAGUE PARA LAVAPLATOS,MATERIAL - M,UNIDAD - UND,011 - 011 - GRIFERIA Y APARATOS HIDROSANITARIOS,11243.87,19,13380.21,True,False,DIEGO ANDRES RODRIGUEZ RODRIGUEZ,2025-09-09
531,CANECA TIPO BARCELONA GRANDE INSTALADA,MATERIAL - M,UNIDAD - UND,008 - 008 - MOBILIARIO URBANO,1.0,19,1.19,True,False,MARIA PAULA BALLEN MANOSALVA,2025-07-29
532,CANILLERA EN CARNAZA,ELEMEN. PROTECCION - P,UNIDAD - UND,029 - 029 - SG-SST,1.0,0,1.0,True,False,,
533,"CANUELA EN ALUMINIO + POLIURETANO INYECTADO 1-1/2""",MATERIAL - M,UNIDAD - UND,015 - 015 - REDES ELECTRICAS,1.0,19,1.19,True,False,DIEGO ANDRES RODRIGUEZ RODRIGUEZ,2025-09-22
534,"CAPACETE PARA TUBO CONDUIT DE 3/4""",MATERIAL - M,UNIDAD - UND,015 - 015 - REDES ELECTRICAS,1.0,19,1.19,True,False,DIEGO ANDRES RODRIGUEZ RODRIGUEZ,2025-09-22
535,CAPACETE ROSCADO EN ALUMINIO PARA TUBERIA IMC DE 2,MATERIAL - M,UNIDAD - UND,015 - 015 - REDES ELECTRICAS,35350.89,19,42067.56,True,False,DIEGO ANDRES RODRIGUEZ RODRIGUEZ,2025-09-22
536,CAPATAZ ELECTRICO,HONORARIOS - H,UNIDAD - UND,024 - 024 - PERSONAL OPERATIVO,1.0,0,1.0,True,False,,
537,CAPUCHON,ELEMEN. PROTECCION - P,UNIDAD - UND,029 - 029 - SG-SST,1.0,0,1.0,True,False,,
538,CAPUCHON PARA SELLAR PUNTA DE CABLE 2- 4/0 EN FRIO RED TRENZADA,MATERIAL - M,UNIDAD - UND,015 - 015 - REDES ELECTRICAS,1.0,19,1.19,True,False,DIEGO ANDRES RODRIGUEZ RODRIGUEZ,2025-09-22
539,CAPUCHON PARA TORNILLERIA Y CUBIERTA,MATERIAL - M,UNIDAD - UND,004 - 004 - CUBIERTA Y CANALES,1.0,19,1.19,True,False,MARIA PAULA BALLEN MANOSALVA,2025-07-29
540,CARACTERIZACION VIAL,DISEÑO-CONSULTORIA - F,UNIDAD - UND,040 - 040 - DISEÑOS Y CONSULTORIAS,1.0,0,1.0,True,False,,
541,CARETA DE SOLDADURA,ELEMEN. PROTECCION - P,UNIDAD - UND,029 - 029 - SG-SST,1.0,0,1.0,True,False,,
542,"CARGA FULM.FUERTE+CLAVO 5/16"" B.VEL 1""",MATERIAL - M,UNIDAD - UND,001 - 001 - ADHESIVOS Y ADITIVOS,1.0,19,1.19,True,False,DIEGO ANDRES RODRIGUEZ RODRIGUEZ,2025-07-29
543,CARGA SOLDADURA CADWELD 115 GRAMOS,MATERIAL - M,UNIDAD - UND,015 - 015 - REDES ELECTRICAS,1.0,19,1.19,True,False,DIEGO ANDRES RODRIGUEZ RODRIGUEZ,2025-09-22
544,CARGADOR 2 YARDAS,EQUIPO - E,HORA - HR,022 - 022 - MAQUINARIA Y EQUIPO,1.0,0,1.0,True,False,,
545,"CARGADOR. POTENCIA 110 HP, RPM 2300",EQUIPO - E,HORA - HR,022 - 022 - MAQUINARIA Y EQUIPO,1.0,0,1.0,True,False,,
546,CARNAZA,MATERIAL - M,KILOGRAMO - KG,020 - 020 - FERRETERIA MENOR,1.0,19,1.19,True,False,DIEGO ANDRES RODRIGUEZ RODRIGUEZ,2025-09-16
547,CARPA PLASTICA 7.00M X 6.00M,MATERIAL - M,UNIDAD - UND,029 - 029 - SG-SST,6072570.0,0,6072570.0,True,False,JAVIER ORLANDO SANABRIA JIMENEZ,2026-05-26
548,CARPETA 4 ALAS BLANCO,CONSUMIBLES - C,UNIDAD - UND,005 - 005 - PAPELERIA,1.0,19,1.19,True,False,MARIA PAULA BALLEN MANOSALVA,2025-07-29
549,CARPETA DE FOLDER,CONSUMIBLES - C,UNIDAD - UND,005 - 005 - PAPELERIA,1.0,19,1.19,True,False,MARIA PAULA BALLEN MANOSALVA,2025-07-29
550,CARPETAS DE YUTE,EQUIPO - E,UNIDAD - UND,005 - 005 - PAPELERIA,1.0,19,1.19,True,False,MARIA PAULA BALLEN MANOSALVA,2025-07-29
551,CARRO CANASTA,TRANSPORTE - T,UNIDAD - UND,022 - 022 - MAQUINARIA Y EQUIPO,1.0,19,1.19,True,False,DIEGO ANDRES RODRIGUEZ RODRIGUEZ,2025-09-16
552,CARROTANQUE DE AGUA (1000 GAL),EQUIPO - E,HORA - HR,022 - 022 - MAQUINARIA Y EQUIPO,1.0,0,1.0,True,False,,
553,CARROTANQUE DE AGUA-5 M3,EQUIPO - E,HORA - HR,022 - 022 - MAQUINARIA Y EQUIPO,1.0,0,1.0,True,False,,
554,CASCO DE SEGURIDAD CERTIFICADO TIPO 1 CLASE E CREMALLERA - AMARILLO,ELEMEN. PROTECCION - P,UNIDAD - UND,029 - 029 - SG-SST,18076.92,0,18076.92,True,False,DIEGO ANDRES RODRIGUEZ RODRIGUEZ,2025-07-07
555,CASCO DE SEGURIDAD CERTIFICADO TIPO 1 CLASE E - BLANCO TIPO SAFARI AJUSTE RATCHET,ELEMEN. PROTECCION - P,UNIDAD - UND,029 - 029 - SG-SST,30474.2,0,30474.2,True,False,DIEGO ANDRES RODRIGUEZ RODRIGUEZ,2025-07-07
556,CASCO DE SEGURIDAD VERDE,ELEMEN. PROTECCION - P,UNIDAD - UND,029 - 029 - SG-SST,1.0,0,1.0,True,False,,
557,CASCO PARA TRABAJO EN ALTURAS,ELEMEN. PROTECCION - P,UNIDAD - UND,029 - 029 - SG-SST,1.0,0,1.0,True,False,,
558,CELULAR SMARTPHONE CON CAPACIDAD MINIMA 64 GB CON FORRO Y VIDRIO TEMPLADO PARA PROTECCION,EQUIPO - E,UNIDAD - UND,028 - 028 - EQUIPOS TECNOLOGICOS,1.0,0,1.0,True,False,MARIA PAULA BALLEN MANOSALVA,2025-07-28
559,CEMENTO BLANCO,MATERIAL - M,KILOGRAMO - KG,010 - 010 - MAMPOSTERIA,2577.8,0,2577.8,True,False,,
560,CEMENTO GRIS,MATERIAL - M,KILOGRAMO - KG,002 - 002 - AGREGADOS PETREOS,1.0,19,1.19,True,False,DIEGO ANDRES RODRIGUEZ RODRIGUEZ,2025-09-10
561,CEMENTO HIDRAULICO,MATERIAL - M,KILOGRAMO - KG,002 - 002 - AGREGADOS PETREOS,1.0,19,1.19,True,False,DIEGO ANDRES RODRIGUEZ RODRIGUEZ,2025-07-29
562,CEMENTO X 42.5 KG,MATERIAL - M,UNIDAD - UND,002 - 002 - AGREGADOS PETREOS,25225.74,19,30018.63,True,False,DIEGO ANDRES RODRIGUEZ RODRIGUEZ,2025-07-29
563,CEMENTO X 50 KG,MATERIAL - M,UNIDAD - UND,002 - 002 - AGREGADOS PETREOS,29576.54,19,35196.08,True,False,DIEGO ANDRES RODRIGUEZ RODRIGUEZ,2025-07-29
564,CENEFA DECORADO DE 8 X 25 CM,MATERIAL - M,METRO - M,009 - 009 - ENCHAPES,1.0,19,1.19,True,False,MARIA PAULA BALLEN MANOSALVA,2025-07-29
565,CERAMICA PARED .27MTS*.45MTS O SIMILAR,MATERIAL - M,METRO CUADRADO - M2,009 - 009 - ENCHAPES,1.0,19,1.19,True,False,MARIA PAULA BALLEN MANOSALVA,2025-07-29
566,CERAMICA PARED .30MTS. X.45MTS. O SIMILAR,MATERIAL - M,METRO CUADRADO - M2,009 - 009 - ENCHAPES,25585.0,19,30446.15,True,False,MARIA PAULA BALLEN MANOSALVA,2025-07-29
567,CERAMICA PARED .30MTS.X.60MTS O SIMILAR,MATERIAL - M,METRO CUADRADO - M2,009 - 009 - ENCHAPES,26003.26,19,30943.88,True,False,MARIA PAULA BALLEN MANOSALVA,2025-07-29
568,CERAMICA PARED EGEO CARA UNICA 20.5X20.5,MATERIAL - M,METRO CUADRADO - M2,009 - 009 - ENCHAPES,1.0,19,1.19,True,False,MARIA PAULA BALLEN MANOSALVA,2025-07-29
569,ENCHAPE DE PARED (30 X 60 CM) COLORES CLAROS,MATERIAL - M,METRO CUADRADO - M2,009 - 009 - ENCHAPES,25453.82,19,30290.05,True,False,MARIA PAULA BALLEN MANOSALVA,2025-07-29
570,CERAMICA PISO ANTIDESLIZANTE,MATERIAL - M,METRO CUADRADO - M2,009 - 009 - ENCHAPES,26475.56,19,31505.92,True,False,MARIA PAULA BALLEN MANOSALVA,2025-07-29
571,"CERAMICA PISO DE DIF. COLORES 32,0 X 32,0 CM O SIMILAR",MATERIAL - M,METRO CUADRADO - M2,009 - 009 - ENCHAPES,1.0,19,1.19,True,False,MARIA PAULA BALLEN MANOSALVA,2025-07-29
572,CERRADURA,MATERIAL - M,UNIDAD - UND,019 - 019 - CARPINTERIA MADERA,45950.0,0,45950.0,True,False,,
573,CERRADURA DE MANIJA EN PUERTA ALCOBA,MATERIAL - M,UNIDAD - UND,019 - 019 - CARPINTERIA MADERA,1.0,0,1.0,True,False,,
574,CERRADURA DE POMO,MATERIAL - M,UNIDAD - UND,019 - 019 - CARPINTERIA MADERA,1.0,0,1.0,True,False,,
575,"CERRADURA PICO LORO DOBLE NIQUELADA, CILINDRO 16",MATERIAL - M,UNIDAD - UND,019 - 019 - CARPINTERIA MADERA,1.0,0,1.0,True,False,,
576,CERRADURA PUERTA PRINCIPAL,MATERIAL - M,UNIDAD - UND,019 - 019 - CARPINTERIA MADERA,1.0,0,1.0,True,False,,
577,"CERRAMIENTO EN MALLA ESLABONADA CAL. 10, 2"" CON MARCO EN ANGULO DE 1.1/2"" Y RIOSTRA EN PLATINA 1.1/2"". INCLUYE PORTON CON SOPORTES DE 3"", VISAGRAS, PASADOR VERTICAL Y PASADOR HORIZONTAL",MATERIAL - M,UNIDAD - UND,003 - 003 - ACEROS Y REFUERZOS METALICO,1.0,0,1.0,True,False,,
578,"CERRAMIENTO TUBERIA METALICA 2"" INC. PINTURA Y ACCESORIOS",MATERIAL - M,METRO - M,018 - 018 - CARPINTERIA METALICA,1.0,0,1.0,True,False,,
579,CHALECO BRIGADISTA,ATENCIÓN EMERGENCIA - A,UNIDAD - UND,029 - 029 - SG-SST,15000.0,19,17850.0,True,False,DIEGO ANDRES RODRIGUEZ RODRIGUEZ,2025-09-15
580,CHALECO REFLECTIVO,ELEMEN. PROTECCION - P,UNIDAD - UND,029 - 029 - SG-SST,35944.0,0,35944.0,True,False,,
581,CHAQUETA EN CARNAZA,ELEMEN. PROTECCION - P,UNIDAD - UND,029 - 029 - SG-SST,1.0,0,1.0,True,False,,
582,"CHAZO 1/2"" X 4""",MATERIAL - M,UNIDAD - UND,020 - 020 - FERRETERIA MENOR,1.0,19,1.19,True,False,DIEGO ANDRES RODRIGUEZ RODRIGUEZ,2025-09-16
583,"CHAZO EXPANSIVO 3/8"" X 1 7/8""",MATERIAL - M,UNIDAD - UND,020 - 020 - FERRETERIA MENOR,1.0,19,1.19,True,False,DIEGO ANDRES RODRIGUEZ RODRIGUEZ,2025-09-16
584,"CHAZO METALICO 1/4 X 3""",MATERIAL - M,UNIDAD - UND,020 - 020 - FERRETERIA MENOR,1.0,19,1.19,True,False,DIEGO ANDRES RODRIGUEZ RODRIGUEZ,2025-09-16
585,"CHAZO METALICO 3/8 X 3""",MATERIAL - M,UNIDAD - UND,020 - 020 - FERRETERIA MENOR,1.0,19,1.19,True,False,DIEGO ANDRES RODRIGUEZ RODRIGUEZ,2025-09-16
586,CHEQUE 1 PULGADA VERTICAL RESORTE GRIVAL O SIMILAR,MATERIAL - M,UNIDAD - UND,011 - 011 - GRIFERIA Y APARATOS HIDROSANITARIOS,1.0,0,1.0,True,False,,
587,"CHILLER MARCA GREE REF. LSQWRF80M/NADA-F, CAPACIDAD 240.000 BTU/H, TRIFASICO,60 HZ, REFRI R410A, VOLTAJE 220 A, INCLUYE TODOS LOS ELEMENTOS Y ACCESORIOS PARA SU CORRECTA INSTALACION UNIDADES EFR Y VALVULAS MARIPOSA AISLADORES DE VIBRACION",EQUIPO - E,UNIDAD - UND,028 - 028 - EQUIPOS TECNOLOGICOS,1.0,0,1.0,True,False,,
588,UNION EN H DE PVC X 6 MTS,MATERIAL - M,UNIDAD - UND,004 - 004 - CUBIERTA Y CANALES,16911.72,19,20124.95,True,False,MARIA PAULA BALLEN MANOSALVA,2025-07-29
589,CORNIZA PVC 10MM X 6 MTS BLANCO,MATERIAL - M,UNIDAD - UND,004 - 004 - CUBIERTA Y CANALES,1.0,19,1.19,True,False,MARIA PAULA BALLEN MANOSALVA,2025-07-29
590,CILINDRO DE SUSPENDER REF. 20DYDLED013VSCCTB,MATERIAL - M,UNIDAD - UND,"014 - 014 - INSTALACIONES ELECTRICAS, VOZ Y DATOS",1.0,19,1.19,True,False,DIEGO ANDRES RODRIGUEZ RODRIGUEZ,2025-09-22
591,CINTA 23 AUTOFUNDENTE 3M,CONSUMIBLES - C,UNIDAD - UND,015 - 015 - REDES ELECTRICAS,1.0,19,1.19,True,False,DIEGO ANDRES RODRIGUEZ RODRIGUEZ,2025-09-15
592,CINTA ADHESIVA DE ASFALTO,MATERIAL - M,METRO - M,004 - 004 - CUBIERTA Y CANALES,10000.0,19,11900.0,True,False,MARIA PAULA BALLEN MANOSALVA,2025-07-29
593,CINTA ADHESIVA TRASNPARENTE,CONSUMIBLES - C,UNIDAD - UND,005 - 005 - PAPELERIA,5000.0,19,5950.0,True,False,MARIA PAULA BALLEN MANOSALVA,2025-07-29
594,CINTA AISLANTE AMARILLA,MATERIAL - M,UNIDAD - UND,"014 - 014 - INSTALACIONES ELECTRICAS, VOZ Y DATOS",1999.05,0,1999.05,True,False,ALISON CAMILA BENAVIDES RIVERA,2026-07-05
595,CINTA AISLANTE AZUL,MATERIAL - M,UNIDAD - UND,"014 - 014 - INSTALACIONES ELECTRICAS, VOZ Y DATOS",2275.92,19,2708.34,True,False,DIEGO ANDRES RODRIGUEZ RODRIGUEZ,2025-09-22
596,CINTA AISLANTE BLANCA,MATERIAL - M,UNIDAD - UND,"014 - 014 - INSTALACIONES ELECTRICAS, VOZ Y DATOS",3622.89,19,4311.24,True,False,DIEGO ANDRES RODRIGUEZ RODRIGUEZ,2025-09-22
597,CINTA AISLANTE NEGRA 3M,MATERIAL - M,UNIDAD - UND,"014 - 014 - INSTALACIONES ELECTRICAS, VOZ Y DATOS",7425.14,19,8835.92,True,False,DIEGO ANDRES RODRIGUEZ RODRIGUEZ,2025-09-22
598,CINTA AISLANTE ROJA,MATERIAL - M,UNIDAD - UND,"014 - 014 - INSTALACIONES ELECTRICAS, VOZ Y DATOS",4723.9,19,5621.44,True,False,DIEGO ANDRES RODRIGUEZ RODRIGUEZ,2025-09-22
599,CINTA AISLANTE VERDE,MATERIAL - M,UNIDAD - UND,"014 - 014 - INSTALACIONES ELECTRICAS, VOZ Y DATOS",4709.33,19,5604.1,True,False,DIEGO ANDRES RODRIGUEZ RODRIGUEZ,2025-09-22
600,CINTA ANTIDESLIZANTE,CONSUMIBLES - C,UNIDAD - UND,029 - 029 - SG-SST,1.0,19,1.19,True,False,DIEGO ANDRES RODRIGUEZ RODRIGUEZ,2025-09-15
601,CINTA AUTOADHESIVA PARA SELLO DE JUNTAS,CONSUMIBLES - C,UNIDAD - UND,015 - 015 - REDES ELECTRICAS,1.0,19,1.19,True,False,DIEGO ANDRES RODRIGUEZ RODRIGUEZ,2025-09-15
602,CINTA AUTOADSESIVA A BASE DE ASFALTO,MATERIAL - M,METRO LINEAL - ML,010 - 010 - MAMPOSTERIA,1.0,0,1.0,True,False,,
603,"CINTA BAND-IT DE 1/2""",MATERIAL - M,METRO - M,015 - 015 - REDES ELECTRICAS,1.0,19,1.19,True,False,DIEGO ANDRES RODRIGUEZ RODRIGUEZ,2025-09-22
604,"CINTA BAND-IT DE 5/8""",MATERIAL - M,UNIDAD - UND,"014 - 014 - INSTALACIONES ELECTRICAS, VOZ Y DATOS",26936.69,19,32054.66,True,False,DIEGO ANDRES RODRIGUEZ RODRIGUEZ,2025-09-22
605,CINTA DE DEMARCACION ADHESIVA,CONSUMIBLES - C,UNIDAD - UND,029 - 029 - SG-SST,1.0,19,1.19,True,False,DIEGO ANDRES RODRIGUEZ RODRIGUEZ,2025-09-15
606,"CINTA DE ENMASCARAR MULTIUSOS 1"" X 40MTS",CONSUMIBLES - C,UNIDAD - UND,005 - 005 - PAPELERIA,4134.15,19,4919.64,True,False,MARIA PAULA BALLEN MANOSALVA,2025-07-29
607,CINTA DE PAPEL SUPERCINTA 250,MATERIAL - M,UNIDAD - UND,001 - 001 - ADHESIVOS Y ADITIVOS,8500.0,19,10115.0,True,False,DIEGO ANDRES RODRIGUEZ RODRIGUEZ,2025-07-29
608,CINTA DE PELIGRO ROLLO 70MMX100M,CONSUMIBLES - C,UNIDAD - UND,029 - 029 - SG-SST,8104.33,19,9644.15,True,False,DIEGO ANDRES RODRIGUEZ RODRIGUEZ,2025-09-15
609,CINTA MALLA,MATERIAL - M,UNIDAD - UND,004 - 004 - CUBIERTA Y CANALES,1.0,19,1.19,True,False,MARIA PAULA BALLEN MANOSALVA,2025-07-29
610,"CINTA NEGRA 3""",CONSUMIBLES - C,UNIDAD - UND,015 - 015 - REDES ELECTRICAS,1.0,19,1.19,True,False,DIEGO ANDRES RODRIGUEZ RODRIGUEZ,2025-09-15
611,CINTA SUPER 33 + 3M,CONSUMIBLES - C,UNIDAD - UND,015 - 015 - REDES ELECTRICAS,1.0,19,1.19,True,False,DIEGO ANDRES RODRIGUEZ RODRIGUEZ,2025-09-15
612,"CINTA TEFLON 3/4"" X 15 MTS",MATERIAL - M,UNIDAD - UND,012 - 012 - INSTALACIONES HIDRAULICAS,2474.97,0,2474.97,True,False,DIEGO ANDRES RODRIGUEZ RODRIGUEZ,2025-06-14
613,CINTA TEFLON 18MM (1 ) X 50 MTS,CONSUMIBLES - C,UNIDAD - UND,011 - 011 - GRIFERIA Y APARATOS HIDROSANITARIOS,3305.76,19,3933.85,True,False,DIEGO ANDRES RODRIGUEZ RODRIGUEZ,2025-09-15
614,CINTA TEMFLEX AMARILLA 20M 3M,CONSUMIBLES - C,UNIDAD - UND,015 - 015 - REDES ELECTRICAS,1.0,19,1.19,True,False,DIEGO ANDRES RODRIGUEZ RODRIGUEZ,2025-09-15
615,CINTA TEMFLEX AZUL 20M 3M,CONSUMIBLES - C,UNIDAD - UND,015 - 015 - REDES ELECTRICAS,1.0,19,1.19,True,False,DIEGO ANDRES RODRIGUEZ RODRIGUEZ,2025-09-15
616,CINTA TEMFLEX BLANCA 20M 3M,CONSUMIBLES - C,UNIDAD - UND,015 - 015 - REDES ELECTRICAS,1.0,19,1.19,True,False,DIEGO ANDRES RODRIGUEZ RODRIGUEZ,2025-09-15
617,CINTA TEMFLEX ROJA 20M 3M,CONSUMIBLES - C,UNIDAD - UND,015 - 015 - REDES ELECTRICAS,1.0,19,1.19,True,False,DIEGO ANDRES RODRIGUEZ RODRIGUEZ,2025-09-15
618,CINTA TEMFLEX VERDE 20M 3M,CONSUMIBLES - C,UNIDAD - UND,015 - 015 - REDES ELECTRICAS,1.0,19,1.19,True,False,DIEGO ANDRES RODRIGUEZ RODRIGUEZ,2025-09-15
619,CINTURON PORTA HERRAMIENTAS,EQUIPO - E,UNIDAD - UND,029 - 029 - SG-SST,1.0,0,1.0,True,False,,
620,CLAVIJA INDUSTRIAL 32A,MATERIAL - M,UNIDAD - UND,"014 - 014 - INSTALACIONES ELECTRICAS, VOZ Y DATOS",1.0,19,1.19,True,False,DIEGO ANDRES RODRIGUEZ RODRIGUEZ,2025-09-22
621,CLAVIJA INDUSTRIAL 63A,MATERIAL - M,UNIDAD - UND,"014 - 014 - INSTALACIONES ELECTRICAS, VOZ Y DATOS",1.0,19,1.19,True,False,DIEGO ANDRES RODRIGUEZ RODRIGUEZ,2025-09-22
622,CLAVO CORRIENTE 1 PULG,MATERIAL - M,LIBRA - LB,020 - 020 - FERRETERIA MENOR,10500.0,19,12495.0,True,False,DIEGO ANDRES RODRIGUEZ RODRIGUEZ,2025-09-16
623,CLAVO CORRIENTE 1.1/2 PULG,MATERIAL - M,LIBRA - LB,020 - 020 - FERRETERIA MENOR,1.0,19,1.19,True,False,DIEGO ANDRES RODRIGUEZ RODRIGUEZ,2025-09-16
624,CLAVO CORRIENTE 1/2 PULG,MATERIAL - M,LIBRA - LB,020 - 020 - FERRETERIA MENOR,1.0,19,1.19,True,False,DIEGO ANDRES RODRIGUEZ RODRIGUEZ,2025-09-16
625,CLAVO CORRIENTE 2 PULG,MATERIAL - M,LIBRA - LB,020 - 020 - FERRETERIA MENOR,10500.0,19,12495.0,True,False,DIEGO ANDRES RODRIGUEZ RODRIGUEZ,2025-09-16
626,CLAVO CORRIENTE 2.1/2 PULG,MATERIAL - M,LIBRA - LB,020 - 020 - FERRETERIA MENOR,1.0,19,1.19,True,False,DIEGO ANDRES RODRIGUEZ RODRIGUEZ,2025-09-16
627,CLIP *100UND,CONSUMIBLES - C,UNIDAD - UND,005 - 005 - PAPELERIA,1.0,19,1.19,True,False,MARIA PAULA BALLEN MANOSALVA,2025-07-29
628,CLIP PARA ASEGURAR TAPA A LA BANDEJA,MATERIAL - M,UNIDAD - UND,"014 - 014 - INSTALACIONES ELECTRICAS, VOZ Y DATOS",1.0,19,1.19,True,False,DIEGO ANDRES RODRIGUEZ RODRIGUEZ,2025-09-22
629,"CLORINADOR DE VASO PLASTICO Y TAPA DE 4""X30CM",MATERIAL - M,UNIDAD - UND,012 - 012 - INSTALACIONES HIDRAULICAS,1.0,0,1.0,True,False,,
630,"CLOROX *3,8 LT",CONSUMIBLES - C,UNIDAD - UND,027 - 027 - ASEO Y CAFETERIA,1.0,19,1.19,True,False,DIEGO ANDRES RODRIGUEZ RODRIGUEZ,2025-09-15
631,CODO 110 MM PN 16 PE 100FM,MATERIAL - M,UNIDAD - UND,"014 - 014 - INSTALACIONES ELECTRICAS, VOZ Y DATOS",1.0,19,1.19,True,False,DIEGO ANDRES RODRIGUEZ RODRIGUEZ,2025-09-22
632,"CODO 45 PRESION PVC 1 1/4"".",MATERIAL - M,UNIDAD - UND,012 - 012 - INSTALACIONES HIDRAULICAS,6465.27,0,6465.27,True,False,,
633,"CODO 45° PVC SANITARIO C*C DE 1 1 /2""",MATERIAL - M,UNIDAD - UND,013 - 013 - INSTALACIONES HIDROSANITARIAS,2500.0,0,2500.0,True,False,,
634,"CODO 45° PVC SANITARIO C*C DE 2""",MATERIAL - M,UNIDAD - UND,013 - 013 - INSTALACIONES HIDROSANITARIAS,2344.44,0,2344.44,True,False,,
635,"CODO 45° PVC SANITARIO C*C DE 3""",MATERIAL - M,UNIDAD - UND,013 - 013 - INSTALACIONES HIDROSANITARIAS,3979.62,0,3979.62,True,False,,
636,"CODO 45° PVC SANITARIO C*C DE 4""",MATERIAL - M,UNIDAD - UND,013 - 013 - INSTALACIONES HIDROSANITARIAS,9115.3,0,9115.3,True,False,,
637,CODO 90 X 1.1/2 CXC SANITARIA,MATERIAL - M,UNIDAD - UND,013 - 013 - INSTALACIONES HIDROSANITARIAS,3000.0,0,3000.0,True,False,,
638,CODO 90° 1/2 PULG PRESION PAVCO,MATERIAL - M,UNIDAD - UND,012 - 012 - INSTALACIONES HIDRAULICAS,574.93,0,574.93,True,False,,
639,"CODO 1/2"" - PVC PRESION",MATERIAL - M,UNIDAD - UND,012 - 012 - INSTALACIONES HIDRAULICAS,502.76,0,502.76,True,False,DIEGO ANDRES RODRIGUEZ RODRIGUEZ,2025-06-14
640,"CODO 90° PRESION 1""-1/2",MATERIAL - M,UNIDAD - UND,012 - 012 - INSTALACIONES HIDRAULICAS,3681.86,0,3681.86,True,False,,
641,CODO 90° PVC PRESION 3/4 PULG.,MATERIAL - M,UNIDAD - UND,012 - 012 - INSTALACIONES HIDRAULICAS,1.0,0,1.0,True,False,,
642,"CODO 90° PVC SANITARIO C*C DE 1 1/2""",MATERIAL - M,UNIDAD - UND,013 - 013 - INSTALACIONES HIDROSANITARIAS,1604.62,0,1604.62,True,False,,
643,"CODO 90° PVC SANITARIO C*C 2""",MATERIAL - M,UNIDAD - UND,013 - 013 - INSTALACIONES HIDROSANITARIAS,2100.16,0,2100.16,True,False,MARCELA TATIANA MANTILLA VELA,2025-10-07
644,"CODO 90° PVC SANITARIO C*C DE 3""",MATERIAL - M,UNIDAD - UND,013 - 013 - INSTALACIONES HIDROSANITARIAS,5659.33,0,5659.33,True,False,,
645,"CODO 90° PVC SANITARIO C*C DE 4""",MATERIAL - M,UNIDAD - UND,013 - 013 - INSTALACIONES HIDROSANITARIAS,5989.86,0,5989.86,True,False,,
646,CODO 90° PVC SANITARIO CXE 2 PULG.,MATERIAL - M,UNIDAD - UND,013 - 013 - INSTALACIONES HIDROSANITARIAS,1.0,0,1.0,True,False,,
647,"CODO 90° PVC SANITARIOS EN 4""",MATERIAL - M,UNIDAD - UND,013 - 013 - INSTALACIONES HIDROSANITARIAS,1.0,0,1.0,True,False,,
648,"CODO 90° RANURADO UL/FM DE 1 1/2""",MATERIAL - M,UNIDAD - UND,016 - 016 - REDES CONTRA INCENDIO,1.0,0,1.0,True,False,,
649,"CODO 90° RANURADO UL/FM DE 2 1/2""",MATERIAL - M,UNIDAD - UND,016 - 016 - REDES CONTRA INCENDIO,1.0,0,1.0,True,False,,
650,"CODO 90° RANURADO UL/FM DE 3""",MATERIAL - M,UNIDAD - UND,016 - 016 - REDES CONTRA INCENDIO,1.0,0,1.0,True,False,,
651,"CODO 90° RANURADO UL/FM DE 4""",MATERIAL - M,UNIDAD - UND,016 - 016 - REDES CONTRA INCENDIO,1.0,0,1.0,True,False,,
652,CODO 90°-1/4 CXC 2 PULG PAVCO,MATERIAL - M,UNIDAD - UND,013 - 013 - INSTALACIONES HIDROSANITARIAS,1.0,0,1.0,True,False,,
653,CODO 90°-1/4 CXC 3 PULG PAVCO,MATERIAL - M,UNIDAD - UND,013 - 013 - INSTALACIONES HIDROSANITARIAS,1.0,0,1.0,True,False,,
654,CODO 90°-1/4 CXC 4 PULG PAVCO,MATERIAL - M,UNIDAD - UND,013 - 013 - INSTALACIONES HIDROSANITARIAS,1.0,0,1.0,True,False,,
655,CODO 90°-1/4 CXC 6 PULG PAVCO,MATERIAL - M,UNIDAD - UND,013 - 013 - INSTALACIONES HIDROSANITARIAS,50541.68,0,50541.68,True,False,,
656,CODO 90X1/2 CPVC,MATERIAL - M,UNIDAD - UND,012 - 012 - INSTALACIONES HIDRAULICAS,1.0,0,1.0,True,False,,
657,CODO CANAL PVC,MATERIAL - M,UNIDAD - UND,004 - 004 - CUBIERTA Y CANALES,1.0,19,1.19,True,False,MARIA PAULA BALLEN MANOSALVA,2025-07-29
658,"CODO COBRE 45 GRADOS 1/2""",MATERIAL - M,UNIDAD - UND,012 - 012 - INSTALACIONES HIDRAULICAS,1.0,0,1.0,True,False,,
659,"CODO COBRE 45 GRADOS 1-1/4""",MATERIAL - M,UNIDAD - UND,012 - 012 - INSTALACIONES HIDRAULICAS,1.0,0,1.0,True,False,,
660,"CODO COBRE 45 GRADOS 3/8""",MATERIAL - M,UNIDAD - UND,012 - 012 - INSTALACIONES HIDRAULICAS,1.0,0,1.0,True,False,,
661,"CODO COBRE 45 GRADOS 5/8""",MATERIAL - M,UNIDAD - UND,012 - 012 - INSTALACIONES HIDRAULICAS,1.0,0,1.0,True,False,,
662,"CODO COBRE 90 GRADOS 1/2""",MATERIAL - M,UNIDAD - UND,012 - 012 - INSTALACIONES HIDRAULICAS,1.0,0,1.0,True,False,,
663,"CODO COBRE 90 GRADOS 1-1/4""",MATERIAL - M,UNIDAD - UND,012 - 012 - INSTALACIONES HIDRAULICAS,1.0,0,1.0,True,False,,
664,"CODO COBRE 90 GRADOS 3/8""",MATERIAL - M,UNIDAD - UND,012 - 012 - INSTALACIONES HIDRAULICAS,1.0,0,1.0,True,False,,
665,"CODO COBRE 90 GRADOS 5/8""",MATERIAL - M,UNIDAD - UND,012 - 012 - INSTALACIONES HIDRAULICAS,1.0,0,1.0,True,False,,
666,"CODO PVC PRESION 90° 1""",MATERIAL - M,UNIDAD - UND,012 - 012 - INSTALACIONES HIDRAULICAS,1750.0,0,1750.0,True,False,,
667,"CODO PVC PRESION 90° 1-1/2""",MATERIAL - M,UNIDAD - UND,012 - 012 - INSTALACIONES HIDRAULICAS,1.0,0,1.0,True,False,,
668,"CODO PVC 90° 2""",MATERIAL - M,UNIDAD - UND,012 - 012 - INSTALACIONES HIDRAULICAS,5435.92,0,5435.92,True,False,MARCELA TATIANA MANTILLA VELA,2025-09-18
669,"CODO PVC PRESION 90° 3/4""",MATERIAL - M,UNIDAD - UND,012 - 012 - INSTALACIONES HIDRAULICAS,1.0,0,1.0,True,False,,
670,CODO PVC-P. 90o -1/2 PULG.,MATERIAL - M,UNIDAD - UND,012 - 012 - INSTALACIONES HIDRAULICAS,1.0,0,1.0,True,False,,
671,CODO ROMPE CARGA ELASTOMERO 15 KV,MATERIAL - M,UNIDAD - UND,015 - 015 - REDES ELECTRICAS,1.0,19,1.19,True,False,DIEGO ANDRES RODRIGUEZ RODRIGUEZ,2025-09-22
672,COLLAR CERVICAL ADULTO,ATENCIÓN EMERGENCIA - A,UNIDAD - UND,029 - 029 - SG-SST,1.0,19,1.19,True,False,DIEGO ANDRES RODRIGUEZ RODRIGUEZ,2025-09-15
673,COLLARIN 220 MM DOBLE SALIDA,MATERIAL - M,UNIDAD - UND,015 - 015 - REDES ELECTRICAS,26194.83,19,31171.85,True,False,JAVIER ORLANDO SANABRIA JIMENEZ,2025-09-18
674,"COLLARIN PARA TRANSFORMADOR PLATINA 1/4"" DIAM. 200 MM",MATERIAL - M,UNIDAD - UND,015 - 015 - REDES ELECTRICAS,1.0,19,1.19,True,False,DIEGO ANDRES RODRIGUEZ RODRIGUEZ,2025-09-22
675,"COLLARIN PARA TRANSFORMADOR PLATINA 1/4"" DIAM. 220 MM",MATERIAL - M,UNIDAD - UND,015 - 015 - REDES ELECTRICAS,1.0,19,1.19,True,False,DIEGO ANDRES RODRIGUEZ RODRIGUEZ,2025-09-22
676,"COLLARIN UNA SALIDA DIAM. 5-6""",MATERIAL - M,UNIDAD - UND,015 - 015 - REDES ELECTRICAS,1.0,19,1.19,True,False,DIEGO ANDRES RODRIGUEZ RODRIGUEZ,2025-09-22
677,"COLLARIN UNA SALIDA DIAM. 6-7""",MATERIAL - M,UNIDAD - UND,015 - 015 - REDES ELECTRICAS,1.0,19,1.19,True,False,DIEGO ANDRES RODRIGUEZ RODRIGUEZ,2025-09-22
678,COLOMBINA O SENALIZADOR VIAL TUBULAR,SEÑALIZACIÓN - Ñ,UNIDAD - UND,029 - 029 - SG-SST,42173.5,0,42173.5,True,False,,
679,COMBO ANDINO BLANCO S/P,MATERIAL - M,UNIDAD - UND,011 - 011 - GRIFERIA Y APARATOS HIDROSANITARIOS,1.0,0,1.0,True,False,,
680,COMBUSTIBLE PARA ARRANQUE (ACPM),TRANSPORTE - T,GALON - GAL,033 - 033 - REPUESTOS E INSUMOS,1.0,19,1.19,True,False,DIEGO ANDRES RODRIGUEZ RODRIGUEZ,2025-09-16
681,"COMPACTADOR DE RODILLO POTENCIA 99 HP, PESO 8 TON",EQUIPO - E,HORA - HR,022 - 022 - MAQUINARIA Y EQUIPO,19000000.0,0,19000000.0,True,False,,
682,COMPACTADOR MANUAL (SALTARIN) PESO OPERACION (KG)52. FUERZA DE IMACTO POR GOLPE (KN) 12,EQUIPO - E,HORA - HR,022 - 022 - MAQUINARIA Y EQUIPO,1.0,0,1.0,True,False,,
683,"COMPACTADOR NEUMATICO DE POTENCIA 70HP, PESO 13 TON",EQUIPO - E,HORA - HR,022 - 022 - MAQUINARIA Y EQUIPO,1.0,0,1.0,True,False,,
684,COMPRESOR (BARRIDO Y SOPLADO),EQUIPO - E,HORA - HR,022 - 022 - MAQUINARIA Y EQUIPO,1.0,0,1.0,True,False,,
685,COMPROBANTE DE EGRESO *80,CONSUMIBLES - C,PAQUETE - PQT,005 - 005 - PAPELERIA,1.0,19,1.19,True,False,MARIA PAULA BALLEN MANOSALVA,2025-07-29
686,CONCRETE COLOR,MATERIAL - M,BULTO - BE,010 - 010 - MAMPOSTERIA,1.0,0,1.0,True,False,,
687,CONCRETO 1500 PSI,MATERIAL - M,METRO CUBICO - M3,006 - 006 - CONCRETOS Y MORTEROS,1.0,19,1.19,True,False,MARIA PAULA BALLEN MANOSALVA,2025-07-29
688,CONCRETO 2000 PSI - 14 MPA,MATERIAL - M,METRO CUBICO - M3,006 - 006 - CONCRETOS Y MORTEROS,1.0,19,1.19,True,False,MARIA PAULA BALLEN MANOSALVA,2025-07-29
689,"CONCRETO 2000 PSI, HECHO EN OBRA",MATERIAL - M,METRO CUBICO - M3,006 - 006 - CONCRETOS Y MORTEROS,1.0,19,1.19,True,False,MARIA PAULA BALLEN MANOSALVA,2025-07-29
690,"CONCRETO 2500 PSI, HECHO EN OBRA",MATERIAL - M,METRO CUBICO - M3,006 - 006 - CONCRETOS Y MORTEROS,1.0,19,1.19,True,False,MARIA PAULA BALLEN MANOSALVA,2025-07-29
691,"CONCRETO 3000 PSI - 20,6 MPA - 210 KG/CM2",MATERIAL - M,METRO CUBICO - M3,006 - 006 - CONCRETOS Y MORTEROS,1.0,19,1.19,True,False,MARIA PAULA BALLEN MANOSALVA,2025-07-29
692,"CONCRETO 3000 PSI, PUESTO EN OBRA",MATERIAL - M,METRO CUBICO - M3,006 - 006 - CONCRETOS Y MORTEROS,1.0,19,1.19,True,False,MARIA PAULA BALLEN MANOSALVA,2025-07-29
693,"CONCRETO 3500 PSI, PUESTO EN OBRA",MATERIAL - M,METRO CUBICO - M3,006 - 006 - CONCRETOS Y MORTEROS,1.0,19,1.19,True,False,MARIA PAULA BALLEN MANOSALVA,2025-07-29
694,CONCRETO 4000 PSI - 28 MPA - 280 KG/CM2,MATERIAL - M,METRO CUBICO - M3,006 - 006 - CONCRETOS Y MORTEROS,1.0,19,1.19,True,False,MARIA PAULA BALLEN MANOSALVA,2025-07-29
695,"CONCRETO 4000 PSI, PUESTO EN OBRA",MATERIAL - M,METRO CUBICO - M3,006 - 006 - CONCRETOS Y MORTEROS,1.0,19,1.19,True,False,MARIA PAULA BALLEN MANOSALVA,2025-07-29
696,CONCRETO 5000 PSI - 35 MPA - 350 KG/CM2,MATERIAL - M,METRO CUBICO - M3,006 - 006 - CONCRETOS Y MORTEROS,1.0,19,1.19,True,False,MARIA PAULA BALLEN MANOSALVA,2025-07-29
697,CONCRETO CICLOPEO,MATERIAL - M,METRO CUBICO - M3,006 - 006 - CONCRETOS Y MORTEROS,1.0,19,1.19,True,False,MARIA PAULA BALLEN MANOSALVA,2025-07-29
698,CONCRETO DE LIMPIEZA E=0.05 M.(SOLADO),MATERIAL - M,METRO CUADRADO - M2,006 - 006 - CONCRETOS Y MORTEROS,1.0,19,1.19,True,False,MARIA PAULA BALLEN MANOSALVA,2025-07-29
699,CONDUCTOR,NOMINA - N,UNIDAD - UND,024 - 024 - PERSONAL OPERATIVO,1.0,0,1.0,True,False,,
700,CONDUCTOR CAMIONETA,NOMINA - N,UNIDAD - UND,024 - 024 - PERSONAL OPERATIVO,1.0,0,1.0,True,False,,
701,CONDUCTOR DE CAMION,NOMINA - N,UNIDAD - UND,024 - 024 - PERSONAL OPERATIVO,1.0,0,1.0,True,False,,
702,CONDUCTOR DE MOTO CARRO,NOMINA - N,UNIDAD - UND,024 - 024 - PERSONAL OPERATIVO,1.0,0,1.0,True,False,,
703,CONDUCTOR VOLQUETA,NOMINA - N,UNIDAD - UND,024 - 024 - PERSONAL OPERATIVO,1.0,0,1.0,True,False,,
704,CONECTOR DE COMPRESION TIPO H (4 - 1/0),MATERIAL - M,UNIDAD - UND,015 - 015 - REDES ELECTRICAS,1.0,19,1.19,True,False,DIEGO ANDRES RODRIGUEZ RODRIGUEZ,2025-09-22
705,CONECTOR DE TORNILLO CON CHAQUETA AISLANTE TIPO 2,MATERIAL - M,UNIDAD - UND,015 - 015 - REDES ELECTRICAS,1.0,19,1.19,True,False,DIEGO ANDRES RODRIGUEZ RODRIGUEZ,2025-09-22
706,CONECTOR DE TORNILLO EN COBRE,MATERIAL - M,UNIDAD - UND,"014 - 014 - INSTALACIONES ELECTRICAS, VOZ Y DATOS",1.0,19,1.19,True,False,DIEGO ANDRES RODRIGUEZ RODRIGUEZ,2025-09-22
707,"CONECTOR EMT 1""",MATERIAL - M,UNIDAD - UND,"014 - 014 - INSTALACIONES ELECTRICAS, VOZ Y DATOS",1.0,19,1.19,True,False,DIEGO ANDRES RODRIGUEZ RODRIGUEZ,2025-09-22
708,CONECTOR MC4 HEMBRA,MATERIAL - M,UNIDAD - UND,012 - 012 - INSTALACIONES HIDRAULICAS,1.0,0,1.0,True,False,,
709,CONECTOR MC4 MACHO,MATERIAL - M,UNIDAD - UND,012 - 012 - INSTALACIONES HIDRAULICAS,1.0,0,1.0,True,False,,
710,CONECTOR TERMINAL TIPO PALA ESTANADO NO. 6 AWG,MATERIAL - M,UNIDAD - UND,"014 - 014 - INSTALACIONES ELECTRICAS, VOZ Y DATOS",1111.0,19,1322.09,True,False,DIEGO ANDRES RODRIGUEZ RODRIGUEZ,2025-09-22
711,CONECTOR PARA PUESTA A TIERRA CERTIFICADO RETIE.,MATERIAL - M,UNIDAD - UND,015 - 015 - REDES ELECTRICAS,6041.63,19,7189.54,True,False,DIEGO ANDRES RODRIGUEZ RODRIGUEZ,2025-09-22
712,CONECTOR RANURAS PARALELAS PARA ACSR,MATERIAL - M,UNIDAD - UND,015 - 015 - REDES ELECTRICAS,1.0,19,1.19,True,False,DIEGO ANDRES RODRIGUEZ RODRIGUEZ,2025-09-22
713,"CONECTOR RANURAS PARALELAS PARA CABLE GUARDA Ø 1/4""",MATERIAL - M,UNIDAD - UND,015 - 015 - REDES ELECTRICAS,1.0,19,1.19,True,False,DIEGO ANDRES RODRIGUEZ RODRIGUEZ,2025-09-22
714,"CONECTOR RECTO CORAZA LIQUID TIGHT 3/4""",MATERIAL - M,UNIDAD - UND,015 - 015 - REDES ELECTRICAS,1.0,19,1.19,True,False,DIEGO ANDRES RODRIGUEZ RODRIGUEZ,2025-09-22
715,CONECTOR RJ45 PARA CABLE BLINDADO,MATERIAL - M,UNIDAD - UND,015 - 015 - REDES ELECTRICAS,1.0,19,1.19,True,False,DIEGO ANDRES RODRIGUEZ RODRIGUEZ,2025-09-22
716,CONECTOR S3L 3/4 X 3-7/8 MS MD2,MATERIAL - M,UNIDAD - UND,012 - 012 - INSTALACIONES HIDRAULICAS,1.0,19,1.19,True,False,HENRY DE JESUS TABORDA ZAPATA,2026-07-30
717,CONECTOR RESORTE CALIBRE 18-8 AWG ROJO-AMARILLO 2F18B,MATERIAL - M,UNIDAD - UND,"014 - 014 - INSTALACIONES ELECTRICAS, VOZ Y DATOS",1190.0,19,1416.1,True,False,DIEGO ANDRES RODRIGUEZ RODRIGUEZ,2025-09-22
718,CONECTOR WAGO,MATERIAL - M,UNIDAD - UND,015 - 015 - REDES ELECTRICAS,4869.48,19,5794.68,True,False,DIEGO ANDRES RODRIGUEZ RODRIGUEZ,2025-09-22
719,CONECTORES CON ANCLAJE EPOXICO,MATERIAL - M,UNIDAD - UND,020 - 020 - FERRETERIA MENOR,1.0,19,1.19,True,False,DIEGO ANDRES RODRIGUEZ RODRIGUEZ,2025-09-16
720,CONJ. MEZC. LAVAM. BALTA 8 PULG O SIMILAR,MATERIAL - M,UNIDAD - UND,011 - 011 - GRIFERIA Y APARATOS HIDROSANITARIOS,1.0,0,1.0,True,False,,
721,LAVAPLATOS EN ACERO INOXIDABLE (62 X 48 CM) PARA LLAVE SENICLLA,MATERIAL - M,UNIDAD - UND,011 - 011 - GRIFERIA Y APARATOS HIDROSANITARIOS,93419.69,19,111169.43,True,False,DIEGO ANDRES RODRIGUEZ RODRIGUEZ,2025-09-09
722,CONO DE SENALIZACION,SEÑALIZACIÓN - Ñ,UNIDAD - UND,029 - 029 - SG-SST,1.0,0,1.0,True,False,,
723,CONSULTORIA IMPLEMENTACION SINCO,LICENCIAS - L,UNIDAD - UND,039 - 039 - LICENCIAS OFIMATICAS,1.0,0,1.0,True,False,,
724,CONTACTOR ELECTRICO PARA 220V 50AMP,EQUIPO - E,UNIDAD - UND,"014 - 014 - INSTALACIONES ELECTRICAS, VOZ Y DATOS",1.0,19,1.19,True,False,DIEGO ANDRES RODRIGUEZ RODRIGUEZ,2025-09-22
725,CONTADOR ELECTRONICO BIFASICO 5-100A LCD - CL 1 CALIBRADO,MATERIAL - M,UNIDAD - UND,"014 - 014 - INSTALACIONES ELECTRICAS, VOZ Y DATOS",1.0,19,1.19,True,False,DIEGO ANDRES RODRIGUEZ RODRIGUEZ,2025-09-22
726,CONTADORA,NOMINA - N,UNIDAD - UND,025 - 025 - PERSONAL ADMINISTRATIVO,1.0,0,1.0,True,False,,
727,CONTENEDOR DE BASURA 4 RUEDAS PLASTICO DE 1.100 LTS,MATERIAL - M,UNIDAD - UND,008 - 008 - MOBILIARIO URBANO,1.0,19,1.19,True,False,MARIA PAULA BALLEN MANOSALVA,2025-07-29
728,CONTROL CENTRALIZADO,LICENCIAS - L,UNIDAD - UND,026 - 026 - EQUIPOS ESPECIALIZADOS,1.0,0,1.0,True,False,,
729,CONTROLADOR VIAL,NOMINA - N,UNIDAD - UND,024 - 024 - PERSONAL OPERATIVO,1.0,0,1.0,True,False,,
730,COORDINADOR DE MANTENIMIENTO,NOMINA - N,UNIDAD - UND,025 - 025 - PERSONAL ADMINISTRATIVO,1.0,0,1.0,True,False,,
731,COORDINADOR GESTION HUMANA,NOMINA - N,UNIDAD - UND,025 - 025 - PERSONAL ADMINISTRATIVO,1.0,0,1.0,True,False,,
732,COORDINADOR SIG - OPS,NOMINA - N,UNIDAD - UND,025 - 025 - PERSONAL ADMINISTRATIVO,1.0,0,1.0,True,False,,
733,COORDINADOR TECNICO,NOMINA - N,UNIDAD - UND,025 - 025 - PERSONAL ADMINISTRATIVO,1.0,0,1.0,True,False,,
734,COORDINADORA COMPRAS,NOMINA - N,UNIDAD - UND,025 - 025 - PERSONAL ADMINISTRATIVO,1.0,0,1.0,True,False,,
735,COORDINADORA FINANCIERA,NOMINA - N,UNIDAD - UND,025 - 025 - PERSONAL ADMINISTRATIVO,1.0,0,1.0,True,False,,
736,"COPA RANURADA UL/FM DE 2""-1/2 X 1""-1/2",MATERIAL - M,UNIDAD - UND,012 - 012 - INSTALACIONES HIDRAULICAS,1.0,0,1.0,True,False,,
737,"COPA RANURADA UL/FM DE 3"" X 4""",MATERIAL - M,UNIDAD - UND,012 - 012 - INSTALACIONES HIDRAULICAS,1.0,0,1.0,True,False,,
738,"COPA RANURADA UL/FM DE 4"" X 1""",MATERIAL - M,UNIDAD - UND,012 - 012 - INSTALACIONES HIDRAULICAS,1.0,0,1.0,True,False,,
739,"CORAZA ANACONDA 3/4"" ALFLEX",MATERIAL - M,UNIDAD - UND,"014 - 014 - INSTALACIONES ELECTRICAS, VOZ Y DATOS",1.0,19,1.19,True,False,DIEGO ANDRES RODRIGUEZ RODRIGUEZ,2025-09-22
740,"CORAZA CONECTOR RECTO 3/4""",MATERIAL - M,UNIDAD - UND,"014 - 014 - INSTALACIONES ELECTRICAS, VOZ Y DATOS",1.0,19,1.19,True,False,DIEGO ANDRES RODRIGUEZ RODRIGUEZ,2025-09-22
741,"CORAZA LIQUID TIGHT 1 1/2""",MATERIAL - M,METRO LINEAL - ML,"014 - 014 - INSTALACIONES ELECTRICAS, VOZ Y DATOS",15512.45,19,18459.82,True,False,DIEGO ANDRES RODRIGUEZ RODRIGUEZ,2025-09-22
742,"CORAZA LT 1""",MATERIAL - M,UNIDAD - UND,"014 - 014 - INSTALACIONES ELECTRICAS, VOZ Y DATOS",1.0,19,1.19,True,False,DIEGO ANDRES RODRIGUEZ RODRIGUEZ,2025-09-22
743,"CORAZA LT 2""",MATERIAL - M,UNIDAD - UND,"014 - 014 - INSTALACIONES ELECTRICAS, VOZ Y DATOS",1.0,19,1.19,True,False,DIEGO ANDRES RODRIGUEZ RODRIGUEZ,2025-09-22
744,"CORAZA LT 3/4""",MATERIAL - M,UNIDAD - UND,"014 - 014 - INSTALACIONES ELECTRICAS, VOZ Y DATOS",1.0,19,1.19,True,False,DIEGO ANDRES RODRIGUEZ RODRIGUEZ,2025-09-22
745,"CORAZA LT 4""",MATERIAL - M,UNIDAD - UND,"014 - 014 - INSTALACIONES ELECTRICAS, VOZ Y DATOS",1.0,19,1.19,True,False,DIEGO ANDRES RODRIGUEZ RODRIGUEZ,2025-09-22
746,"CORAZA LT DE 1"" PARA TENDIDO DE CABLEADO DC DESDE CAJA CONCENTRADORA HASTA TABLERO DE PROTECCION DC EN PRIMER PISO DE LA TORRE",MATERIAL - M,UNIDAD - UND,"014 - 014 - INSTALACIONES ELECTRICAS, VOZ Y DATOS",1.0,19,1.19,True,False,DIEGO ANDRES RODRIGUEZ RODRIGUEZ,2025-09-22
747,"CORAZA LT DE 1/2"" PARA TENDIDO DE CABLE DE TIERRA DE ESTRUCTURA Y PANELES",MATERIAL - M,UNIDAD - UND,"014 - 014 - INSTALACIONES ELECTRICAS, VOZ Y DATOS",1.0,19,1.19,True,False,DIEGO ANDRES RODRIGUEZ RODRIGUEZ,2025-09-22
748,"CORAZA LT DE 3/4"" PARA TENDIDO DE CABLEADO DC DE LOS STRINGS HASTA CAJA CONCENTRADORA",MATERIAL - M,UNIDAD - UND,"014 - 014 - INSTALACIONES ELECTRICAS, VOZ Y DATOS",1.0,19,1.19,True,False,DIEGO ANDRES RODRIGUEZ RODRIGUEZ,2025-09-22
749,CORDON PREFABRICADO 15X45X80,MATERIAL - M,UNIDAD - UND,007 - 007 - PREFABRICADOS EN CONCRETO,1.0,0,1.0,True,False,,
750,CORNISA EN PVC,MATERIAL - M,UNIDAD - UND,004 - 004 - CUBIERTA Y CANALES,1.0,19,1.19,True,False,MARIA PAULA BALLEN MANOSALVA,2025-07-29
751,"CORNISA PVC 2,90 ML",MATERIAL - M,UNIDAD - UND,004 - 004 - CUBIERTA Y CANALES,1.0,19,1.19,True,False,MARIA PAULA BALLEN MANOSALVA,2025-07-29
752,CORNIZA PVC X 6 MTS,MATERIAL - M,UNIDAD - UND,004 - 004 - CUBIERTA Y CANALES,12625.11,19,15023.88,True,False,MARIA PAULA BALLEN MANOSALVA,2025-07-29
753,CORRECTOR DE CINTA,CONSUMIBLES - C,UNIDAD - UND,005 - 005 - PAPELERIA,1.0,19,1.19,True,False,MARIA PAULA BALLEN MANOSALVA,2025-07-29
754,CORREOS ELECTRONICOS ( MENSUAL ),LICENCIAS - L,UNIDAD - UND,039 - 039 - LICENCIAS OFIMATICAS,1.0,0,1.0,True,False,,
755,"CORTACIRCUITO MONOPOLAR 15 KV-100 AMP, TIPO G2 LES",MATERIAL - M,UNIDAD - UND,015 - 015 - REDES ELECTRICAS,236615.66,19,281572.64,True,False,DIEGO ANDRES RODRIGUEZ RODRIGUEZ,2025-09-22
756,"CORTACIRCUITO MONOPOLAR 36 KV-100 AMP, TIPO G2 LES MELEC",MATERIAL - M,UNIDAD - UND,015 - 015 - REDES ELECTRICAS,1.0,19,1.19,True,False,DIEGO ANDRES RODRIGUEZ RODRIGUEZ,2025-09-22
757,CORTINA PARA BANO EN POLIESTER,MATERIAL - M,UNIDAD - UND,020 - 020 - FERRETERIA MENOR,24090.89,19,28668.16,True,False,DIEGO ANDRES RODRIGUEZ RODRIGUEZ,2025-09-16
758,COSTALES,MATERIAL - M,UNIDAD - UND,020 - 020 - FERRETERIA MENOR,1.0,19,1.19,True,False,DIEGO ANDRES RODRIGUEZ RODRIGUEZ,2025-09-16
759,"CRUCETA MET.GALVAN 2 1/2*2 1/2*1/4""*0,60M",MATERIAL - M,UNIDAD - UND,015 - 015 - REDES ELECTRICAS,1.0,19,1.19,True,False,DIEGO ANDRES RODRIGUEZ RODRIGUEZ,2025-09-22
760,"CRUCETA METALICA GALVANIZADA 1.50 MTS 21/2""*2 1/2""*3/16""",MATERIAL - M,UNIDAD - UND,015 - 015 - REDES ELECTRICAS,1.0,19,1.19,True,False,DIEGO ANDRES RODRIGUEZ RODRIGUEZ,2025-09-22
761,"CRUCETA METALICA GALVANIZADA 2.0 MTS 21/2"" X 21/2"" X 3/16""",MATERIAL - M,UNIDAD - UND,015 - 015 - REDES ELECTRICAS,86352.34,19,102759.28,True,False,DIEGO ANDRES RODRIGUEZ RODRIGUEZ,2025-09-22
762,"CRUCETA METALICA GALVANIZADA 2.5 MTS 21/2"" X 21/2"" X 3/16""",MATERIAL - M,UNIDAD - UND,015 - 015 - REDES ELECTRICAS,120720.44,19,143657.32,True,False,DIEGO ANDRES RODRIGUEZ RODRIGUEZ,2025-09-22
763,"CRUCETA METALICA GALVANIZADA 2.5 MTS 21/2"" X 21/2"" X 3/16"" (SEGUN PLANO)",MATERIAL - M,UNIDAD - UND,015 - 015 - REDES ELECTRICAS,1.0,19,1.19,True,False,DIEGO ANDRES RODRIGUEZ RODRIGUEZ,2025-09-22
764,"CRUCETA METALICA GALVANIZADA 4.0 MTS 3 X 3 X 1/4"" X 4M (SEGUN PLANO)",MATERIAL - M,UNIDAD - UND,015 - 015 - REDES ELECTRICAS,1.0,19,1.19,True,False,DIEGO ANDRES RODRIGUEZ RODRIGUEZ,2025-09-22
765,CRUCETAS PLASTICAS PARA JUNTAS 3MM X 100 UND,MATERIAL - M,UNIDAD - UND,020 - 020 - FERRETERIA MENOR,2025.81,19,2410.71,True,False,DIEGO ANDRES RODRIGUEZ RODRIGUEZ,2025-09-16
766,"CRUDO TAMANO MAX. 4""",MATERIAL - M,METRO CUBICO - M3,002 - 002 - AGREGADOS PETREOS,1.0,19,1.19,True,False,DIEGO ANDRES RODRIGUEZ RODRIGUEZ,2025-07-29
767,CUADRO HEMATICO,SERVICIOS - Q,UNIDAD - UND,031 - 031 - SERVICIOS MEDICOS,1.0,0,1.0,True,False,,
768,"CUBIERTA TIPO SANDWICH 333C CON AISLAMIENTO EN FIBRA DE VIDRIO, INCLUYE ESTRUCTURA TIPO ATACC DE 38 MM PINTADA POR AMBAS CARAS",MATERIAL - M,UNIDAD - UND,004 - 004 - CUBIERTA Y CANALES,1.0,19,1.19,True,False,MARIA PAULA BALLEN MANOSALVA,2025-07-29
769,CURITAS,CONSUMIBLES - C,UNIDAD - UND,029 - 029 - SG-SST,1.0,19,1.19,True,False,DIEGO ANDRES RODRIGUEZ RODRIGUEZ,2025-09-15
770,CURSO ARMADOR DE ANDAMIOS CERTIFICADO,SUBCONTRATO - S,UNIDAD - UND,032 - 032 - AUDITORIAS Y CAPACITACIONES,1.0,0,1.0,True,False,,
771,CURSO BRIGADISTAS INTEGRALES,SUBCONTRATO - S,UNIDAD - UND,032 - 032 - AUDITORIAS Y CAPACITACIONES,1.0,0,1.0,True,False,,
772,CURSO COORDINADOR TRABAJO EN ALTURAS,SUBCONTRATO - S,UNIDAD - UND,032 - 032 - AUDITORIAS Y CAPACITACIONES,1.0,0,1.0,True,False,,
773,CURSO MANEJO DEFENSIVO CERTIFICADO,SUBCONTRATO - S,UNIDAD - UND,032 - 032 - AUDITORIAS Y CAPACITACIONES,1.0,0,1.0,True,False,,
774,CURSO TRABAJADOR AUTORIZADO - TRABAJO EN ALTURAS,SUBCONTRATO - S,UNIDAD - UND,032 - 032 - AUDITORIAS Y CAPACITACIONES,1.0,0,1.0,True,False,,
775,CURSO TRANSPORTE DE MERCANCIAS PELIGROSAS,SUBCONTRATO - S,UNIDAD - UND,032 - 032 - AUDITORIAS Y CAPACITACIONES,1.0,0,1.0,True,False,,
776,"CURVA 1"" CONDUIT SCH40",MATERIAL - M,UNIDAD - UND,"014 - 014 - INSTALACIONES ELECTRICAS, VOZ Y DATOS",5710.99,19,6796.08,True,False,DIEGO ANDRES RODRIGUEZ RODRIGUEZ,2025-09-22
777,"CURVA 2"" CONDUIT SCH40",MATERIAL - M,UNIDAD - UND,"014 - 014 - INSTALACIONES ELECTRICAS, VOZ Y DATOS",1.0,19,1.19,True,False,DIEGO ANDRES RODRIGUEZ RODRIGUEZ,2025-09-22
778,"CURVA 3/4"" CONDUIT SCH40",MATERIAL - M,UNIDAD - UND,"014 - 014 - INSTALACIONES ELECTRICAS, VOZ Y DATOS",1475.84,19,1756.25,True,False,DIEGO ANDRES RODRIGUEZ RODRIGUEZ,2025-09-22
779,"CURVA 4"" PVC CONDUIT",MATERIAL - M,UNIDAD - UND,"014 - 014 - INSTALACIONES ELECTRICAS, VOZ Y DATOS",1.0,19,1.19,True,False,DIEGO ANDRES RODRIGUEZ RODRIGUEZ,2025-09-22
780,CURVA CONDUIT GALVANIZADA IMC 1/2 PULG.,MATERIAL - M,UNIDAD - UND,"014 - 014 - INSTALACIONES ELECTRICAS, VOZ Y DATOS",1.0,19,1.19,True,False,DIEGO ANDRES RODRIGUEZ RODRIGUEZ,2025-09-22
781,"CURVA EMT 1 1/2""",MATERIAL - M,UNIDAD - UND,"014 - 014 - INSTALACIONES ELECTRICAS, VOZ Y DATOS",1.0,19,1.19,True,False,DIEGO ANDRES RODRIGUEZ RODRIGUEZ,2025-09-22
782,"CURVA EMT 1""",MATERIAL - M,UNIDAD - UND,"014 - 014 - INSTALACIONES ELECTRICAS, VOZ Y DATOS",2429.99,19,2891.69,True,False,DIEGO ANDRES RODRIGUEZ RODRIGUEZ,2025-09-22
783,"CURVA EMT 2""",MATERIAL - M,UNIDAD - UND,"014 - 014 - INSTALACIONES ELECTRICAS, VOZ Y DATOS",1.0,19,1.19,True,False,DIEGO ANDRES RODRIGUEZ RODRIGUEZ,2025-09-22
784,"CURVA EMT 3/4""",MATERIAL - M,UNIDAD - UND,"014 - 014 - INSTALACIONES ELECTRICAS, VOZ Y DATOS",1484.99,19,1767.14,True,False,DIEGO ANDRES RODRIGUEZ RODRIGUEZ,2025-09-22
785,"CURVA EMT 4""",MATERIAL - M,UNIDAD - UND,"014 - 014 - INSTALACIONES ELECTRICAS, VOZ Y DATOS",1.0,19,1.19,True,False,DIEGO ANDRES RODRIGUEZ RODRIGUEZ,2025-09-22
786,"CURVA PVC 1""",MATERIAL - M,UNIDAD - UND,"014 - 014 - INSTALACIONES ELECTRICAS, VOZ Y DATOS",1056.22,19,1256.9,True,False,DIEGO ANDRES RODRIGUEZ RODRIGUEZ,2025-09-22
787,"CURVA PVC 2""",MATERIAL - M,UNIDAD - UND,"014 - 014 - INSTALACIONES ELECTRICAS, VOZ Y DATOS",4488.44,19,5341.24,True,False,DIEGO ANDRES RODRIGUEZ RODRIGUEZ,2025-09-22
788,"CURVA PVC 3"" CONDUIT",MATERIAL - M,UNIDAD - UND,"014 - 014 - INSTALACIONES ELECTRICAS, VOZ Y DATOS",1.0,19,1.19,True,False,DIEGO ANDRES RODRIGUEZ RODRIGUEZ,2025-09-22
789,"CURVA PVC 3/4""",MATERIAL - M,UNIDAD - UND,"014 - 014 - INSTALACIONES ELECTRICAS, VOZ Y DATOS",1.0,19,1.19,True,False,DIEGO ANDRES RODRIGUEZ RODRIGUEZ,2025-09-22
790,"CURVA PVC 4""",MATERIAL - M,UNIDAD - UND,"014 - 014 - INSTALACIONES ELECTRICAS, VOZ Y DATOS",1.0,19,1.19,True,False,DIEGO ANDRES RODRIGUEZ RODRIGUEZ,2025-09-22
791,CURVA.ELECT.EMT 1/2 PULG,MATERIAL - M,UNIDAD - UND,"014 - 014 - INSTALACIONES ELECTRICAS, VOZ Y DATOS",1.0,19,1.19,True,False,DIEGO ANDRES RODRIGUEZ RODRIGUEZ,2025-09-22
792,"CURVAS CONDUIT 1/2""",MATERIAL - M,UNIDAD - UND,"014 - 014 - INSTALACIONES ELECTRICAS, VOZ Y DATOS",493.99,19,587.85,True,False,DIEGO ANDRES RODRIGUEZ RODRIGUEZ,2025-09-22
793,DESAGUE SIFON LAVAMANOS ORINAL GRV LT,MATERIAL - M,UNIDAD - UND,013 - 013 - INSTALACIONES HIDROSANITARIAS,1.0,0,1.0,True,False,,
794,SIFON LAVAPLATOS EN (P),MATERIAL - M,UNIDAD - UND,013 - 013 - INSTALACIONES HIDROSANITARIAS,8364.18,19,9953.37,True,False,DIEGO ANDRES RODRIGUEZ RODRIGUEZ,2025-09-09
795,DESCANSAPIES AJUSTABLE,DOTACION - D,UNIDAD - UND,029 - 029 - SG-SST,1.0,0,1.0,True,False,,
796,DESINFECTANTE PARA PISO * 3000 ML,CONSUMIBLES - C,UNIDAD - UND,027 - 027 - ASEO Y CAFETERIA,1.0,19,1.19,True,False,DIEGO ANDRES RODRIGUEZ RODRIGUEZ,2025-09-15
797,DESMOL CONCRETE X CUNETE,MATERIAL - M,UNIDAD - UND,001 - 001 - ADHESIVOS Y ADITIVOS,1.0,19,1.19,True,False,DIEGO ANDRES RODRIGUEZ RODRIGUEZ,2025-07-29
798,DESMOLDATOC TOXEMENT (16 KG),MATERIAL - M,KILOGRAMO - KG,001 - 001 - ADHESIVOS Y ADITIVOS,1.0,19,1.19,True,False,DIEGO ANDRES RODRIGUEZ RODRIGUEZ,2025-07-29
799,DETECTOR DE CALOR,EQUIPO - E,UNIDAD - UND,016 - 016 - REDES CONTRA INCENDIO,1.0,0,1.0,True,False,,
800,DETECTOR DE HUMO,EQUIPO - E,UNIDAD - UND,029 - 029 - SG-SST,1.0,0,1.0,True,False,,
801,DETECTOR DE HUMO FOTOELECTRICO,EQUIPO - E,UNIDAD - UND,016 - 016 - REDES CONTRA INCENDIO,1.0,0,1.0,True,False,,
802,DETERGENTE EN POLVO * 100GR,CONSUMIBLES - C,UNIDAD - UND,027 - 027 - ASEO Y CAFETERIA,1.0,19,1.19,True,False,DIEGO ANDRES RODRIGUEZ RODRIGUEZ,2025-09-15
803,DIAGNOSTICO DE CONDICIONES DE SALUD,SERVICIOS - Q,UNIDAD - UND,031 - 031 - SERVICIOS MEDICOS,1.0,0,1.0,True,False,,
804,DIAGNOSTICO DE VIVIENDA,DISEÑO-CONSULTORIA - F,UNIDAD - UND,040 - 040 - DISEÑOS Y CONSULTORIAS,1.0,0,1.0,True,False,,
805,"DIAGONAL EN V DE 1.10 MTS ENTRE HUECOS X 40 CM X 3/16""",MATERIAL - M,UNIDAD - UND,015 - 015 - REDES ELECTRICAS,1.0,19,1.19,True,False,DIEGO ANDRES RODRIGUEZ RODRIGUEZ,2025-09-22
806,DIAGONAL EN V DE 1.5 MTS ENTRE HUECOS,MATERIAL - M,UNIDAD - UND,015 - 015 - REDES ELECTRICAS,1.0,19,1.19,True,False,DIEGO ANDRES RODRIGUEZ RODRIGUEZ,2025-09-22
807,"DIAGONAL GALV. RECTA 0.6MT. *1 1/2*3/16""",MATERIAL - M,UNIDAD - UND,015 - 015 - REDES ELECTRICAS,19641.2,19,23373.03,True,False,DIEGO ANDRES RODRIGUEZ RODRIGUEZ,2025-09-22
808,"DIAGONAL GALV.ANG. 1 1/2*1 1/2*3/16""*0,68M",MATERIAL - M,UNIDAD - UND,015 - 015 - REDES ELECTRICAS,18957.27,19,22559.15,True,False,DIEGO ANDRES RODRIGUEZ RODRIGUEZ,2025-09-22
809,"DIAGONAL GALV.ANG. 1 1/2*1 1/2*3/16""*1,10 MTS",MATERIAL - M,UNIDAD - UND,015 - 015 - REDES ELECTRICAS,1.0,19,1.19,True,False,DIEGO ANDRES RODRIGUEZ RODRIGUEZ,2025-09-22
810,"DIAGONAL GALV.ANG. 1 1/2*1 1/2*3/16""*1,1M",MATERIAL - M,UNIDAD - UND,015 - 015 - REDES ELECTRICAS,1.0,19,1.19,True,False,DIEGO ANDRES RODRIGUEZ RODRIGUEZ,2025-09-22
811,DIAGONAL METALICA EN ANGULO TIPO 1,MATERIAL - M,UNIDAD - UND,015 - 015 - REDES ELECTRICAS,1.0,19,1.19,True,False,DIEGO ANDRES RODRIGUEZ RODRIGUEZ,2025-09-22
812,DIBUJANTE,NOMINA - N,MES - MS,025 - 025 - PERSONAL ADMINISTRATIVO,1.0,0,1.0,True,False,,
813,DIFERENCIAL 3TON,EQUIPO - E,HORA - HR,022 - 022 - MAQUINARIA Y EQUIPO,1.0,0,1.0,True,False,,
814,DIQUE DE CONTENCION DE DERRAMES,CONSUMIBLES - C,UNIDAD - UND,029 - 029 - SG-SST,1.0,19,1.19,True,False,DIEGO ANDRES RODRIGUEZ RODRIGUEZ,2025-09-15
815,DIRECTOR DE OBRA,NOMINA - N,UNIDAD - UND,025 - 025 - PERSONAL ADMINISTRATIVO,1.0,0,1.0,True,False,,
816,DIRECTOR DE PROYECTO,HONORARIOS - H,MES - MS,025 - 025 - PERSONAL ADMINISTRATIVO,1.0,0,1.0,True,False,,
817,"DISCO DE CORTE PARA TRONZADORA 14""",MATERIAL - M,UNIDAD - UND,020 - 020 - FERRETERIA MENOR,15568.01,19,18525.93,True,False,DIEGO ANDRES RODRIGUEZ RODRIGUEZ,2025-09-16
818,DISCOS DE CORTE,MATERIAL - M,UNIDAD - UND,020 - 020 - FERRETERIA MENOR,1.0,19,1.19,True,False,DIEGO ANDRES RODRIGUEZ RODRIGUEZ,2025-09-16
819,DISCOS DE PULIR,MATERIAL - M,UNIDAD - UND,020 - 020 - FERRETERIA MENOR,10500.0,19,12495.0,True,False,DIEGO ANDRES RODRIGUEZ RODRIGUEZ,2025-09-16
820,"DISCO DIAMANTADO CORTE CONCRETO DE 4""",MATERIAL - M,UNIDAD - UND,020 - 020 - FERRETERIA MENOR,7028.81,19,8364.28,True,False,DIEGO ANDRES RODRIGUEZ RODRIGUEZ,2025-09-16
821,"DISCOS MAMPOSTERIA 9*1/8""",MATERIAL - M,UNIDAD - UND,020 - 020 - FERRETERIA MENOR,1.0,19,1.19,True,False,DIEGO ANDRES RODRIGUEZ RODRIGUEZ,2025-09-16
822,"DISENO, MEMORIAS, PLANOS DE TALLER",DISEÑO-CONSULTORIA - F,UNIDAD - UND,040 - 040 - DISEÑOS Y CONSULTORIAS,1.0,0,1.0,True,False,,
823,DISOLVENTE PARA PINTURA DE DEMARCACION VIAL (XILOL),MATERIAL - M,GALON - GAL,021 - 021 - PAVIMENTOS,1.0,0,1.0,True,False,,
824,DISOLVENTE THINNER O SIMILAR,MATERIAL - M,GALON - GAL,017 - 017 - ACABADOS Y PINTURA,28333.8,0,28333.8,True,False,,
825,DISPENSADOR DE AGUA,EQUIPO - E,UNIDAD - UND,008 - 008 - MOBILIARIO URBANO,1.0,19,1.19,True,False,MARIA PAULA BALLEN MANOSALVA,2025-07-29
826,DISPENSADOR DE JABON HORIZONTAL EN ACERO INOXIDABLE 1 LT TIPO PUSH DE SOBREPONER EN MURO,MATERIAL - M,UNIDAD - UND,011 - 011 - GRIFERIA Y APARATOS HIDROSANITARIOS,1.0,0,1.0,True,False,,
827,DISPENSADORES PAPEL INDUSTRIAL,MATERIAL - M,UNIDAD - UND,011 - 011 - GRIFERIA Y APARATOS HIDROSANITARIOS,1.0,0,1.0,True,False,,
828,DISPENSADORES PARA JABON PLASTICO,MATERIAL - M,UNIDAD - UND,011 - 011 - GRIFERIA Y APARATOS HIDROSANITARIOS,1.0,0,1.0,True,False,,
829,DIVISIONES EN ALUMINIO PARA BANOS,MATERIAL - M,METRO CUADRADO - M2,018 - 018 - CARPINTERIA METALICA,1.0,0,1.0,True,False,,
830,"DIVISORIO EN ALUMINIO PARA BANO VIDRIO TEMPLADO 5 MM H=1,90 M O SIMILAR",MATERIAL - M,UNIDAD - UND,018 - 018 - CARPINTERIA METALICA,1.0,0,1.0,True,False,,
831,DOMINIO CONYCASOLUCIONES.COM ( HOSTING)+ACTUALIZACIONES,LICENCIAS - L,UNIDAD - UND,039 - 039 - LICENCIAS OFIMATICAS,1.0,0,1.0,True,False,,
832,DPS 80KA TRIFASICO 4 HILOS + TIERRA,EQUIPO - E,UNIDAD - UND,"014 - 014 - INSTALACIONES ELECTRICAS, VOZ Y DATOS",1.0,19,1.19,True,False,DIEGO ANDRES RODRIGUEZ RODRIGUEZ,2025-09-22
833,DPS PARA CABLE UTP,MATERIAL - M,UNIDAD - UND,015 - 015 - REDES ELECTRICAS,1.0,19,1.19,True,False,DIEGO ANDRES RODRIGUEZ RODRIGUEZ,2025-09-22
834,DUCHA SENCILLA,MATERIAL - M,UNIDAD - UND,011 - 011 - GRIFERIA Y APARATOS HIDROSANITARIOS,13864.97,0,13864.97,True,False,DIEGO ANDRES RODRIGUEZ RODRIGUEZ,2025-08-19
835,DUCHA SENCILLA MONOMANDO NIQUELADA,MATERIAL - M,UNIDAD - UND,011 - 011 - GRIFERIA Y APARATOS HIDROSANITARIOS,15233.98,0,15233.98,True,False,,
836,"DUCTO EN LAMINA FIBRA DE VIDRIO 1""",MATERIAL - M,UNIDAD - UND,004 - 004 - CUBIERTA Y CANALES,1.0,19,1.19,True,False,MARIA PAULA BALLEN MANOSALVA,2025-07-29
837,DUCTO PARA CAMPANA EXTRACTORA EN ACERO INOXIDABLE INC. ACCESORIOS,MATERIAL - M,METRO - M,018 - 018 - CARPINTERIA METALICA,1.0,0,1.0,True,False,,
838,ELECTROCARDIOGRAMA,SERVICIOS - Q,UNIDAD - UND,031 - 031 - SERVICIOS MEDICOS,1.0,0,1.0,True,False,,
839,EMBUDOS LAMINA CAL.26 DE 4 PULG,MATERIAL - M,METRO - M,004 - 004 - CUBIERTA Y CANALES,1.0,19,1.19,True,False,MARIA PAULA BALLEN MANOSALVA,2025-07-29
840,EMISION NOMINA ELECTRONICA,LICENCIAS - L,UNIDAD - UND,039 - 039 - LICENCIAS OFIMATICAS,1.0,0,1.0,True,False,,
841,EMPALME AUTODEFORRE CABLE 12 AWG,MATERIAL - M,UNIDAD - UND,015 - 015 - REDES ELECTRICAS,1.0,19,1.19,True,False,DIEGO ANDRES RODRIGUEZ RODRIGUEZ,2025-09-22
842,EMPALME TIPO RESORTE,MATERIAL - M,UNIDAD - UND,"014 - 014 - INSTALACIONES ELECTRICAS, VOZ Y DATOS",1.0,19,1.19,True,False,DIEGO ANDRES RODRIGUEZ RODRIGUEZ,2025-09-22
843,EMPALME TUBULAR NO. 2 AWG,MATERIAL - M,UNIDAD - UND,015 - 015 - REDES ELECTRICAS,1.0,19,1.19,True,False,DIEGO ANDRES RODRIGUEZ RODRIGUEZ,2025-09-22
844,EMPALME TUBULAR NO.10 AWG,MATERIAL - M,UNIDAD - UND,015 - 015 - REDES ELECTRICAS,1.0,19,1.19,True,False,DIEGO ANDRES RODRIGUEZ RODRIGUEZ,2025-09-22
845,"EMPAQUE BRIDA EN NEOPRENO DE 1/8"" DE 2""-1/2",MATERIAL - M,UNIDAD - UND,012 - 012 - INSTALACIONES HIDRAULICAS,1.0,0,1.0,True,False,,
846,"EMPAQUE BRIDA EN NEOPRENO DE 1/8"" DE 3""",MATERIAL - M,UNIDAD - UND,012 - 012 - INSTALACIONES HIDRAULICAS,1.0,0,1.0,True,False,,
847,"EMPAQUE BRIDA EN NEOPRENO DE 1/8"" DE 4""",MATERIAL - M,UNIDAD - UND,012 - 012 - INSTALACIONES HIDRAULICAS,1.0,0,1.0,True,False,,
848,"EMPAQUE BRIDA EN NEOPRENO DE 1/8"" DE 6""",MATERIAL - M,UNIDAD - UND,012 - 012 - INSTALACIONES HIDRAULICAS,1.0,0,1.0,True,False,,
849,EMPLAME DE DERIVACION EN GEL GHFC-1,MATERIAL - M,UNIDAD - UND,015 - 015 - REDES ELECTRICAS,1.0,19,1.19,True,False,DIEGO ANDRES RODRIGUEZ RODRIGUEZ,2025-09-22
850,EMULSION ASFALTICA 18 KILOS,MATERIAL - M,KILOGRAMO - KG,001 - 001 - ADHESIVOS Y ADITIVOS,1.0,19,1.19,True,False,DIEGO ANDRES RODRIGUEZ RODRIGUEZ,2025-07-29
851,EMULSION CRL-57 (CRL-1),MATERIAL - M,LITRO - LT,021 - 021 - PAVIMENTOS,1.0,0,1.0,True,False,,
852,"ENCHAPE CERAMICO COLOR BEIGE ACABADO MATE, 30X45",MATERIAL - M,METRO CUADRADO - M2,009 - 009 - ENCHAPES,1.0,19,1.19,True,False,MARIA PAULA BALLEN MANOSALVA,2025-07-29
853,"ENCHAPE CERAMICO IMITACION PIZARRA NATURAL BLANCO, 33.8X33.8",MATERIAL - M,METRO CUADRADO - M2,009 - 009 - ENCHAPES,1.0,19,1.19,True,False,MARIA PAULA BALLEN MANOSALVA,2025-07-29
854,ENCHAPE DE PISO SEMIBRILLANTE (60 X 60 CM) COLORES CLAROS,MATERIAL - M,METRO CUADRADO - M2,009 - 009 - ENCHAPES,24030.11,19,28595.83,True,False,MARIA PAULA BALLEN MANOSALVA,2026-01-22
855,ENCHAPE ANTIDESLIZNTE CALIDAD PRIMERA (60 X 60 CM) REF. NORDICO BEIGE CORAL,MATERIAL - M,METRO CUADRADO - M2,009 - 009 - ENCHAPES,28570.4,19,33998.78,True,False,MARIA PAULA BALLEN MANOSALVA,2026-05-19
856,EQUIPO COMPACTO DE MEDIDA TIPO MK 17,MATERIAL - M,UNIDAD - UND,015 - 015 - REDES ELECTRICAS,43554000.0,19,51829260.0,True,False,DIEGO ANDRES RODRIGUEZ RODRIGUEZ,2025-09-22
857,EQUIPO DE COMPUTO,EQUIPO - E,UNIDAD - UND,028 - 028 - EQUIPOS TECNOLOGICOS,1.0,0,1.0,True,False,,
858,EQUIPO DE COMPUTO PORTATIL,EQUIPO - E,UNIDAD - UND,028 - 028 - EQUIPOS TECNOLOGICOS,2200000.0,0,2200000.0,True,False,,
859,EQUIPO DE COMUNICACION,MATERIAL - M,UNIDAD - UND,015 - 015 - REDES ELECTRICAS,1.0,19,1.19,True,False,DIEGO ANDRES RODRIGUEZ RODRIGUEZ,2025-09-22
860,EQUIPO DE COMUNICACIONES PARA CONEXION DEL INVERSOR A RED,EQUIPO - E,UNIDAD - UND,"014 - 014 - INSTALACIONES ELECTRICAS, VOZ Y DATOS",1.0,19,1.19,True,False,DIEGO ANDRES RODRIGUEZ RODRIGUEZ,2025-09-22
861,DISTANCIOMETROS DE 40 M,EQUIPO - E,UNIDAD - UND,022 - 022 - MAQUINARIA Y EQUIPO,187318.0,19,222908.42,True,False,MARIA PAULA BALLEN MANOSALVA,2025-07-28
862,EQUIPO DE PINTURA (COMPRESOR) PRESION MAXIMA DE TRABAJO 7 HP,EQUIPO - E,HORA - HR,022 - 022 - MAQUINARIA Y EQUIPO,1.0,0,1.0,True,False,,
863,"EQUIPO DE PRECISION, INCLUYE UNA UNIDADES EXTERIORES Y UNA UNIDADES INTERIORES MARCA DATA COOL REFERENCIA UACP-DX-01/02 (BACKUP), CAPACIDAD 60.000 BTU/H, CAUDAL 1750 CFM, COMPRESOR 14.4A, TIPO DE COMPRESOR SCROLL, HUMIDIFICADOR 5KG/HE",EQUIPO - E,UNIDAD - UND,"014 - 014 - INSTALACIONES ELECTRICAS, VOZ Y DATOS",1.0,19,1.19,True,False,DIEGO ANDRES RODRIGUEZ RODRIGUEZ,2025-09-22
864,EQUIPO DE PROTECCION Y MANIOBRA CON CABLE DE CONTROL 36 KV 800 A,MATERIAL - M,UNIDAD - UND,015 - 015 - REDES ELECTRICAS,1.0,19,1.19,True,False,DIEGO ANDRES RODRIGUEZ RODRIGUEZ,2025-09-22
865,EQUIPO DE PROYECCION VIDEO BEAM CON ACCESORIOS,EQUIPO - E,HORA - HR,022 - 022 - MAQUINARIA Y EQUIPO,1.0,0,1.0,True,False,,
866,EQUIPO DE SOLDADURA,EQUIPO - E,DIA - DIA,022 - 022 - MAQUINARIA Y EQUIPO,1.0,0,1.0,True,False,,
867,ESCALERA PLEGABLE 600X1100X2700 - 150KG EN ALUMINIO,EQUIPO - E,UNIDAD - UND,034 - 034 - MANTENIMIENTO,1.0,0,1.0,True,False,,
868,ESCALERA TIPO EXTENSION CERTIFICADA,EQUIPO - E,UNIDAD - UND,029 - 029 - SG-SST,1.0,0,1.0,True,False,,
869,ESCALERA TIPO TIJERA CERTIFICADA,EQUIPO - E,UNIDAD - UND,029 - 029 - SG-SST,1.0,0,1.0,True,False,,
870,ESCANNER,EQUIPO - E,UNIDAD - UND,028 - 028 - EQUIPOS TECNOLOGICOS,1.0,0,1.0,True,False,,
871,ESCOBA,CONSUMIBLES - C,UNIDAD - UND,027 - 027 - ASEO Y CAFETERIA,1.0,19,1.19,True,False,DIEGO ANDRES RODRIGUEZ RODRIGUEZ,2025-09-15
872,ESCOTILLA ACCESO A CUBIERTA: SUMINISTRO E INSTALACION DE ESCOTILLA ACCESO A CUBIERTA CON PERFIL ALN 315 EN COLOR BLANCO MATE (DIMENSIONES 1200X1000),MATERIAL - M,UNIDAD - UND,004 - 004 - CUBIERTA Y CANALES,1.0,19,1.19,True,False,MARIA PAULA BALLEN MANOSALVA,2025-07-29
873,"ESLABON EN ""U"" RETORCIDO CON PASADOR 5/8""",MATERIAL - M,UNIDAD - UND,015 - 015 - REDES ELECTRICAS,1.0,19,1.19,True,False,DIEGO ANDRES RODRIGUEZ RODRIGUEZ,2025-09-22
874,"ESLABON EN U CON PASADOR 5/8"" PARA AISLADOR C.R. 15000 LB",MATERIAL - M,UNIDAD - UND,015 - 015 - REDES ELECTRICAS,1.0,19,1.19,True,False,DIEGO ANDRES RODRIGUEZ RODRIGUEZ,2025-09-22
875,ESLINGA DE POSICIONAMIENTO,EQUIPO - E,UNIDAD - UND,029 - 029 - SG-SST,1.0,0,1.0,True,False,,
876,ESLINGA EN Y CON ABSORBEDOR,EQUIPO - E,UNIDAD - UND,029 - 029 - SG-SST,1.0,0,1.0,True,False,,
877,ESLINGA EN Y SENCILLA,EQUIPO - E,UNIDAD - UND,029 - 029 - SG-SST,1.0,0,1.0,True,False,,
878,ESMALTE ALQUIDICO,MATERIAL - M,GALON - GAL,017 - 017 - ACABADOS Y PINTURA,1.0,0,1.0,True,False,,
879,ESPACIADOR ANGULAR DE 15KV POLIMERICO RED COMPACTA DE 15KV,MATERIAL - M,UNIDAD - UND,015 - 015 - REDES ELECTRICAS,1.0,19,1.19,True,False,DIEGO ANDRES RODRIGUEZ RODRIGUEZ,2025-09-22
880,ESPARADRAPO,CONSUMIBLES - C,UNIDAD - UND,029 - 029 - SG-SST,1.0,19,1.19,True,False,DIEGO ANDRES RODRIGUEZ RODRIGUEZ,2025-09-15
881,"ESPARRAGO ROSCADO 5/8"" X 12"", 4 TUERCAS",MATERIAL - M,UNIDAD - UND,015 - 015 - REDES ELECTRICAS,6203.35,19,7381.99,True,False,DIEGO ANDRES RODRIGUEZ RODRIGUEZ,2025-09-22
882,"ESPARRAGO ROSCADO 5/8"" X 14"", 4 TUERCAS",MATERIAL - M,UNIDAD - UND,015 - 015 - REDES ELECTRICAS,8589.43,19,10221.42,True,False,DIEGO ANDRES RODRIGUEZ RODRIGUEZ,2025-09-22
883,"ESPARRAGO ROSCADO 5/8"" X 18"", 4 TUERCAS",MATERIAL - M,UNIDAD - UND,015 - 015 - REDES ELECTRICAS,1.0,19,1.19,True,False,DIEGO ANDRES RODRIGUEZ RODRIGUEZ,2025-09-22
884,ESPEJO BANO 40CM X 30CM,MATERIAL - M,UNIDAD - UND,018 - 018 - CARPINTERIA METALICA,14000.0,0,14000.0,True,False,LUIS FERNANDO CAMPO ACOSTA,2025-06-24
885,ESPEJO BISELADO 4 MM.,MATERIAL - M,METRO CUADRADO - M2,041 - 041 - MUEBLES Y ENSERES,1.0,0,1.0,True,False,,
886,"ESPIGO CRUCETA METALICA 5/8 X 8"" 13.2 KV",MATERIAL - M,UNIDAD - UND,015 - 015 - REDES ELECTRICAS,10348.6,19,12314.83,True,False,DIEGO ANDRES RODRIGUEZ RODRIGUEZ,2025-09-22
887,ESPRIOMETRIA,SERVICIOS - Q,UNIDAD - UND,031 - 031 - SERVICIOS MEDICOS,1.0,0,1.0,True,False,,
888,ESPUMA DE POLIURETANO AUTOEXPANDIBLE SIKA BOOM,MATERIAL - M,UNIDAD - UND,001 - 001 - ADHESIVOS Y ADITIVOS,1.0,19,1.19,True,False,DIEGO ANDRES RODRIGUEZ RODRIGUEZ,2025-07-29
889,ESTACION MANUAL DIRECCIONABLE DOBLE ACCION ROJO,EQUIPO - E,UNIDAD - UND,016 - 016 - REDES CONTRA INCENDIO,1.0,0,1.0,True,False,,
890,ESTOPA,MATERIAL - M,KILOGRAMO - KG,020 - 020 - FERRETERIA MENOR,8291.72,19,9867.15,True,False,DIEGO ANDRES RODRIGUEZ RODRIGUEZ,2025-09-16
891,ESTRIBO DE SOPORTE TANGENCIAL,MATERIAL - M,UNIDAD - UND,015 - 015 - REDES ELECTRICAS,1.0,19,1.19,True,False,DIEGO ANDRES RODRIGUEZ RODRIGUEZ,2025-09-22
892,ESTRUCTURA METALICA,MATERIAL - M,KILOGRAMO - KG,003 - 003 - ACEROS Y REFUERZOS METALICO,1.0,0,1.0,True,False,,
893,ESTRUCTURA PARA TECHO TRAPEZOIDAL EN ALUMINIO DE ALTA RESISTENCIA QUE INCLUYE: ELEMENTOS DE FIJACION DE LOS PANELES,MATERIAL - M,METRO LINEAL - ML,004 - 004 - CUBIERTA Y CANALES,1.0,19,1.19,True,False,MARIA PAULA BALLEN MANOSALVA,2025-07-29
894,ESTUCO EN PASTA PINTUCO O SIMILAR,MATERIAL - M,GALON - GAL,017 - 017 - ACABADOS Y PINTURA,1.0,0,1.0,True,False,,
895,ESTUCO PLASTICO ACRILICO PARA INTERIOR 30KG,MATERIAL - M,UNIDAD - UND,017 - 017 - ACABADOS Y PINTURA,51399.75,0,51399.75,True,False,DIEGO ANDRES RODRIGUEZ RODRIGUEZ,2025-08-11
896,ESTUCO PLASTICO,MATERIAL - M,KILOGRAMO - KG,017 - 017 - ACABADOS Y PINTURA,1778.0,0,1778.0,True,False,,
897,ESTUCO PLASTICO ACRILICO EXTERIOR 30KG,MATERIAL - M,CUÑETE - CÑT,017 - 017 - ACABADOS Y PINTURA,94079.78,0,94079.78,True,False,DIEGO ANDRES RODRIGUEZ RODRIGUEZ,2025-08-11
898,ESTUCO PLASTICO EN MATERIAL MINERAL POR BULTO O SIMILAR,MATERIAL - M,KILOGRAMO - KG,017 - 017 - ACABADOS Y PINTURA,1.0,0,1.0,True,False,,
899,ESTUCOR CORONA O SIMILAR PARA FECHADA,MATERIAL - M,KILOGRAMO - KG,017 - 017 - ACABADOS Y PINTURA,1.0,0,1.0,True,False,,
900,EXAMEN MEDICO OCUPACIONAL DE INGRESO ENFASIS OSTEOMUSCULAR,SERVICIOS - Q,UNIDAD - UND,031 - 031 - SERVICIOS MEDICOS,1.0,0,1.0,True,False,,
901,EXAMEN MEDICO OCUPACIONAL DE RETIRO,SERVICIOS - Q,UNIDAD - UND,031 - 031 - SERVICIOS MEDICOS,1.0,0,1.0,True,False,,
902,EXAMEN MEDICO OCUPACIONAL PERIODICO,SERVICIOS - Q,UNIDAD - UND,031 - 031 - SERVICIOS MEDICOS,1.0,0,1.0,True,False,,
903,EXAMEN OSTEOMUSCULAR (ENFASIS),SERVICIOS - Q,UNIDAD - UND,031 - 031 - SERVICIOS MEDICOS,1.0,0,1.0,True,False,,
904,"EXPULSADOR DE AIRE 2.5"", CAUDAL 15 LATS/S, ACERO GALVANIZADO. INCLUYE LOS ACCESORIOS QUE SE INDICAN EN LOS PLANOS DE DETALLE DE MONTAJE",EQUIPO - E,UNIDAD - UND,026 - 026 - EQUIPOS ESPECIALIZADOS,1.0,0,1.0,True,False,,
905,EXTINTOR CO2 20 LBS,MATERIAL - M,UNIDAD - UND,016 - 016 - REDES CONTRA INCENDIO,989604.0,0,989604.0,True,False,,
906,EXTINTOR GAS CARBONICO 10 LB,ATENCIÓN EMERGENCIA - A,UNIDAD - UND,029 - 029 - SG-SST,1.0,19,1.19,True,False,DIEGO ANDRES RODRIGUEZ RODRIGUEZ,2025-09-15
907,EXTINTOR MULTIPROPOSITO 10LB,ATENCIÓN EMERGENCIA - A,UNIDAD - UND,029 - 029 - SG-SST,60440.1,19,71923.72,True,False,DIEGO ANDRES RODRIGUEZ RODRIGUEZ,2025-09-15
908,EXTINTOR MULTIPROPOSITO 30LB,ATENCIÓN EMERGENCIA - A,UNIDAD - UND,029 - 029 - SG-SST,1.0,19,1.19,True,False,DIEGO ANDRES RODRIGUEZ RODRIGUEZ,2025-09-15
909,"EXTRACTOR INDUSTRIAL AXIAL MONOFASICO DE 12"" Y DEMAS",EQUIPO - E,UNIDAD - UND,026 - 026 - EQUIPOS ESPECIALIZADOS,1.0,0,1.0,True,False,,
910,EXTRACTORES DE BANO MARCA SOLER&PALAU DE 58 CFM,MATERIAL - M,UNIDAD - UND,018 - 018 - CARPINTERIA METALICA,1.0,0,1.0,True,False,,
911,"FACE PLATE DOBLE RJ-45, CAT. 6 (DATOS)",MATERIAL - M,UNIDAD - UND,"014 - 014 - INSTALACIONES ELECTRICAS, VOZ Y DATOS",6470.98,19,7700.47,True,False,DIEGO ANDRES RODRIGUEZ RODRIGUEZ,2025-09-22
912,FACE PLATE DE UN PUESTO,ELEMEN. PROTECCION - P,UNIDAD - UND,029 - 029 - SG-SST,1.0,0,1.0,True,False,,
913,FAJA SOPORTE LUMBAR,MATERIAL - M,METRO LINEAL - ML,010 - 010 - MAMPOSTERIA,1.0,0,1.0,True,False,,
914,"FIBRA OPTICA 6 HILOS, MULTIMODO 50/125UM OM3, TIPO EXTERIOR, CON ARMADURA METALICA, COLOR NEGRO",CONSUMIBLES - C,UNIDAD - UND,"014 - 014 - INSTALACIONES ELECTRICAS, VOZ Y DATOS",1.0,19,1.19,True,False,DIEGO ANDRES RODRIGUEZ RODRIGUEZ,2025-09-15
915,FIJACIONES,MATERIAL - M,UNIDAD - UND,012 - 012 - INSTALACIONES HIDRAULICAS,1.0,0,1.0,True,False,,
916,FILTROS DE PINTURA - VAPORES ORGANICOS 3M,MATERIAL - M,UNIDAD - UND,012 - 012 - INSTALACIONES HIDRAULICAS,1.0,0,1.0,True,False,,
917,FILTROS PARA HUMOS METALICOS 3M,CONSUMIBLES - C,UNIDAD - UND,005 - 005 - PAPELERIA,1.0,19,1.19,True,False,MARIA PAULA BALLEN MANOSALVA,2025-07-29
918,FLANCHE EN LAMINA GALVANIZADA 25 X 240CM - CALIBRE 26,MATERIAL - M,UNIDAD - UND,004 - 004 - CUBIERTA Y CANALES,21157.73,19,25177.7,True,False,MARIA PAULA BALLEN MANOSALVA,2025-07-29
919,FLECHADORES,EQUIPO - E,DIA - DIA,022 - 022 - MAQUINARIA Y EQUIPO,1.0,0,1.0,True,False,,
920,"FLOTADOR MECANICO 1"".",MATERIAL - M,UNIDAD - UND,029 - 029 - SG-SST,1.0,0,1.0,True,False,,
921,"FLOTADOR MECANICO 1/2"".",MATERIAL - M,UNIDAD - UND,029 - 029 - SG-SST,1.0,0,1.0,True,False,,
922,FOLDER AZ T. CARTA,MATERIAL - M,UNIDAD - UND,015 - 015 - REDES ELECTRICAS,1.0,19,1.19,True,False,DIEGO ANDRES RODRIGUEZ RODRIGUEZ,2025-09-22
923,FORMALETA EN MADERA,MATERIAL - M,UNIDAD - UND,015 - 015 - REDES ELECTRICAS,1.0,19,1.19,True,False,DIEGO ANDRES RODRIGUEZ RODRIGUEZ,2025-09-22
924,FORMALETA METALICA,MATERIAL - M,UNIDAD - UND,015 - 015 - REDES ELECTRICAS,1.0,19,1.19,True,False,DIEGO ANDRES RODRIGUEZ RODRIGUEZ,2025-09-22
925,FORRO PARA CAMILLA DE EMERGENCIA,MATERIAL - M,UNIDAD - UND,015 - 015 - REDES ELECTRICAS,1.0,19,1.19,True,False,DIEGO ANDRES RODRIGUEZ RODRIGUEZ,2025-09-22
926,FORRO PARA EXTINTOR,ATENCIÓN EMERGENCIA - A,UNIDAD - UND,029 - 029 - SG-SST,1.0,19,1.19,True,False,DIEGO ANDRES RODRIGUEZ RODRIGUEZ,2025-09-15
927,FOTOCELDA PARA LUMINARIA,MATERIAL - M,UNIDAD - UND,"014 - 014 - INSTALACIONES ELECTRICAS, VOZ Y DATOS",1.0,19,1.19,True,False,DIEGO ANDRES RODRIGUEZ RODRIGUEZ,2025-09-22
928,FUSIBLE 1A 38 KV,MATERIAL - M,UNIDAD - UND,015 - 015 - REDES ELECTRICAS,1.0,19,1.19,True,False,DIEGO ANDRES RODRIGUEZ RODRIGUEZ,2025-09-22
929,"FUSIBLE DE HILO TIPO H, 15KV, 3 AMP.",MATERIAL - M,UNIDAD - UND,015 - 015 - REDES ELECTRICAS,1.0,19,1.19,True,False,DIEGO ANDRES RODRIGUEZ RODRIGUEZ,2025-09-22
930,FUSIBLE TIPO BOTELLA H-H 16AMP,MATERIAL - M,UNIDAD - UND,015 - 015 - REDES ELECTRICAS,1.0,19,1.19,True,False,DIEGO ANDRES RODRIGUEZ RODRIGUEZ,2025-09-22
931,FUTURA INTERRUPTOR SENCILLO 686510,MATERIAL - M,UNIDAD - UND,"014 - 014 - INSTALACIONES ELECTRICAS, VOZ Y DATOS",1.0,19,1.19,True,False,DIEGO ANDRES RODRIGUEZ RODRIGUEZ,2025-09-22
932,FUTURA TOMA CORRIENTE 2P/T 686533,MATERIAL - M,UNIDAD - UND,"014 - 014 - INSTALACIONES ELECTRICAS, VOZ Y DATOS",1.0,19,1.19,True,False,DIEGO ANDRES RODRIGUEZ RODRIGUEZ,2025-09-22
933,"GABINETE ALTERNADOR DE PLANTAS DE EMERGENCIA, INCLUYE BREAKERS MOTORIZADOS, PLC PARA CONTROL",MATERIAL - M,UNIDAD - UND,"014 - 014 - INSTALACIONES ELECTRICAS, VOZ Y DATOS",1.0,19,1.19,True,False,DIEGO ANDRES RODRIGUEZ RODRIGUEZ,2025-09-22
934,LLAVE SENCILLA PARA LAVAPLATOS - ECONOMICA,MATERIAL - M,UNIDAD - UND,011 - 011 - GRIFERIA Y APARATOS HIDROSANITARIOS,22875.09,19,27221.36,True,False,DIEGO ANDRES RODRIGUEZ RODRIGUEZ,2025-09-09
935,MANGUERA PARA LAVAPLATOS,MATERIAL - M,UNIDAD - UND,003 - 003 - ACEROS Y REFUERZOS METALICO,2659.2,19,3164.45,True,False,DIEGO ANDRES RODRIGUEZ RODRIGUEZ,2025-09-09
936,GABINETE MEDIDA,MATERIAL - M,UNIDAD - UND,015 - 015 - REDES ELECTRICAS,1.0,19,1.19,True,False,DIEGO ANDRES RODRIGUEZ RODRIGUEZ,2025-09-22
937,"GABINETE PARA TOALLAS DE PAPEL DE SOBREPONER EN ACERO INOXIDABLE, CAPACIDAD 300 TOALLAS",MATERIAL - M,UNIDAD - UND,003 - 003 - ACEROS Y REFUERZOS METALICO,1.0,0,1.0,True,False,,
938,"BREAKER INSTALACION EN RIEL DE 80 AMP., MONOFASICO, HOMOLOGADO",MATERIAL - M,UNIDAD - UND,"014 - 014 - INSTALACIONES ELECTRICAS, VOZ Y DATOS",70210.0,19,83549.9,True,False,DIEGO ANDRES RODRIGUEZ RODRIGUEZ,2025-09-22
939,GABINETE TIPO RACK CERRADO NEGRO DE 800X1200MM 45RU,MATERIAL - M,UNIDAD - UND,"014 - 014 - INSTALACIONES ELECTRICAS, VOZ Y DATOS",1.0,19,1.19,True,False,DIEGO ANDRES RODRIGUEZ RODRIGUEZ,2025-09-22
940,GABINETE TIPO RACK CERRADO PARA INSTALACION EN PARED DE 550X450X446MM 9RU,MATERIAL - M,UNIDAD - UND,"014 - 014 - INSTALACIONES ELECTRICAS, VOZ Y DATOS",1.0,19,1.19,True,False,DIEGO ANDRES RODRIGUEZ RODRIGUEZ,2025-09-22
941,GAFAS DE SEGURIDAD CLARAS,ELEMEN. PROTECCION - P,UNIDAD - UND,029 - 029 - SG-SST,4100.0,0,4100.0,True,False,,
942,GAFAS DE SEGURIDAD OSCURAS,ELEMEN. PROTECCION - P,UNIDAD - UND,029 - 029 - SG-SST,4150.0,0,4150.0,True,False,,
943,"GALAPAGO RANURADO DE 4"" X 1 1/2""",MATERIAL - M,UNIDAD - UND,012 - 012 - INSTALACIONES HIDRAULICAS,1.0,0,1.0,True,False,,
944,"GALAPAGO RANURADO DE 6"" X 1 1/2""",MATERIAL - M,UNIDAD - UND,012 - 012 - INSTALACIONES HIDRAULICAS,1.0,0,1.0,True,False,,
945,GANCHO GALVANIZADO,MATERIAL - M,UNIDAD - UND,004 - 004 - CUBIERTA Y CANALES,1.0,19,1.19,True,False,MARIA PAULA BALLEN MANOSALVA,2025-07-29
946,GANCHO LEGAJADOR *20,CONSUMIBLES - C,UNIDAD - UND,005 - 005 - PAPELERIA,1.0,19,1.19,True,False,MARIA PAULA BALLEN MANOSALVA,2025-07-29
947,GANCHO MARIPOSA *50,CONSUMIBLES - C,UNIDAD - UND,005 - 005 - PAPELERIA,1.0,19,1.19,True,False,MARIA PAULA BALLEN MANOSALVA,2025-07-29
948,GANCHO PARA GRAPADORA *5000 UND,CONSUMIBLES - C,UNIDAD - UND,005 - 005 - PAPELERIA,1.0,19,1.19,True,False,MARIA PAULA BALLEN MANOSALVA,2025-07-29
949,GAS OXIACETILENO,CONSUMIBLES - C,METRO CUBICO - M3,020 - 020 - FERRETERIA MENOR,1.0,19,1.19,True,False,DIEGO ANDRES RODRIGUEZ RODRIGUEZ,2025-09-16
950,GAS R-410,CONSUMIBLES - C,UNIDAD - UND,005 - 005 - PAPELERIA,1.0,19,1.19,True,False,MARIA PAULA BALLEN MANOSALVA,2025-07-29
951,GASA ESTERIL,CONSUMIBLES - C,UNIDAD - UND,029 - 029 - SG-SST,1.0,0,1.0,True,False,,
952,GERENTE,NOMINA - N,UNIDAD - UND,025 - 025 - PERSONAL ADMINISTRATIVO,1.0,0,1.0,True,False,,
953,GLICEMIA,SERVICIOS - Q,UNIDAD - UND,031 - 031 - SERVICIOS MEDICOS,1.0,0,1.0,True,False,,
954,GRANIPLAST,CONSUMIBLES - C,GALON - GAL,020 - 020 - FERRETERIA MENOR,1.0,19,1.19,True,False,DIEGO ANDRES RODRIGUEZ RODRIGUEZ,2025-09-16
955,GRAPA DE RETENCION TIPO PISTOLA PARA CABLE ACSR DESNUDO DE 6 - 2/0 AWG 2 UES,MATERIAL - M,UNIDAD - UND,015 - 015 - REDES ELECTRICAS,20867.83,19,24832.72,True,False,DIEGO ANDRES RODRIGUEZ RODRIGUEZ,2025-09-22
956,GRAPA BIMETALICA PARARRAYO T.F. A CU N° 2 AWG,MATERIAL - M,UNIDAD - UND,"014 - 014 - INSTALACIONES ELECTRICAS, VOZ Y DATOS",139487.04,19,165989.58,True,False,DIEGO ANDRES RODRIGUEZ RODRIGUEZ,2025-09-22
957,"GRAPA CHANNEL 1 1/2""",MATERIAL - M,UNIDAD - UND,"014 - 014 - INSTALACIONES ELECTRICAS, VOZ Y DATOS",1.0,19,1.19,True,False,DIEGO ANDRES RODRIGUEZ RODRIGUEZ,2025-09-22
958,"GRAPA CHANNEL 1""",MATERIAL - M,UNIDAD - UND,"014 - 014 - INSTALACIONES ELECTRICAS, VOZ Y DATOS",1.0,19,1.19,True,False,DIEGO ANDRES RODRIGUEZ RODRIGUEZ,2025-09-22
959,"GRAPA CHANNEL 2""",MATERIAL - M,UNIDAD - UND,"014 - 014 - INSTALACIONES ELECTRICAS, VOZ Y DATOS",1.0,19,1.19,True,False,DIEGO ANDRES RODRIGUEZ RODRIGUEZ,2025-09-22
960,"GRAPA CHANNEL 3/4""",MATERIAL - M,UNIDAD - UND,"014 - 014 - INSTALACIONES ELECTRICAS, VOZ Y DATOS",1.0,19,1.19,True,False,DIEGO ANDRES RODRIGUEZ RODRIGUEZ,2025-09-22
961,"GRAPA CHANNEL 4""",MATERIAL - M,UNIDAD - UND,"014 - 014 - INSTALACIONES ELECTRICAS, VOZ Y DATOS",1.0,19,1.19,True,False,DIEGO ANDRES RODRIGUEZ RODRIGUEZ,2025-09-22
962,GRAPA DE RETENCION PARA CABLE ACSR 336.4 MCM TIPO PISTOLA,MATERIAL - M,UNIDAD - UND,015 - 015 - REDES ELECTRICAS,1.0,19,1.19,True,False,DIEGO ANDRES RODRIGUEZ RODRIGUEZ,2025-09-22
963,GRAPA DE RETENCION PARA CABLE ACSR 6-2/0 AWG,MATERIAL - M,UNIDAD - UND,015 - 015 - REDES ELECTRICAS,1.0,19,1.19,True,False,DIEGO ANDRES RODRIGUEZ RODRIGUEZ,2025-09-22
964,"GRAPA DE RETENCION PARA CABLE DE GUARDA DE 3/8""",MATERIAL - M,UNIDAD - UND,015 - 015 - REDES ELECTRICAS,1.0,19,1.19,True,False,DIEGO ANDRES RODRIGUEZ RODRIGUEZ,2025-09-22
965,GRAPA DE RETENCION TIPO PISTOLA PARA CABLE ACSR DESNUDO DE 1/0 - 266.8MCM DE 3 UES.,MATERIAL - M,UNIDAD - UND,015 - 015 - REDES ELECTRICAS,1.0,19,1.19,True,False,DIEGO ANDRES RODRIGUEZ RODRIGUEZ,2025-09-22
966,GRAPA DE SUSPENSION PARA CABLE ACSR 2/0,MATERIAL - M,UNIDAD - UND,015 - 015 - REDES ELECTRICAS,1.0,19,1.19,True,False,DIEGO ANDRES RODRIGUEZ RODRIGUEZ,2025-09-22
967,GRAPA DE SUSPENSION PARA CABLE ACSR 336.4 MCM,MATERIAL - M,UNIDAD - UND,015 - 015 - REDES ELECTRICAS,1.0,19,1.19,True,False,DIEGO ANDRES RODRIGUEZ RODRIGUEZ,2025-09-22
968,GRAPA DE SUSPENSION PARA CABLE ACSR 4/0,MATERIAL - M,UNIDAD - UND,015 - 015 - REDES ELECTRICAS,1.0,19,1.19,True,False,DIEGO ANDRES RODRIGUEZ RODRIGUEZ,2025-09-22
969,GRAPA DE SUSPENSION PARA CABLE DE GUARDA,MATERIAL - M,UNIDAD - UND,015 - 015 - REDES ELECTRICAS,1.0,19,1.19,True,False,DIEGO ANDRES RODRIGUEZ RODRIGUEZ,2025-09-22
970,GRAPA PRENSORA PLANA 3 PERNOS,MATERIAL - M,UNIDAD - UND,"014 - 014 - INSTALACIONES ELECTRICAS, VOZ Y DATOS",1.0,19,1.19,True,False,DIEGO ANDRES RODRIGUEZ RODRIGUEZ,2025-09-22
971,"GRAPA PRENSORA TIPO 3 PERNOS 1/2 - 3/8""",MATERIAL - M,UNIDAD - UND,015 - 015 - REDES ELECTRICAS,31405.61,19,37372.68,True,False,DIEGO ANDRES RODRIGUEZ RODRIGUEZ,2025-09-22
972,GRAPA RETENCION HIERRO FORJ. CABLE ACERO 1/4 - 1/2,MATERIAL - M,UNIDAD - UND,015 - 015 - REDES ELECTRICAS,1.0,19,1.19,True,False,DIEGO ANDRES RODRIGUEZ RODRIGUEZ,2025-09-22
973,"GRAPA UNIVERSAL CONEXION EN T, CRUZ/ PARALELO, EN ALUMINIO, SISTEMA MULTI-CLAMP, CON TORNILLO HEXAGONAL, PARA CABLE 8 A 10 MM DE DIAMETRO.",MATERIAL - M,UNIDAD - UND,"014 - 014 - INSTALACIONES ELECTRICAS, VOZ Y DATOS",1.0,19,1.19,True,False,DIEGO ANDRES RODRIGUEZ RODRIGUEZ,2025-09-22
974,GRAPADORA MEDIANA,CONSUMIBLES - C,UNIDAD - UND,005 - 005 - PAPELERIA,1.0,19,1.19,True,False,MARIA PAULA BALLEN MANOSALVA,2025-07-29
975,GRAPAS,MATERIAL - M,UNIDAD - UND,"014 - 014 - INSTALACIONES ELECTRICAS, VOZ Y DATOS",1.0,19,1.19,True,False,DIEGO ANDRES RODRIGUEZ RODRIGUEZ,2025-09-22
976,GRASA MARINA (LUBRICANTE PARA INSTALACION DE TUBERIA).,CONSUMIBLES - C,GALON - GAL,020 - 020 - FERRETERIA MENOR,1.0,19,1.19,True,False,DIEGO ANDRES RODRIGUEZ RODRIGUEZ,2025-09-15
977,GRAVILLA LAVADA X 10 KG,MATERIAL - M,UNIDAD - UND,002 - 002 - AGREGADOS PETREOS,1.0,19,1.19,True,False,DIEGO ANDRES RODRIGUEZ RODRIGUEZ,2025-07-29
978,"GRIFERIA PARA LAVAPLATOS SENCILLA SEVILLA CROMO SENSI D""ACQUA O SIMILAR",MATERIAL - M,UNIDAD - UND,011 - 011 - GRIFERIA Y APARATOS HIDROSANITARIOS,29191.02,19,34737.31,True,False,DIEGO ANDRES RODRIGUEZ RODRIGUEZ,2025-09-09
979,GRUA HIDRAULICA,TRANSPORTE - T,UNIDAD - UND,022 - 022 - MAQUINARIA Y EQUIPO,1.0,19,1.19,True,False,DIEGO ANDRES RODRIGUEZ RODRIGUEZ,2025-09-16
980,GUADANA,EQUIPO - E,UNIDAD - UND,022 - 022 - MAQUINARIA Y EQUIPO,1.0,0,1.0,True,False,,
981,GUANTES DE CARNAZA,ELEMEN. PROTECCION - P,UNIDAD - UND,029 - 029 - SG-SST,6500.0,0,6500.0,True,False,,
982,GUANTES DE LATEX,CONSUMIBLES - C,UNIDAD - UND,029 - 029 - SG-SST,1.0,19,1.19,True,False,DIEGO ANDRES RODRIGUEZ RODRIGUEZ,2025-09-15
983,GUANTES DE NITRILO,ELEMEN. PROTECCION - P,UNIDAD - UND,029 - 029 - SG-SST,3711.11,0,3711.11,True,False,,
984,GUANTES DE PLASTICO CALIBRE 50,ELEMEN. PROTECCION - P,UNIDAD - UND,029 - 029 - SG-SST,1.0,0,1.0,True,False,,
985,GUANTES DE PRECISION,ELEMEN. PROTECCION - P,UNIDAD - UND,029 - 029 - SG-SST,1.0,0,1.0,True,False,,
986,GUANTES DE TELA TIPO CONSTRUCCION,ELEMEN. PROTECCION - P,UNIDAD - UND,029 - 029 - SG-SST,1.0,0,1.0,True,False,,
987,GUANTES DE VAQUETA REFORZADOS CORTOS,ELEMEN. PROTECCION - P,UNIDAD - UND,029 - 029 - SG-SST,7508.0,0,7508.0,True,False,DIEGO ANDRES RODRIGUEZ RODRIGUEZ,2025-07-07
988,GUANTES DE VAQUETA REFORZADOS LARGOS,ELEMEN. PROTECCION - P,UNIDAD - UND,029 - 029 - SG-SST,1.0,0,1.0,True,False,,
989,GUANTES DE VAQUETA SENCILLOS,ELEMEN. PROTECCION - P,UNIDAD - UND,029 - 029 - SG-SST,6133.33,0,6133.33,True,False,,
990,GUANTES DIELECTRICOS,ELEMEN. PROTECCION - P,UNIDAD - UND,029 - 029 - SG-SST,1.0,19,1.19,True,False,DIEGO ANDRES RODRIGUEZ RODRIGUEZ,2025-09-22
991,GUARDACABO DE 1/4 TIPO PESADO,MATERIAL - M,UNIDAD - UND,015 - 015 - REDES ELECTRICAS,1855.8,19,2208.4,True,False,DIEGO ANDRES RODRIGUEZ RODRIGUEZ,2025-09-22
992,GUARDACABO DE 3/8 TIPO PESADO,MATERIAL - M,UNIDAD - UND,015 - 015 - REDES ELECTRICAS,1.0,19,1.19,True,False,DIEGO ANDRES RODRIGUEZ RODRIGUEZ,2025-09-22
993,"HEBILLA PARA CINTA BAND-IT DE 1/2""",MATERIAL - M,UNIDAD - UND,015 - 015 - REDES ELECTRICAS,910.35,19,1083.32,True,False,DIEGO ANDRES RODRIGUEZ RODRIGUEZ,2025-09-22
994,"HEBILLA PARA CINTA BAND-IT DE 5/8""",MATERIAL - M,UNIDAD - UND,"014 - 014 - INSTALACIONES ELECTRICAS, VOZ Y DATOS",781.04,19,929.44,True,False,DIEGO ANDRES RODRIGUEZ RODRIGUEZ,2025-09-22
995,HERMETICA LED DE SUSPENDER REF. P25608,MATERIAL - M,UNIDAD - UND,"014 - 014 - INSTALACIONES ELECTRICAS, VOZ Y DATOS",1.0,19,1.19,True,False,DIEGO ANDRES RODRIGUEZ RODRIGUEZ,2025-09-22
996,"HERRAJE CAJA INSP. 50X50CM 1/8X2"" -(M)",MATERIAL - M,UNIDAD - UND,003 - 003 - ACEROS Y REFUERZOS METALICO,1.0,0,1.0,True,False,,
997,"HERRAJE CAJA INSP. 60X60CM 1/8X2"" -(M)",MATERIAL - M,UNIDAD - UND,003 - 003 - ACEROS Y REFUERZOS METALICO,259900.0,0,259900.0,True,False,,
998,HERRAJE PARA CAJA DE REGISTRO DOMICILIAR,MATERIAL - M,UNIDAD - UND,020 - 020 - FERRETERIA MENOR,1.0,19,1.19,True,False,DIEGO ANDRES RODRIGUEZ RODRIGUEZ,2025-09-16
999,HIDROLAVADORA,EQUIPO - E,UNIDAD - UND,022 - 022 - MAQUINARIA Y EQUIPO,1.0,0,1.0,True,False,,
1000,HIDROSOLTA BULTO DE 15 KG,MATERIAL - M,UNIDAD - UND,015 - 015 - REDES ELECTRICAS,67370.48,19,80170.87,True,False,DIEGO ANDRES RODRIGUEZ RODRIGUEZ,2025-09-22
1001,HOSPEDAJE,CONSUMIBLES - C,DIA - DIA,005 - 005 - PAPELERIA,1.0,19,1.19,True,False,MARIA PAULA BALLEN MANOSALVA,2025-07-29
1002,IGOL DENSO SIKA (3 KG),MATERIAL - M,KILOGRAMO - KG,001 - 001 - ADHESIVOS Y ADITIVOS,1.0,19,1.19,True,False,DIEGO ANDRES RODRIGUEZ RODRIGUEZ,2025-07-29
1003,IGOL IMPRIMANTE SIKA (0.8 KG),MATERIAL - M,UNIDAD - UND,001 - 001 - ADHESIVOS Y ADITIVOS,1.0,19,1.19,True,False,DIEGO ANDRES RODRIGUEZ RODRIGUEZ,2025-07-29
1004,IGOL IMPRIMANTE SIKA (3 KG),MATERIAL - M,KILOGRAMO - KG,001 - 001 - ADHESIVOS Y ADITIVOS,1.0,19,1.19,True,False,DIEGO ANDRES RODRIGUEZ RODRIGUEZ,2025-07-29
1005,IMPERMEABILIZANTE INVECRYL 500 X 750 GR,MATERIAL - M,UNIDAD - UND,017 - 017 - ACABADOS Y PINTURA,9290.92,0,9290.92,True,False,DIEGO ANDRES RODRIGUEZ RODRIGUEZ,2025-06-14
1006,IMPERMEABILIZANTE Y REFUERZO EN POLIESTER,MATERIAL - M,METRO CUADRADO - M2,001 - 001 - ADHESIVOS Y ADITIVOS,1.0,19,1.19,True,False,DIEGO ANDRES RODRIGUEZ RODRIGUEZ,2025-07-29
1007,IMPRESORA MULTIFUNCIONAL EPSON L3251,CONSUMIBLES - C,UNIDAD - UND,005 - 005 - PAPELERIA,892500.0,19,1062075.0,True,False,MARIA PAULA BALLEN MANOSALVA,2025-07-29
1008,IMPRESORA MULTIFUNCIONAL LASER,EQUIPO - E,UNIDAD - UND,028 - 028 - EQUIPOS TECNOLOGICOS,1.0,0,1.0,True,False,,
1009,IMPRESORA Y PAPELERIA,MATERIAL - M,UNIDAD - UND,005 - 005 - PAPELERIA,761600.0,19,906304.0,True,False,MARIA PAULA BALLEN MANOSALVA,2025-07-29
1010,IMPRIMANTE EPOXICO ANTICORROSIVO TIPO PRIMER PROTECT EX O EQUIVALENTE,MATERIAL - M,UNIDAD - UND,020 - 020 - FERRETERIA MENOR,1.0,19,1.19,True,False,DIEGO ANDRES RODRIGUEZ RODRIGUEZ,2025-09-16
1011,INDICADORES DE FALLA PARA LINEA AEREA,MATERIAL - M,UNIDAD - UND,015 - 015 - REDES ELECTRICAS,1.0,19,1.19,True,False,DIEGO ANDRES RODRIGUEZ RODRIGUEZ,2025-09-22
1012,INGENIERO AUXILIAR,NOMINA - N,MES - MS,025 - 025 - PERSONAL ADMINISTRATIVO,1.0,0,1.0,True,False,,
1013,INGENIERO DE PAVIMENTOS,HONORARIOS - H,MES - MS,025 - 025 - PERSONAL ADMINISTRATIVO,1.0,0,1.0,True,False,,
1014,INGENIERO DE VIAS,HONORARIOS - H,MES - MS,025 - 025 - PERSONAL ADMINISTRATIVO,1.0,0,1.0,True,False,,
1015,INGENIERO ELECTRICISTA,HONORARIOS - H,MES - MS,025 - 025 - PERSONAL ADMINISTRATIVO,1.0,0,1.0,True,False,,
1016,INGENIERO HIDROSANITARIO,HONORARIOS - H,MES - MS,025 - 025 - PERSONAL ADMINISTRATIVO,1.0,0,1.0,True,False,,
1017,INGENIERO RESIDENTE,NOMINA - N,MES - MS,025 - 025 - PERSONAL ADMINISTRATIVO,1.0,0,1.0,True,False,,
1018,INMOVILIZADOR CEFALICO,ATENCIÓN EMERGENCIA - A,UNIDAD - UND,029 - 029 - SG-SST,25000.0,19,29750.0,True,False,DIEGO ANDRES RODRIGUEZ RODRIGUEZ,2025-09-15
1019,INMOVILIZADORES MIEMBROS INFERIORES (ADULTO),ATENCIÓN EMERGENCIA - A,UNIDAD - UND,029 - 029 - SG-SST,1.0,19,1.19,True,False,DIEGO ANDRES RODRIGUEZ RODRIGUEZ,2025-09-15
1020,INMOVILIZADORES MIEMBROS SUPERIORES (ADULTO),ATENCIÓN EMERGENCIA - A,UNIDAD - UND,029 - 029 - SG-SST,1.0,19,1.19,True,False,DIEGO ANDRES RODRIGUEZ RODRIGUEZ,2025-09-15
1021,INSPECCION DE PUESTO DE TRABAJO,SERVICIOS - Q,UNIDAD - UND,031 - 031 - SERVICIOS MEDICOS,1.0,0,1.0,True,False,,
1022,INSPECTOR DE MANTENIMIENTO,NOMINA - N,UNIDAD - UND,025 - 025 - PERSONAL ADMINISTRATIVO,1.0,0,1.0,True,False,,
1023,INSPECTOR DE OBRA,NOMINA - N,UNIDAD - UND,025 - 025 - PERSONAL ADMINISTRATIVO,1.0,0,1.0,True,False,,
1024,INSPECTOR SST,NOMINA - N,UNIDAD - UND,025 - 025 - PERSONAL ADMINISTRATIVO,1.0,0,1.0,True,False,,
1025,INTERRUPTOR DE 3X60A EN TABLERO DE DISTRIBUCION EXISTENTE,EQUIPO - E,UNIDAD - UND,"014 - 014 - INSTALACIONES ELECTRICAS, VOZ Y DATOS",1.0,19,1.19,True,False,DIEGO ANDRES RODRIGUEZ RODRIGUEZ,2025-09-22
1026,INTERRUPTOR DIMERIZABLE,MATERIAL - M,UNIDAD - UND,"014 - 014 - INSTALACIONES ELECTRICAS, VOZ Y DATOS",1.0,19,1.19,True,False,DIEGO ANDRES RODRIGUEZ RODRIGUEZ,2025-09-22
1027,INTERRUPTOR DOBLE,MATERIAL - M,UNIDAD - UND,"014 - 014 - INSTALACIONES ELECTRICAS, VOZ Y DATOS",5746.42,19,6838.24,True,False,DIEGO ANDRES RODRIGUEZ RODRIGUEZ,2025-09-22
1028,INTERRUPTOR SALIDA PARA TOMA TELEFONO,MATERIAL - M,UNIDAD - UND,"014 - 014 - INSTALACIONES ELECTRICAS, VOZ Y DATOS",1.0,19,1.19,True,False,DIEGO ANDRES RODRIGUEZ RODRIGUEZ,2025-09-22
1029,INTERRUPTOR SALIDA TOMA TELEVISION,MATERIAL - M,UNIDAD - UND,"014 - 014 - INSTALACIONES ELECTRICAS, VOZ Y DATOS",1.0,19,1.19,True,False,DIEGO ANDRES RODRIGUEZ RODRIGUEZ,2025-09-22
1030,INTERRUPTOR SENCILLO,MATERIAL - M,UNIDAD - UND,"014 - 014 - INSTALACIONES ELECTRICAS, VOZ Y DATOS",3972.71,19,4727.52,True,False,DIEGO ANDRES RODRIGUEZ RODRIGUEZ,2025-09-22
1031,INTERVINIL PINTUCO O SIMILAR,MATERIAL - M,GALON - GAL,017 - 017 - ACABADOS Y PINTURA,1.0,0,1.0,True,False,,
1032,"INVERSOR ON GRID DE 20 KW, TRIFASICO CON SALIDA A 220V",MATERIAL - M,UNIDAD - UND,"014 - 014 - INSTALACIONES ELECTRICAS, VOZ Y DATOS",1.0,19,1.19,True,False,DIEGO ANDRES RODRIGUEZ RODRIGUEZ,2025-09-22
1033,JABON DE LOZA,EQUIPO - E,UNIDAD - UND,027 - 027 - ASEO Y CAFETERIA,1.0,0,1.0,True,False,,
1034,JABON LIQUIDO DE MANOS *1000 ML,CONSUMIBLES - C,UNIDAD - UND,027 - 027 - ASEO Y CAFETERIA,1.0,19,1.19,True,False,DIEGO ANDRES RODRIGUEZ RODRIGUEZ,2025-09-15
1035,"JACK RJ45, CAT 6",EQUIPO - E,UNIDAD - UND,"014 - 014 - INSTALACIONES ELECTRICAS, VOZ Y DATOS",8550.5,19,10175.09,True,False,DIEGO ANDRES RODRIGUEZ RODRIGUEZ,2025-09-22
1036,JUEGO ACCESORIOS BASICO BLANC X 3 UNIDADES O SIMILAR,MATERIAL - M,UNIDAD - UND,011 - 011 - GRIFERIA Y APARATOS HIDROSANITARIOS,1.0,0,1.0,True,False,,
1037,JUEGO DE INCRUSTACIONES BLANCO EN CERAMICA (5 UNIDADES),MATERIAL - M,UNIDAD - UND,011 - 011 - GRIFERIA Y APARATOS HIDROSANITARIOS,49705.74,0,49705.74,True,False,DIEGO ANDRES RODRIGUEZ RODRIGUEZ,2025-06-14
1038,KIT ANTI DERRAMES,CONSUMIBLES - C,UNIDAD - UND,029 - 029 - SG-SST,1.0,19,1.19,True,False,DIEGO ANDRES RODRIGUEZ RODRIGUEZ,2025-09-15
1039,KIT ASSTR,MATERIAL - M,UNIDAD - UND,"014 - 014 - INSTALACIONES ELECTRICAS, VOZ Y DATOS",1.0,19,1.19,True,False,DIEGO ANDRES RODRIGUEZ RODRIGUEZ,2025-09-22
1040,"KIT BARRAS DE SEGURIDAD ( 2 BARRAS ABATIBLES PARA SANITARIO, BARRAS DE APOYO AUXILIARES X3 )",MATERIAL - M,UNIDAD - UND,018 - 018 - CARPINTERIA METALICA,1.0,0,1.0,True,False,,
1041,KIT COMPLETO TERMINAL CONEXION CABLE HVC 50,MATERIAL - M,UNIDAD - UND,"014 - 014 - INSTALACIONES ELECTRICAS, VOZ Y DATOS",1.0,19,1.19,True,False,DIEGO ANDRES RODRIGUEZ RODRIGUEZ,2025-09-22
1042,KIT DE DIBUJO A MANO ALZADA ARQUITECTONICO,EQUIPO - E,DIA - DIA,022 - 022 - MAQUINARIA Y EQUIPO,1.0,0,1.0,True,False,,
1043,"KIT DE PUESTA A TIERRA PARA GABINETES Y RACKS 19""",MATERIAL - M,UNIDAD - UND,015 - 015 - REDES ELECTRICAS,1.0,19,1.19,True,False,DIEGO ANDRES RODRIGUEZ RODRIGUEZ,2025-09-22
1044,"KIT DE SPT TRANSFORMADOR INCLUYE CONEXIONADO DE PARARRAYOS,CONEXIONADO NEUTRO Y CARCAZA DE TRANSF + BAJANTE DE 11M + 3 VARILLAS ACERO 5/8+3 CONECTORES+ 3FLEJES DE 5.5MTS",MATERIAL - M,UNIDAD - UND,015 - 015 - REDES ELECTRICAS,286290.2,19,340685.34,True,False,DIEGO ANDRES RODRIGUEZ RODRIGUEZ,2025-09-22
1045,KIT DE TIERRA (GRAPA DE TIERRA PARA BANDEJA TIPO MALLA 400X54),MATERIAL - M,UNIDAD - UND,015 - 015 - REDES ELECTRICAS,1.0,19,1.19,True,False,DIEGO ANDRES RODRIGUEZ RODRIGUEZ,2025-09-22
1046,KIT SISTEMA DE PUESTA A TIERRA BT NEUTRO SECUNDARIO. SPT STAVOL NS .,MATERIAL - M,UNIDAD - UND,015 - 015 - REDES ELECTRICAS,1.0,19,1.19,True,False,DIEGO ANDRES RODRIGUEZ RODRIGUEZ,2025-09-22
1047,KIT SISTEMA DE PUESTA A TIERRA MT . SPT STAVOL TD.,MATERIAL - M,UNIDAD - UND,015 - 015 - REDES ELECTRICAS,1.0,19,1.19,True,False,DIEGO ANDRES RODRIGUEZ RODRIGUEZ,2025-09-22
1048,KIT SISTEMA DE PUESTA A TIERRA PARA CABLE DE GUARDA CON BAYONETA EN ACERO INOXIDABLE (SPT CGB),MATERIAL - M,UNIDAD - UND,015 - 015 - REDES ELECTRICAS,1.0,19,1.19,True,False,DIEGO ANDRES RODRIGUEZ RODRIGUEZ,2025-09-22
1049,LACA CATALIZADA BRILLANTE,MATERIAL - M,GALON - GAL,017 - 017 - ACABADOS Y PINTURA,1.0,0,1.0,True,False,,
1050,LAD.PERF.HZONT.RAYADO 10-20-40,MATERIAL - M,UNIDAD - UND,010 - 010 - MAMPOSTERIA,1.0,0,1.0,True,False,,
1051,LAD.PERF.HZONT.RAYADO 15-20-40,MATERIAL - M,UNIDAD - UND,010 - 010 - MAMPOSTERIA,1.0,0,1.0,True,False,,
1052,"LADRILLO PORTANTE 29X14,5X6 CM PARA CELOSIA",MATERIAL - M,UNIDAD - UND,010 - 010 - MAMPOSTERIA,3000.0,0,3000.0,True,False,,
1053,"LADRILLO PORTANTE PRENSADO 29X14,5X9 CM",MATERIAL - M,UNIDAD - UND,010 - 010 - MAMPOSTERIA,1.0,0,1.0,True,False,,
1054,LADRILLO PRENSADO LIVIANO 25X12X6 CM,MATERIAL - M,UNIDAD - UND,010 - 010 - MAMPOSTERIA,1.0,0,1.0,True,False,,
1055,"LADRILLO TIPO TOLETE GRAN FORMATO (39X11,5X5CM) COLOR COBRIZO",MATERIAL - M,UNIDAD - UND,010 - 010 - MAMPOSTERIA,1281.29,0,1281.29,True,False,,
1056,"LADRILLO TIPO TOLETE GRAN FORMATO 39X11,5X5 CM",MATERIAL - M,UNIDAD - UND,010 - 010 - MAMPOSTERIA,1.0,0,1.0,True,False,,
1057,LADRILLO TOLETE MACIZO 20X10X6 CM,MATERIAL - M,UNIDAD - UND,010 - 010 - MAMPOSTERIA,843.45,0,843.45,True,False,,
1058,"LAMINA ACRILICA TRANSPARENTE 12MM, LISA",MATERIAL - M,UNIDAD - UND,004 - 004 - CUBIERTA Y CANALES,1.0,19,1.19,True,False,MARIA PAULA BALLEN MANOSALVA,2025-07-29
1059,LAMINA BLANCA PVC DE 0.3 X 5.90,MATERIAL - M,UNIDAD - UND,004 - 004 - CUBIERTA Y CANALES,1.0,19,1.19,True,False,MARIA PAULA BALLEN MANOSALVA,2025-07-29
1060,LAMINA CAL. 26,MATERIAL - M,METRO CUADRADO - M2,004 - 004 - CUBIERTA Y CANALES,1.0,19,1.19,True,False,MARIA PAULA BALLEN MANOSALVA,2025-07-29
1061,LAMINA CAL.22 DE. 33 M,MATERIAL - M,METRO - M,004 - 004 - CUBIERTA Y CANALES,1.0,19,1.19,True,False,MARIA PAULA BALLEN MANOSALVA,2025-07-29
1062,LAMINA CAL.22 DE. 50 M,MATERIAL - M,METRO - M,004 - 004 - CUBIERTA Y CANALES,1.0,19,1.19,True,False,MARIA PAULA BALLEN MANOSALVA,2025-07-29
1063,LAMINA CAL.22 DE. 75 M,MATERIAL - M,METRO - M,004 - 004 - CUBIERTA Y CANALES,1.0,19,1.19,True,False,MARIA PAULA BALLEN MANOSALVA,2025-07-29
1064,"LAMINA COLABORANTE STEEL DECK 2"" CALIBRE 20 (0,98X4,60)",MATERIAL - M,UNIDAD - UND,004 - 004 - CUBIERTA Y CANALES,1.0,19,1.19,True,False,MARIA PAULA BALLEN MANOSALVA,2025-07-29
1065,"LAMINA DE ALUMINIO E=0,5MM",MATERIAL - M,UNIDAD - UND,004 - 004 - CUBIERTA Y CANALES,1.0,19,1.19,True,False,MARIA PAULA BALLEN MANOSALVA,2025-07-29
1066,LAMINA PVC PARA CIELO RASO (BLANCA) 25 CM X 5.95,MATERIAL - M,METRO CUADRADO - M2,004 - 004 - CUBIERTA Y CANALES,1.0,19,1.19,True,False,MARIA PAULA BALLEN MANOSALVA,2025-07-29
1067,LAMINA DE CIELO RASO PVC 30 CM,MATERIAL - M,UNIDAD - UND,004 - 004 - CUBIERTA Y CANALES,1.0,19,1.19,True,False,MARIA PAULA BALLEN MANOSALVA,2025-07-29
1068,LAMINA DE PVC PARA CIELORRASO 0.30*5.95 M. 7 MM.,MATERIAL - M,UNIDAD - UND,004 - 004 - CUBIERTA Y CANALES,29123.17,19,34656.57,True,False,MARIA PAULA BALLEN MANOSALVA,2025-07-29
1069,"LAMINA DE YESO 3/8""",MATERIAL - M,UNIDAD - UND,004 - 004 - CUBIERTA Y CANALES,1.0,19,1.19,True,False,MARIA PAULA BALLEN MANOSALVA,2025-07-29
1070,LAMINA ETERBOARD O SIMILAR,MATERIAL - M,UNIDAD - UND,004 - 004 - CUBIERTA Y CANALES,1.0,19,1.19,True,False,MARIA PAULA BALLEN MANOSALVA,2025-07-29
1071,LAMINA GALVANIZADA FLANCHE CALIBRE 26,MATERIAL - M,METRO - M,004 - 004 - CUBIERTA Y CANALES,1.0,19,1.19,True,False,MARIA PAULA BALLEN MANOSALVA,2025-07-29
1072,LAMINA METALICA GALVANIZADA CAL. 20 - 1 * 2 M,MATERIAL - M,UNIDAD - UND,004 - 004 - CUBIERTA Y CANALES,59500.0,19,70805.0,True,False,HERNAN CAMILO GARCIA CONTRERAS,2025-09-11
1073,LAMINA SUPERBOART 8 MM,MATERIAL - M,UNIDAD - UND,004 - 004 - CUBIERTA Y CANALES,1.0,19,1.19,True,False,MARIA PAULA BALLEN MANOSALVA,2025-07-29
1074,LAMPARA 20DYDLED013VSCCTB 6500K DE INCRUSTAR,EQUIPO - E,UNIDAD - UND,"014 - 014 - INSTALACIONES ELECTRICAS, VOZ Y DATOS",1.0,19,1.19,True,False,DIEGO ANDRES RODRIGUEZ RODRIGUEZ,2025-09-22
1075,LAMPARA LED 12W REDONDA INC 6 IPL05,MATERIAL - M,UNIDAD - UND,"014 - 014 - INSTALACIONES ELECTRICAS, VOZ Y DATOS",6678.45,19,7947.36,True,False,DIEGO ANDRES RODRIGUEZ RODRIGUEZ,2025-09-22
1076,LAMPARA LED BALA 15W,MATERIAL - M,UNIDAD - UND,"014 - 014 - INSTALACIONES ELECTRICAS, VOZ Y DATOS",133875.0,19,159311.25,True,False,DIEGO ANDRES RODRIGUEZ RODRIGUEZ,2025-09-22
1077,LAMPARA LED DECO BOLARDO 10W,MATERIAL - M,UNIDAD - UND,"014 - 014 - INSTALACIONES ELECTRICAS, VOZ Y DATOS",275362.43,19,327681.29,True,False,DIEGO ANDRES RODRIGUEZ RODRIGUEZ,2025-09-22
1078,LAMPARA LED DECO PISO 9W,MATERIAL - M,UNIDAD - UND,"014 - 014 - INSTALACIONES ELECTRICAS, VOZ Y DATOS",165449.79,19,196885.25,True,False,DIEGO ANDRES RODRIGUEZ RODRIGUEZ,2025-09-22
1079,"LAMPARA DE EMERGENCIA LED, 1.6W, CON AVISO DE SALIDA",MATERIAL - M,UNIDAD - UND,"014 - 014 - INSTALACIONES ELECTRICAS, VOZ Y DATOS",78389.6,19,93283.62,True,False,DIEGO ANDRES RODRIGUEZ RODRIGUEZ,2025-09-22
1080,LAMPARA LED HERMI 36W,MATERIAL - M,UNIDAD - UND,"014 - 014 - INSTALACIONES ELECTRICAS, VOZ Y DATOS",70104.68,19,83424.57,True,False,DIEGO ANDRES RODRIGUEZ RODRIGUEZ,2025-09-22
1081,LAMPARA LED WALLPACK 30W,MATERIAL - M,UNIDAD - UND,"014 - 014 - INSTALACIONES ELECTRICAS, VOZ Y DATOS",268680.85,19,319730.21,True,False,DIEGO ANDRES RODRIGUEZ RODRIGUEZ,2025-09-22
1082,LAMPARA TIPO TORTUGA ECOLITE 10W,MATERIAL - M,UNIDAD - UND,015 - 015 - REDES ELECTRICAS,14700.07,19,17493.08,True,False,DIEGO ANDRES RODRIGUEZ RODRIGUEZ,2025-09-22
1083,LAPICERO AH *12,CONSUMIBLES - C,UNIDAD - UND,005 - 005 - PAPELERIA,1.0,19,1.19,True,False,MARIA PAULA BALLEN MANOSALVA,2025-07-29
1084,LAPIZ *12,CONSUMIBLES - C,UNIDAD - UND,005 - 005 - PAPELERIA,1.0,19,1.19,True,False,MARIA PAULA BALLEN MANOSALVA,2025-07-29
1085,LAVAD.GRAN.PREF.52X60 FDO BLANCO O SIMILAR,MATERIAL - M,UNIDAD - UND,011 - 011 - GRIFERIA Y APARATOS HIDROSANITARIOS,1.0,0,1.0,True,False,,
1086,LAVAD.GRAN.PREF.60X50 FDO GRIS O SIMILAR,MATERIAL - M,UNIDAD - UND,011 - 011 - GRIFERIA Y APARATOS HIDROSANITARIOS,1.0,0,1.0,True,False,,
1087,LAVAD.GRAN.PREF.70X55 FDO BLANCO O SIMILAR,MATERIAL - M,UNIDAD - UND,011 - 011 - GRIFERIA Y APARATOS HIDROSANITARIOS,1.0,0,1.0,True,False,,
1088,LAVAD.GRAN.PREF.80X60 FDO GRIS O SIMILAR,MATERIAL - M,UNIDAD - UND,011 - 011 - GRIFERIA Y APARATOS HIDROSANITARIOS,1.0,0,1.0,True,False,,
1089,LAVAMANOS BLANCO DE COLGAR LINEA INSTITUCIONAL,MATERIAL - M,UNIDAD - UND,011 - 011 - GRIFERIA Y APARATOS HIDROSANITARIOS,1.0,0,1.0,True,False,,
1090,LAVAMANOS BLANCO O BEIGE (C),MATERIAL - M,UNIDAD - UND,011 - 011 - GRIFERIA Y APARATOS HIDROSANITARIOS,1.0,0,1.0,True,False,,
1091,LAVAMANOS EMPOTRAR CON GRIFERIA,MATERIAL - M,UNIDAD - UND,011 - 011 - GRIFERIA Y APARATOS HIDROSANITARIOS,89999.7,0,89999.7,True,False,,
1092,LAVATRAPEROS PREFABRICADO EN POLIMERO DE 24.5CM X 40.5CM,MATERIAL - M,UNIDAD - UND,011 - 011 - GRIFERIA Y APARATOS HIDROSANITARIOS,1.0,0,1.0,True,False,,
1093,LECHADA BOQUILLA CERAMICO Y PORCELANA,MATERIAL - M,KILOGRAMO - KG,006 - 006 - CONCRETOS Y MORTEROS,1.0,19,1.19,True,False,MARIA PAULA BALLEN MANOSALVA,2025-07-29
1094,LECHADA DE CEMENTO,MATERIAL - M,METRO CUADRADO - M2,006 - 006 - CONCRETOS Y MORTEROS,1.0,19,1.19,True,False,MARIA PAULA BALLEN MANOSALVA,2025-07-29
1095,LICENCIA SOFTWARE CONTABLE,LICENCIAS - L,UNIDAD - UND,039 - 039 - LICENCIAS OFIMATICAS,1.0,0,1.0,True,False,,
1096,LICENCIAS AMBIENTALES,NOMINA - N,UNIDAD - UND,025 - 025 - PERSONAL ADMINISTRATIVO,1.0,0,1.0,True,False,,
1097,LIDER AMBIENTAL,NOMINA - N,UNIDAD - UND,025 - 025 - PERSONAL ADMINISTRATIVO,1.0,0,1.0,True,False,,
1098,LIDER SST,MATERIAL - M,UNIDAD - UND,020 - 020 - FERRETERIA MENOR,1.0,19,1.19,True,False,DIEGO ANDRES RODRIGUEZ RODRIGUEZ,2025-09-16
1099,LIJA #120,MATERIAL - M,UNIDAD - UND,020 - 020 - FERRETERIA MENOR,1519.19,19,1807.84,True,False,DIEGO ANDRES RODRIGUEZ RODRIGUEZ,2025-09-16
1100,LIJA DE AGUA 150 SUPER,MATERIAL - M,UNIDAD - UND,017 - 017 - ACABADOS Y PINTURA,1.0,0,1.0,True,False,,
1101,LIJA DE AGUA ABRACOL O SIMILAR,CONSUMIBLES - C,UNIDAD - UND,027 - 027 - ASEO Y CAFETERIA,1642.43,19,1954.49,True,False,DIEGO ANDRES RODRIGUEZ RODRIGUEZ,2025-09-15
1102,LIMPIA VIDRIOS,CONSUMIBLES - C,UNIDAD - UND,027 - 027 - ASEO Y CAFETERIA,1.0,19,1.19,True,False,DIEGO ANDRES RODRIGUEZ RODRIGUEZ,2025-09-15
1103,LIMPIADOR PVC,MATERIAL - M,UNIDAD - UND,012 - 012 - INSTALACIONES HIDRAULICAS,1.0,0,1.0,True,False,,
1104,LIMPIADOR REMOV. PARA PVC (760GR) PAVCO,MATERIAL - M,UNIDAD - UND,012 - 012 - INSTALACIONES HIDRAULICAS,1.0,0,1.0,True,False,,
1105,LIMPIADOR REMOVEDOR PVC 1/4,MATERIAL - M,UNIDAD - UND,012 - 012 - INSTALACIONES HIDRAULICAS,28442.19,0,28442.19,True,False,,
1106,LINEA DE VIDA,EQUIPO - E,UNIDAD - UND,029 - 029 - SG-SST,1.0,19,1.19,True,False,DIEGO ANDRES RODRIGUEZ RODRIGUEZ,2025-09-22
1107,LINEA INTERLOCUTORA,SUBCONTRATO - S,UNIDAD - UND,030 - 030 - SERVICIOS PUBLICOS,1.0,0,1.0,True,False,,
1108,LINIERO,HONORARIOS - H,UNIDAD - UND,024 - 024 - PERSONAL OPERATIVO,1.0,0,1.0,True,False,,
1109,LINTERNA,CONSUMIBLES - C,UNIDAD - UND,029 - 029 - SG-SST,1.0,19,1.19,True,False,DIEGO ANDRES RODRIGUEZ RODRIGUEZ,2025-09-15
1110,LISTELLO ANDALUCIA 8X25,MATERIAL - M,UNIDAD - UND,009 - 009 - ENCHAPES,1.0,19,1.19,True,False,MARIA PAULA BALLEN MANOSALVA,2025-07-29
1111,LITRO DE TINTA PARA IMPRESORA,CONSUMIBLES - C,UNIDAD - UND,005 - 005 - PAPELERIA,1.0,19,1.19,True,False,MARIA PAULA BALLEN MANOSALVA,2025-07-29
1112,"LLAVE DE JARDIN CROMADA 1/2""",MATERIAL - M,UNIDAD - UND,011 - 011 - GRIFERIA Y APARATOS HIDROSANITARIOS,13409.62,0,13409.62,True,False,,
1113,LLAVE GRIVAL PLASTICO LAVAMANOS O SIMILAR,MATERIAL - M,UNIDAD - UND,011 - 011 - GRIFERIA Y APARATOS HIDROSANITARIOS,19000.0,0,19000.0,True,False,,
1114,LLAVE GRIVAL PLASTICO LAVAPLATOS O SIMILAR,MATERIAL - M,UNIDAD - UND,011 - 011 - GRIFERIA Y APARATOS HIDROSANITARIOS,23000.0,19,27370.0,True,False,DIEGO ANDRES RODRIGUEZ RODRIGUEZ,2025-09-09
1115,LLAVE GRIVAL PLASTICO SANITARIO O SIMILAR,MATERIAL - M,UNIDAD - UND,011 - 011 - GRIFERIA Y APARATOS HIDROSANITARIOS,1.0,0,1.0,True,False,,
1116,LLAVE MANGUERA LIVIANA CROMADA O SIMILAR,MATERIAL - M,UNIDAD - UND,011 - 011 - GRIFERIA Y APARATOS HIDROSANITARIOS,1.0,0,1.0,True,False,,
1117,LLAVE TIPO PUSH CROMADA,MATERIAL - M,UNIDAD - UND,011 - 011 - GRIFERIA Y APARATOS HIDROSANITARIOS,1.0,0,1.0,True,False,,
1118,LODO DE RIO,MATERIAL - M,METRO CUBICO - M3,001 - 001 - ADHESIVOS Y ADITIVOS,42250.0,19,50277.5,True,False,DIEGO ANDRES RODRIGUEZ RODRIGUEZ,2025-07-29
1119,LOSETA DE CONCRETO LINEA GUIA 0.30*0.30*0.03 M.-INCLUYE INSTALACION,MATERIAL - M,METRO CUADRADO - M2,007 - 007 - PREFABRICADOS EN CONCRETO,1.0,0,1.0,True,False,,
1120,LOSETA DE CONCRETO PREPULIDA 0.30*0.30*0.03 M,MATERIAL - M,METRO CUADRADO - M2,007 - 007 - PREFABRICADOS EN CONCRETO,1.0,0,1.0,True,False,,
1121,LOSETA DE CONCRETO TOPEROLES 0.30*0.30*0.03 M. INCLUYE INSTALACION,MATERIAL - M,METRO CUADRADO - M2,007 - 007 - PREFABRICADOS EN CONCRETO,1.0,0,1.0,True,False,,
1122,LUBRICANTE PVC X 500 GR,MATERIAL - M,UNIDAD - UND,012 - 012 - INSTALACIONES HIDRAULICAS,32529.0,0,32529.0,True,False,,
1123,LUMINARIA LED ECLIPSE 50W,MATERIAL - M,UNIDAD - UND,015 - 015 - REDES ELECTRICAS,1.0,19,1.19,True,False,DIEGO ANDRES RODRIGUEZ RODRIGUEZ,2025-09-22
1124,LX BANDEJA DOBLE FONDO 500X400 MM,MATERIAL - M,UNIDAD - UND,"014 - 014 - INSTALACIONES ELECTRICAS, VOZ Y DATOS",1.0,19,1.19,True,False,DIEGO ANDRES RODRIGUEZ RODRIGUEZ,2025-09-22
1125,LX GABINETEMARINA 500X400X200 MM,MATERIAL - M,UNIDAD - UND,"014 - 014 - INSTALACIONES ELECTRICAS, VOZ Y DATOS",1.0,19,1.19,True,False,DIEGO ANDRES RODRIGUEZ RODRIGUEZ,2025-09-22
1126,MACHIMBRE PINO 9 MM X 9 CM X 3.2 M O SIMILAR,MATERIAL - M,METRO CUADRADO - M2,009 - 009 - ENCHAPES,1.0,19,1.19,True,False,MARIA PAULA BALLEN MANOSALVA,2025-07-29
1127,"MADERA INMUNIZADA 2X2"" X 4.8 M",MATERIAL - M,UNIDAD - UND,019 - 019 - CARPINTERIA MADERA,1.0,0,1.0,True,False,,
1128,"MADERA INMUNIZADA 2X4"" X 4.80 M",MATERIAL - M,UNIDAD - UND,019 - 019 - CARPINTERIA MADERA,1.0,0,1.0,True,False,,
1129,"MADERA INMUNIZADA 2X4"" X 4.80 M (METODO VACIO-PRESION)",MATERIAL - M,UNIDAD - UND,019 - 019 - CARPINTERIA MADERA,1.0,0,1.0,True,False,,
1130,"MADERA INMUNIZADA 2X6"" X 4.8 M",MATERIAL - M,UNIDAD - UND,019 - 019 - CARPINTERIA MADERA,1.0,0,1.0,True,False,,
1131,MAESTRO DE OBRA,NOMINA - N,UNIDAD - UND,024 - 024 - PERSONAL OPERATIVO,1.0,0,1.0,True,False,,
1132,MALETIN DE SENALIZACION PVC,NOMINA - N,UNIDAD - UND,029 - 029 - SG-SST,1.0,19,1.19,True,False,DIEGO ANDRES RODRIGUEZ RODRIGUEZ,2025-09-22
1133,MALLA CON VENA 1.00X5.00 M.,MATERIAL - M,METRO CUADRADO - M2,003 - 003 - ACEROS Y REFUERZOS METALICO,1.0,0,1.0,True,False,,
1134,MALLA ELECTROSOLDADA 15X15 7MM,MATERIAL - M,METRO CUADRADO - M2,003 - 003 - ACEROS Y REFUERZOS METALICO,16194.78,0,16194.78,True,False,,
1135,MALLA ELECTROSOLDADA 4MM 15X15,MATERIAL - M,METRO CUADRADO - M2,003 - 003 - ACEROS Y REFUERZOS METALICO,1.0,0,1.0,True,False,HENRY DE JESUS TABORDA ZAPATA,2026-08-01
1136,MALLA ELECTROSOLDADA 5MM,MATERIAL - M,METRO CUADRADO - M2,003 - 003 - ACEROS Y REFUERZOS METALICO,36510.15,0,36510.15,True,False,,
1137,MALLA ELECTROSOLDADA 6MM,MATERIAL - M,METRO CUADRADO - M2,003 - 003 - ACEROS Y REFUERZOS METALICO,13997.43,0,13997.43,True,False,,
1138,MALLA ELECTROSOLDADA M -084,MATERIAL - M,KILOGRAMO - KG,003 - 003 - ACEROS Y REFUERZOS METALICO,1.0,0,1.0,True,False,,
1139,"MALLA ELECTROSOLDADA S=150X150MM, Ø=4MM H-131",MATERIAL - M,KILOGRAMO - KG,003 - 003 - ACEROS Y REFUERZOS METALICO,1.0,0,1.0,True,False,,
1140,"MALLA ELECTROSOLDADA S=150X150MM, Ø=5MM M-131",MATERIAL - M,KILOGRAMO - KG,003 - 003 - ACEROS Y REFUERZOS METALICO,1.0,0,1.0,True,False,MARIA PAULA BALLEN MANOSALVA,2026-05-05
1141,MALLA ELECTROSOLDADA 15X15 2.35X6MTS 6.5MM,MATERIAL - M,UNIDAD - UND,003 - 003 - ACEROS Y REFUERZOS METALICO,207682.84,0,207682.84,True,False,JAVIER ORLANDO SANABRIA JIMENEZ,2026-05-25
1142,"MALLA ESLABONADA CAL.10 2"", H=2M",MATERIAL - M,UNIDAD - UND,003 - 003 - ACEROS Y REFUERZOS METALICO,1.0,0,1.0,True,False,,
1143,"MALLA PAJARITO 1/2 PULGADA 0,90 CM ESPESOR X 30 METROS LARGO",MATERIAL - M,METRO CUADRADO - M2,003 - 003 - ACEROS Y REFUERZOS METALICO,1.0,0,1.0,True,False,,
1144,MALLA TIPO D 84,MATERIAL - M,KILOGRAMO - KG,003 - 003 - ACEROS Y REFUERZOS METALICO,1.0,0,1.0,True,False,,
1145,MANGAS DE CARNAZA,ELEMEN. PROTECCION - P,UNIDAD - UND,029 - 029 - SG-SST,18000.0,19,21420.0,True,False,DIEGO ANDRES RODRIGUEZ RODRIGUEZ,2025-09-22
1146,MANGUERA LIQUITAY 3/4,MATERIAL - M,METRO - M,015 - 015 - REDES ELECTRICAS,1.0,19,1.19,True,False,DIEGO ANDRES RODRIGUEZ RODRIGUEZ,2025-09-22
1147,MANOMETRO CON GLICERINA 0 -150 PSI,EQUIPO - E,UNIDAD - UND,016 - 016 - REDES CONTRA INCENDIO,1.0,0,1.0,True,False,,
1148,"MANOMETRO DE CARATULA 0-60 PSI 4 1/2""",EQUIPO - E,UNIDAD - UND,016 - 016 - REDES CONTRA INCENDIO,1.0,0,1.0,True,False,,
1149,MANTENIMIENTO AIRE ACONDICIONADO,SUBCONTRATO - S,UNIDAD - UND,034 - 034 - MANTENIMIENTO,1.0,0,1.0,True,False,,
1150,MANTENIMIENTO IMPRESORAS,SUBCONTRATO - S,UNIDAD - UND,034 - 034 - MANTENIMIENTO,1.0,0,1.0,True,False,,
1151,MANTENIMIENTO PLANTA ELECTRICA,SUBCONTRATO - S,UNIDAD - UND,034 - 034 - MANTENIMIENTO,1.0,0,1.0,True,False,,
1152,MANTO ASFALTICO CON FOIL DE ALUMINIO 2.5MM,MATERIAL - M,METRO CUADRADO - M2,001 - 001 - ADHESIVOS Y ADITIVOS,1.0,19,1.19,True,False,DIEGO ANDRES RODRIGUEZ RODRIGUEZ,2025-07-29
1153,MANTO ASFALTICO CON REFUERZO DE POLIESTER,MATERIAL - M,METRO CUADRADO - M2,001 - 001 - ADHESIVOS Y ADITIVOS,1.0,19,1.19,True,False,DIEGO ANDRES RODRIGUEZ RODRIGUEZ,2025-07-29
1154,MARCACION FACE PLATE CINTA INDUST.BLAN.PANDUIT(LS7-75-1)3/4X1PUL - L#8,MATERIAL - M,UNIDAD - UND,"014 - 014 - INSTALACIONES ELECTRICAS, VOZ Y DATOS",1.0,19,1.19,True,False,DIEGO ANDRES RODRIGUEZ RODRIGUEZ,2025-09-22
1155,MARCADOR BORRABLE,CONSUMIBLES - C,UNIDAD - UND,005 - 005 - PAPELERIA,1.0,19,1.19,True,False,MARIA PAULA BALLEN MANOSALVA,2025-07-29
1156,MARCO PTA LAM.MURO-10 A:0.6-1MT,MATERIAL - M,UNIDAD - UND,019 - 019 - CARPINTERIA MADERA,1.0,0,1.0,True,False,,
1157,MARQUILLA,MATERIAL - M,UNIDAD - UND,"014 - 014 - INSTALACIONES ELECTRICAS, VOZ Y DATOS",1.0,19,1.19,True,False,DIEGO ANDRES RODRIGUEZ RODRIGUEZ,2025-09-22
1158,MARQUILLA PARA RACK DE COMUNICACION,MATERIAL - M,UNIDAD - UND,"014 - 014 - INSTALACIONES ELECTRICAS, VOZ Y DATOS",1.0,19,1.19,True,False,DIEGO ANDRES RODRIGUEZ RODRIGUEZ,2025-09-22
1159,MASCARA FULL FACE,ELEMEN. PROTECCION - P,UNIDAD - UND,029 - 029 - SG-SST,1.0,19,1.19,True,False,DIEGO ANDRES RODRIGUEZ RODRIGUEZ,2025-09-22
1160,MASILLA SUPERMASTICK PLUS 4.5GAL 28KG,MATERIAL - M,GALON - GAL,001 - 001 - ADHESIVOS Y ADITIVOS,1.0,19,1.19,True,False,DIEGO ANDRES RODRIGUEZ RODRIGUEZ,2025-07-29
1161,"MATERIAL CRUDO TAMANO MAX 4""",MATERIAL - M,METRO CUBICO - M3,002 - 002 - AGREGADOS PETREOS,100000.0,19,119000.0,True,False,DIEGO ANDRES RODRIGUEZ RODRIGUEZ,2025-07-29
1162,"MATERIAL PIEDRA BOLA 4""",MATERIAL - M,METRO CUBICO - M3,002 - 002 - AGREGADOS PETREOS,98000.0,19,116620.0,True,False,DIEGO ANDRES RODRIGUEZ RODRIGUEZ,2025-07-29
1163,MEDICION HIGIENICA DE ILUMINACION,SERVICIOS - Q,UNIDAD - UND,031 - 031 - SERVICIOS MEDICOS,1.0,0,1.0,True,False,,
1164,MEDICION HIGIENICA DE RUIDO,SERVICIOS - Q,UNIDAD - UND,031 - 031 - SERVICIOS MEDICOS,1.0,0,1.0,True,False,,
1165,"MEDIDOR 1/2""",MATERIAL - M,UNIDAD - UND,013 - 013 - INSTALACIONES HIDROSANITARIAS,1.0,0,1.0,True,False,,
1166,"MEDIDOR CHORRO MULTIPLE D-25 DE AGUA DE 1"" CON RACORES EN BRONCE EN 1""-1/2",MATERIAL - M,UNIDAD - UND,011 - 011 - GRIFERIA Y APARATOS HIDROSANITARIOS,1.0,0,1.0,True,False,,
1167,"MEDIDOR ELECTRONICO MONOFASICO TRIFILAR ANTIFRAUDE CLASE 1 120 V, 5 (60) AMP. 60 HZ. HOMOLOGADO",MATERIAL - M,UNIDAD - UND,"014 - 014 - INSTALACIONES ELECTRICAS, VOZ Y DATOS",103256.44,19,122875.16,True,False,DIEGO ANDRES RODRIGUEZ RODRIGUEZ,2025-09-22
1168,"MEDIDOR DE ENERGIA CLASE 0,5S SEMIDIRECTA BIFASICO",MATERIAL - M,UNIDAD - UND,015 - 015 - REDES ELECTRICAS,1.0,19,1.19,True,False,DIEGO ANDRES RODRIGUEZ RODRIGUEZ,2025-09-22
1169,"MEDIDOR DE ENERGIA CON FUNCION DE CONTROL DE INYECCION CERO, INCLUYE TRANSFORMADORES E CORRIENTE Y CABLE DE COMUNICACIONES ENTRE MEDIDOR E INVERSOR",EQUIPO - E,UNIDAD - UND,"014 - 014 - INSTALACIONES ELECTRICAS, VOZ Y DATOS",1.0,19,1.19,True,False,DIEGO ANDRES RODRIGUEZ RODRIGUEZ,2025-09-22
1170,MERULEX I.F.A INMUNIZANTE INSECTICIDA FUNGICIDA PARA MADERA TRANSPARENTE 3.5KG,MATERIAL - M,UNIDAD - UND,001 - 001 - ADHESIVOS Y ADITIVOS,1.0,19,1.19,True,False,DIEGO ANDRES RODRIGUEZ RODRIGUEZ,2025-07-29
1171,MESAS DE 4 PUESTOS PLASTICAS,EQUIPO - E,UNIDAD - UND,008 - 008 - MOBILIARIO URBANO,1.0,19,1.19,True,False,MARIA PAULA BALLEN MANOSALVA,2025-07-29
1172,"MESON EN ACERO INOXIDABLE 1,80M CON POZUELO Y QUEMADORES DE 4 PUESTOS O SIMILAR",MATERIAL - M,UNIDAD - UND,018 - 018 - CARPINTERIA METALICA,738654.42,0,738654.42,True,False,ALISON CAMILA BENAVIDES RIVERA,2026-07-03
1173,"MESON EN ACERO INOXIDABLE CON POZUELO DE 1,00M O SIMILAR",MATERIAL - M,UNIDAD - UND,011 - 011 - GRIFERIA Y APARATOS HIDROSANITARIOS,1.0,0,1.0,True,False,,
1174,"MESON EN ACERO INOXIDABLE CON POZUELO DE 1,20M Y QUEMADORES DE 2 PUESTOS O SIMILAR",MATERIAL - M,UNIDAD - UND,011 - 011 - GRIFERIA Y APARATOS HIDROSANITARIOS,1.0,0,1.0,True,False,,
1175,"MESON EN ACERO INOXIDABLE CON POZUELO DE 1,20M Y QUEMADORES DE 4 PUESTOS O SIMILAR",MATERIAL - M,UNIDAD - UND,011 - 011 - GRIFERIA Y APARATOS HIDROSANITARIOS,1.0,0,1.0,True,False,,
1176,"MESON EN ACERO INOXIDABLE CON POZUELO DE 1,50M O SIMILAR",MATERIAL - M,UNIDAD - UND,011 - 011 - GRIFERIA Y APARATOS HIDROSANITARIOS,1.0,0,1.0,True,False,,
1177,"MESON EN ACERO INOXIDABLE CON POZUELO DE 1,80M O SIMILAR",MATERIAL - M,UNIDAD - UND,011 - 011 - GRIFERIA Y APARATOS HIDROSANITARIOS,1.0,0,1.0,True,False,,
1178,"MESON EN ACERO INOXIDABLE CON POZUELO DE 2,00M O SIMILAR",MATERIAL - M,UNIDAD - UND,011 - 011 - GRIFERIA Y APARATOS HIDROSANITARIOS,1.0,0,1.0,True,False,,
1179,"MESON EN ACERO INOXIDABLE CON POZUELO Y QUEMADORES DE 1,50M O SIMILAR",MATERIAL - M,UNIDAD - UND,011 - 011 - GRIFERIA Y APARATOS HIDROSANITARIOS,1.0,0,1.0,True,False,,
1180,"MESON EN ACERO INOXIDABLE CON POZUELO Y QUEMADORES DE 2,00M O SIMILAR",MATERIAL - M,UNIDAD - UND,011 - 011 - GRIFERIA Y APARATOS HIDROSANITARIOS,1.0,0,1.0,True,False,,
1181,"METALDECK 2"" CAL. 16 0,94 X 6,10 M",MATERIAL - M,UNIDAD - UND,004 - 004 - CUBIERTA Y CANALES,1.0,19,1.19,True,False,MARIA PAULA BALLEN MANOSALVA,2025-07-29
1182,"METALDECK 2"" CAL. 18 0,94 X 6,10 M",MATERIAL - M,UNIDAD - UND,004 - 004 - CUBIERTA Y CANALES,307615.0,19,366061.85,True,False,MARIA PAULA BALLEN MANOSALVA,2025-07-29
1183,"METALDECK 2"" CAL. 20 0,94 X 6,10 M",MATERIAL - M,UNIDAD - UND,004 - 004 - CUBIERTA Y CANALES,226058.35,19,269009.44,True,False,MARIA PAULA BALLEN MANOSALVA,2025-07-29
1184,"METALDECK 2"" CAL. 22 0,94 X 6,10 M",MATERIAL - M,UNIDAD - UND,004 - 004 - CUBIERTA Y CANALES,1.0,19,1.19,True,False,MARIA PAULA BALLEN MANOSALVA,2025-07-29
1185,"METALDECK 3"" CAL. 16 0,94 X 6,10 M",MATERIAL - M,UNIDAD - UND,004 - 004 - CUBIERTA Y CANALES,1.0,19,1.19,True,False,MARIA PAULA BALLEN MANOSALVA,2025-07-29
1186,"METALDECK 3"" CAL. 18 0,94 X 6,10 M",MATERIAL - M,UNIDAD - UND,004 - 004 - CUBIERTA Y CANALES,1.0,19,1.19,True,False,MARIA PAULA BALLEN MANOSALVA,2025-07-29
1187,"METALDECK 3"" CAL. 20 0,94 X 6,10 M",MATERIAL - M,UNIDAD - UND,004 - 004 - CUBIERTA Y CANALES,1.0,19,1.19,True,False,MARIA PAULA BALLEN MANOSALVA,2025-07-29
1188,"METALDECK 3"" CAL. 22 0,94 X 6,10 M",MATERIAL - M,UNIDAD - UND,004 - 004 - CUBIERTA Y CANALES,1.0,19,1.19,True,False,MARIA PAULA BALLEN MANOSALVA,2025-07-29
1189,MEZCLA DENSA EN CALIENTE MDC-1,MATERIAL - M,METRO CUBICO - M3,021 - 021 - PAVIMENTOS,1.0,0,1.0,True,False,,
1190,MEZCLA DENSA EN CALIENTE MDC-10,MATERIAL - M,METRO CUBICO - M3,021 - 021 - PAVIMENTOS,1.0,0,1.0,True,False,,
1191,MEZCLA DENSA EN CALIENTE MDC-19,MATERIAL - M,METRO CUBICO - M3,021 - 021 - PAVIMENTOS,1.0,0,1.0,True,False,,
1192,MEZCLA DENSA EN CALIENTE MDC-2,MATERIAL - M,METRO CUBICO - M3,021 - 021 - PAVIMENTOS,1.0,0,1.0,True,False,,
1193,MEZCLA DENSA EN CALIENTE MDC-25,MATERIAL - M,METRO CUBICO - M3,021 - 021 - PAVIMENTOS,1.0,0,1.0,True,False,,
1194,MEZCLA DENSA EN CALIENTE MDC-3,MATERIAL - M,METRO CUBICO - M3,021 - 021 - PAVIMENTOS,1.0,0,1.0,True,False,,
1195,MEZCLA SEMI DENSA EN CALIENTE MSC-19,MATERIAL - M,METRO CUBICO - M3,021 - 021 - PAVIMENTOS,1.0,0,1.0,True,False,,
1196,MEZCLA SEMI DENSA EN CALIENTE MSC-25,MATERIAL - M,METRO CUBICO - M3,021 - 021 - PAVIMENTOS,1.0,0,1.0,True,False,,
1197,MEZCLADORA DE CONCRETO,EQUIPO - E,HORA - HR,022 - 022 - MAQUINARIA Y EQUIPO,1.0,0,1.0,True,False,,
1198,MEZCLADORA DE UN (1) BULTO,EQUIPO - E,DIA - DIA,022 - 022 - MAQUINARIA Y EQUIPO,1.0,0,1.0,True,False,,
1199,MICROESFERAS REFLECTIVAS DE VIDRIO,MATERIAL - M,KILOGRAMO - KG,021 - 021 - PAVIMENTOS,1.0,0,1.0,True,False,,
1200,MICROPORE,CONSUMIBLES - C,UNIDAD - UND,029 - 029 - SG-SST,1.0,19,1.19,True,False,DIEGO ANDRES RODRIGUEZ RODRIGUEZ,2025-09-15
1201,MINERAL PARA PISO,MATERIAL - M,UNIDAD - UND,009 - 009 - ENCHAPES,1.0,19,1.19,True,False,MARIA PAULA BALLEN MANOSALVA,2025-07-29
1202,MINI MARCA GREE APLI CAPACIDAD 12000 BTU/H,EQUIPO - E,UNIDAD - UND,028 - 028 - EQUIPOS TECNOLOGICOS,1.0,0,1.0,True,False,,
1203,MINI POSTE NERO PARA ZONAS COSTERAS CON BOMBILLO.,EQUIPO - E,UNIDAD - UND,028 - 028 - EQUIPOS TECNOLOGICOS,1.0,0,1.0,True,False,,
1204,"MOLDE MT-06 PIZARRA BASALTO 60,5CM X 60,5CM",MATERIAL - M,UNIDAD - UND,001 - 001 - ADHESIVOS Y ADITIVOS,1.0,0,1.0,True,False,EDIER JAFETH MARIOTTA PADILLA,2025-08-09
1205,MONOGAFAS DE POLICARBONATO,ELEMEN. PROTECCION - P,UNIDAD - UND,029 - 029 - SG-SST,1.0,19,1.19,True,False,DIEGO ANDRES RODRIGUEZ RODRIGUEZ,2025-09-22
1206,MORTERO 1:3 EN OBRA,MATERIAL - M,METRO CUBICO - M3,006 - 006 - CONCRETOS Y MORTEROS,1.0,19,1.19,True,False,MARIA PAULA BALLEN MANOSALVA,2025-07-29
1207,MORTERO 1:4 2000 PSI,MATERIAL - M,METRO CUBICO - M3,006 - 006 - CONCRETOS Y MORTEROS,1.0,19,1.19,True,False,MARIA PAULA BALLEN MANOSALVA,2025-07-29
1208,MORTERO 1:4 EN OBRA,MATERIAL - M,METRO CUBICO - M3,006 - 006 - CONCRETOS Y MORTEROS,1.0,19,1.19,True,False,MARIA PAULA BALLEN MANOSALVA,2025-07-29
1209,MORTERO 1:5 EN OBRA,MATERIAL - M,METRO CUBICO - M3,006 - 006 - CONCRETOS Y MORTEROS,1.0,19,1.19,True,False,HENRY DE JESUS TABORDA ZAPATA,2026-07-26
1210,MORTERO RESANE MUROS Y DILATACIONES,MATERIAL - M,UNIDAD - UND,006 - 006 - CONCRETOS Y MORTEROS,1.0,19,1.19,True,False,MARIA PAULA BALLEN MANOSALVA,2025-07-29
1211,"MOTOBOMBA 1HP, BIFASICA 220V, ENTRADA Y SALIDA 1"".",TRANSPORTE - T,UNIDAD - UND,022 - 022 - MAQUINARIA Y EQUIPO,1.0,19,1.19,True,False,DIEGO ANDRES RODRIGUEZ RODRIGUEZ,2025-09-16
1212,MOTOCARRO,TRANSPORTE - T,UNIDAD - UND,022 - 022 - MAQUINARIA Y EQUIPO,17035000.0,19,20271650.0,True,False,DIEGO ANDRES RODRIGUEZ RODRIGUEZ,2025-09-16
1213,MOTOCICLETA,EQUIPO - E,HORA - HR,022 - 022 - MAQUINARIA Y EQUIPO,1.0,0,1.0,True,False,,
1214,MOTONIVELADORA/HR,EQUIPO - E,HORA - HR,022 - 022 - MAQUINARIA Y EQUIPO,1.0,0,1.0,True,False,,
1215,MOTONIVELADORA ADAMS,EQUIPO - E,HORA - HR,022 - 022 - MAQUINARIA Y EQUIPO,1.0,0,1.0,True,False,,
1216,"MOTONIVELADORA POTENCIA 215 HP, ANCHO DE CUCHILLA 4,27 M PESO 18 TON",EQUIPO - E,UNIDAD - UND,028 - 028 - EQUIPOS TECNOLOGICOS,1.0,0,1.0,True,False,,
1217,MOUSE ALAMBRICO,DOTACION - D,UNIDAD - UND,029 - 029 - SG-SST,1.0,19,1.19,True,False,DIEGO ANDRES RODRIGUEZ RODRIGUEZ,2025-09-22
1218,MOUSE ERGONOMICO,EQUIPO - E,UNIDAD - UND,028 - 028 - EQUIPOS TECNOLOGICOS,1.0,0,1.0,True,False,,
1219,MOUSE INALHAMBRICO,MATERIAL - M,UNIDAD - UND,019 - 019 - CARPINTERIA MADERA,1.0,0,1.0,True,False,,
1220,"MUEBLE INFERIOR DE COCINA ENTRE MUROS (SOBRE POYO), EN LAMINA RH (INCLUYE MINIMO 3 CAJONES, PUERTAS, DIVISORIOS, ENTREPANOS Y ACCESORIOS), H=0,70 M",MATERIAL - M,UNIDAD - UND,019 - 019 - CARPINTERIA MADERA,1.0,0,1.0,True,False,,
1221,"MUEBLE MODULAR INFERIOR DE COCINA (MUEBLE BASE), EN LAMINA RH (INCLUYE 3 PUERTAS, 1 CAJON, LATERALES, DIVISORIOS, ENTREPANOS, PATAS REGULABLES Y ACCESORIOS); LONG. 1,20 M",MATERIAL - M,UNIDAD - UND,019 - 019 - CARPINTERIA MADERA,1.0,0,1.0,True,False,,
1222,"MUEBLE MODULAR INFERIOR DE COCINA (MUEBLE BASE), EN LAMINA RH (INCLUYE 3 PUERTAS, 3 CAJONES, LATERALES, DIVISORIOS, ENTREPANOS, PATAS REGULABLES Y ACCESORIOS); LONG. 1,80 M",MATERIAL - M,UNIDAD - UND,019 - 019 - CARPINTERIA MADERA,1.0,0,1.0,True,False,,
1223,"MUEBLE MODULAR INFERIOR DE COCINA (MUEBLE BASE), EN LAMINA RH (INCLUYE 4 PUERTAS, 1 CAJON, LATERALES, DIVISORIOS, ENTREPANOS, PATAS REGULABLES Y ACCESORIOS); LONG. 1,50 M",MATERIAL - M,UNIDAD - UND,019 - 019 - CARPINTERIA MADERA,1.0,0,1.0,True,False,,
1224,"MUEBLE MODULAR SUPERIOR DE COCINA SOBRE CAMPANA O NEVERA, EN LAMINA RH (INCLUYE ACCESORIOS); LONG. 0,60 M",MATERIAL - M,UNIDAD - UND,019 - 019 - CARPINTERIA MADERA,1.0,0,1.0,True,False,,
1225,"MUEBLE MODULAR SUPERIOR DE COCINA, EN LAMINA RH (INCLUYE 3 PUERTAS, DIVISORIOS, ENTREPANOS Y ACCESORIOS); LONG. 1,00-1,20 M",MATERIAL - M,UNIDAD - UND,019 - 019 - CARPINTERIA MADERA,1.0,0,1.0,True,False,,
1226,"MUEBLE MODULAR SUPERIOR DE COCINA, EN LAMINA RH (INCLUYE 4 PUERTAS, DIVISORIOS, ENTREPANOS Y ACCESORIOS); LONG. 1,50 M",MATERIAL - M,UNIDAD - UND,019 - 019 - CARPINTERIA MADERA,1.0,0,1.0,True,False,,
1227,"MUEBLE MODULAR SUPERIOR DE COCINA, EN LAMINA RH (INCLUYE 4 PUERTAS, DIVISORIOS, ENTREPANOS Y ACCESORIOS); LONG. 1,80 M",MATERIAL - M,UNIDAD - UND,019 - 019 - CARPINTERIA MADERA,1.0,0,1.0,True,False,,
1228,"MUEBLE MODULAR SUPERIOR DE COCINA, EN LAMINA RH (LONGITUD 1,80 M)(INCLUYE 4 PUERTAS, DIVISORIOS, ENTREPANOS Y ACCESORIOS PARA EL CORRECTO FUNCIONAMIENTO",MATERIAL - M,UNIDAD - UND,"014 - 014 - INSTALACIONES ELECTRICAS, VOZ Y DATOS",1.0,19,1.19,True,False,DIEGO ANDRES RODRIGUEZ RODRIGUEZ,2025-09-22
1229,MULTITOMA PARA GABINETE,EQUIPO - E,UNIDAD - UND,008 - 008 - MOBILIARIO URBANO,205400.35,19,244426.42,True,False,MARIA PAULA BALLEN MANOSALVA,2025-07-29
1230,NEVERA,EQUIPO - E,UNIDAD - UND,041 - 041 - MUEBLES Y ENSERES,1.0,0,1.0,True,False,,
1231,NITROGENO,MATERIAL - M,UNIDAD - UND,033 - 033 - REPUESTOS E INSUMOS,1.0,0,1.0,True,False,,
1232,OFICIAL DE CARPINTERIA METALICA,HONORARIOS - H,DIA - DIA,024 - 024 - PERSONAL OPERATIVO,1.0,0,1.0,True,False,,
1233,OFICIAL DE CONSTRUCCION,HONORARIOS - H,DIA - DIA,024 - 024 - PERSONAL OPERATIVO,1.0,0,1.0,True,False,,
1234,OFICIAL DE MANTENIMIENTO,NOMINA - N,UNIDAD - UND,024 - 024 - PERSONAL OPERATIVO,1.0,0,1.0,True,False,,
1235,OFICIAL DE OBRA,HONORARIOS - H,UNIDAD - UND,024 - 024 - PERSONAL OPERATIVO,1.0,0,1.0,True,False,,
1236,OFICIAL DE PLOMERIA,HONORARIOS - H,DIA - DIA,024 - 024 - PERSONAL OPERATIVO,1.0,0,1.0,True,False,,
1237,OFICIOS VARIOS,NOMINA - N,UNIDAD - UND,024 - 024 - PERSONAL OPERATIVO,1.0,0,1.0,True,False,,
1238,OMEGA GALVANIZADA 2.44 M.,MATERIAL - M,UNIDAD - UND,004 - 004 - CUBIERTA Y CANALES,3815.12,19,4539.99,True,False,MARIA PAULA BALLEN MANOSALVA,2025-07-29
1239,OMEGAS PARA CIELO RASO PVC 2.44 M,MATERIAL - M,UNIDAD - UND,004 - 004 - CUBIERTA Y CANALES,3635.14,19,4325.82,True,False,MARIA PAULA BALLEN MANOSALVA,2025-07-29
1240,ON/OFF CABLES DE CONTROL,MATERIAL - M,UNIDAD - UND,"014 - 014 - INSTALACIONES ELECTRICAS, VOZ Y DATOS",1.0,19,1.19,True,False,DIEGO ANDRES RODRIGUEZ RODRIGUEZ,2025-09-22
1241,OPERADOR,NOMINA - N,UNIDAD - UND,024 - 024 - PERSONAL OPERATIVO,1.0,0,1.0,True,False,,
1242,OPERADOR DE MAQUINARIA PESADA,MATERIAL - M,UNIDAD - UND,024 - 024 - PERSONAL OPERATIVO,1.0,0,1.0,True,False,,
1243,OPERARIO DE MAQUINARIA,HONORARIOS - H,DIA - DIA,024 - 024 - PERSONAL OPERATIVO,1.0,0,1.0,True,False,,
1244,OPTOMETRIA GENERAL,SERVICIOS - Q,UNIDAD - UND,031 - 031 - SERVICIOS MEDICOS,1.0,0,1.0,True,False,,
1245,ORGANIZADOR DE CABLE HORIZONTAL80X60MM,MATERIAL - M,UNIDAD - UND,012 - 012 - INSTALACIONES HIDRAULICAS,1.0,0,1.0,True,False,,
1246,ORGANIZADOR DE CABLE VERTICAL 80X60X2000MM,MATERIAL - M,UNIDAD - UND,013 - 013 - INSTALACIONES HIDROSANITARIAS,1.0,0,1.0,True,False,,
1247,ORGANIZADOR DE CABLES HORIZ-VERTICAL.,MATERIAL - M,UNIDAD - UND,"014 - 014 - INSTALACIONES ELECTRICAS, VOZ Y DATOS",139041.19,19,165459.02,True,False,DIEGO ANDRES RODRIGUEZ RODRIGUEZ,2025-09-22
1248,ORINAL CON GRIFERIA,MATERIAL - M,UNIDAD - UND,011 - 011 - GRIFERIA Y APARATOS HIDROSANITARIOS,1.0,0,1.0,True,False,,
1249,P1 ACCESO PRINCIPAL A TWR: SUMINISTRO E INSTALACION DE PUERTA BATIENTE DOBLE SISTEMA CON ROTURA DE PUENTE TERMICO CON PINTURA ELECTROESTATICA PARA CONDICIONES DE ALTA SALINIDAD CON VIDRIO DVH TEMPER DUAL HS,MATERIAL - M,UNIDAD - UND,018 - 018 - CARPINTERIA METALICA,1.0,0,1.0,True,False,,
1250,P6 PISO 03 - ACCESO A PASARELA DE SERVICO EXTERIOR: SUMINISTRO E INSTALACION DE PUERTA BATIENTE HOJA SENCILLA SISTEMA CON ROTURA DE PUENTE TERMICO CON PINTURA ELECTROESTATICA PARA CONDICIONES DE ALTA SALINIDAD,MATERIAL - M,UNIDAD - UND,018 - 018 - CARPINTERIA METALICA,1.0,0,1.0,True,False,,
1251,PAD MOUSE,DOTACION - D,UNIDAD - UND,029 - 029 - SG-SST,1.0,0,1.0,True,False,,
1252,PALA ANTICHISPA,CONSUMIBLES - C,UNIDAD - UND,029 - 029 - SG-SST,1.0,19,1.19,True,False,DIEGO ANDRES RODRIGUEZ RODRIGUEZ,2025-09-15
1253,PALETA DE PUNTO DE ENCUENTRO,SEÑALIZACIÓN - Ñ,UNIDAD - UND,029 - 029 - SG-SST,1.0,0,1.0,True,False,,
1254,PALETA PARE Y SIGA,SEÑALIZACIÓN - Ñ,UNIDAD - UND,029 - 029 - SG-SST,28874.79,0,28874.79,True,False,,
1255,"PANEL AUTOPORTANTE PARA SUELO TECNICO, DE 600X600 MM Y 48 MM DE ESPESOR, FORMADO POR UN SOPORTE BASE DE TABLERO AGLOMERADO, DE 38 MM DE ESPESOR, BISELADO Y REMATADO PERIMETRALMENTE CON MATERIAL PLASTICO AUTO EXTINGUIBLE ABS",MATERIAL - M,UNIDAD - UND,004 - 004 - CUBIERTA Y CANALES,1.0,19,1.19,True,False,MARIA PAULA BALLEN MANOSALVA,2025-07-29
1256,"PANEL CENTRAL DE INCENDIO CON ANUNCIADOR, TECLADO DE CONTROL, BATERIA, MODULO DE EXPANSION Y ACCESORIOS PARA SU INSTALACION",EQUIPO - E,UNIDAD - UND,016 - 016 - REDES CONTRA INCENDIO,1.0,0,1.0,True,False,,
1257,PANEL LED SOBREPONER 18W REDONDO,MATERIAL - M,UNIDAD - UND,"014 - 014 - INSTALACIONES ELECTRICAS, VOZ Y DATOS",11083.37,19,13189.21,True,False,MARIA PAULA BALLEN MANOSALVA,2026-07-03
1258,PANEL LED DE SOBREPONER EN CIELO RASO REF.18YDLED430MV30B,MATERIAL - M,UNIDAD - UND,"014 - 014 - INSTALACIONES ELECTRICAS, VOZ Y DATOS",1.0,19,1.19,True,False,DIEGO ANDRES RODRIGUEZ RODRIGUEZ,2025-09-22
1259,PANEL SOLAR 585WP MONOCRISTALINO,EQUIPO - E,UNIDAD - UND,"014 - 014 - INSTALACIONES ELECTRICAS, VOZ Y DATOS",1.0,19,1.19,True,False,DIEGO ANDRES RODRIGUEZ RODRIGUEZ,2025-09-22
1260,PANTALON JEAN,DOTACION - D,UNIDAD - UND,029 - 029 - SG-SST,30000.0,0,30000.0,True,False,,
1261,PANO ABSORBENTE MULTIUSOS,CONSUMIBLES - C,UNIDAD - UND,027 - 027 - ASEO Y CAFETERIA,1.0,19,1.19,True,False,DIEGO ANDRES RODRIGUEZ RODRIGUEZ,2025-09-15
1262,PAPEL BOND PLIEGO,CONSUMIBLES - C,UNIDAD - UND,005 - 005 - PAPELERIA,1.0,19,1.19,True,False,MARIA PAULA BALLEN MANOSALVA,2025-07-29
1263,PAPEL HIGIENICO *12 UND,CONSUMIBLES - C,PAQUETE - PQT,027 - 027 - ASEO Y CAFETERIA,1.0,19,1.19,True,False,DIEGO ANDRES RODRIGUEZ RODRIGUEZ,2025-09-15
1264,PAPEL OPALINA,CONSUMIBLES - C,UNIDAD - UND,005 - 005 - PAPELERIA,1.0,19,1.19,True,False,MARIA PAULA BALLEN MANOSALVA,2025-07-29
1265,PAPELERA DE BANO,CONSUMIBLES - C,UNIDAD - UND,027 - 027 - ASEO Y CAFETERIA,1.0,19,1.19,True,False,DIEGO ANDRES RODRIGUEZ RODRIGUEZ,2025-09-15
1266,PAPELERA OFICINA,CONSUMIBLES - C,UNIDAD - UND,027 - 027 - ASEO Y CAFETERIA,1.0,19,1.19,True,False,DIEGO ANDRES RODRIGUEZ RODRIGUEZ,2025-09-15
1267,BOLSAS ROJAS PLASTICAS DE 121 LTS RESISTENTES,CONSUMIBLES - C,UNIDAD - UND,029 - 029 - SG-SST,1.0,19,1.19,True,False,MARIA PAULA BALLEN MANOSALVA,2026-06-04
1268,BOLSAS NEGRAS PLASTICAS DE 121 LTS RESISTENTES,CONSUMIBLES - C,UNIDAD - UND,029 - 029 - SG-SST,1.0,19,1.19,True,False,MARIA PAULA BALLEN MANOSALVA,2026-06-04
1269,BOLSAS BLANCAS PLASTICAS DE 121 LTS RESISTENTES,CONSUMIBLES - C,UNIDAD - UND,029 - 029 - SG-SST,1.0,19,1.19,True,False,MARIA PAULA BALLEN MANOSALVA,2026-06-04
1270,BOLSAS VERDES PLASTICAS DE 121 LTS RESISTENTES,CONSUMIBLES - C,UNIDAD - UND,029 - 029 - SG-SST,1.0,19,1.19,True,False,MARIA PAULA BALLEN MANOSALVA,2026-06-04
1271,PARAL BASE 9 3-5/8 X 1-1/4PG 0.38MM 2.44M,MATERIAL - M,UNIDAD - UND,003 - 003 - ACEROS Y REFUERZOS METALICO,1.0,0,1.0,True,False,,
1272,"PARARRAYO TIPO DISTRIBUCION POLIMERICO, 12 KV - 10 KA",MATERIAL - M,UNIDAD - UND,015 - 015 - REDES ELECTRICAS,97252.14,19,115730.05,True,False,DIEGO ANDRES RODRIGUEZ RODRIGUEZ,2025-09-22
1273,"PARARRAYO TIPO ESTACION 27 KV, 10 KA",MATERIAL - M,UNIDAD - UND,015 - 015 - REDES ELECTRICAS,1.0,19,1.19,True,False,DIEGO ANDRES RODRIGUEZ RODRIGUEZ,2025-09-22
1274,PARARRAYO TIPO FRANKLIN 4 PUNTAS IONIZANTES,MATERIAL - M,UNIDAD - UND,"014 - 014 - INSTALACIONES ELECTRICAS, VOZ Y DATOS",108512.91,19,129130.36,True,False,DIEGO ANDRES RODRIGUEZ RODRIGUEZ,2025-09-22
1275,PARARRAYOS TIPO CODO PARA TRANSFORMADOR PEDESTAL 12KV - 10KA,EQUIPO - E,UNIDAD - UND,015 - 015 - REDES ELECTRICAS,1.0,19,1.19,True,False,DIEGO ANDRES RODRIGUEZ RODRIGUEZ,2025-09-22
1276,PARCHE OCULAR,CONSUMIBLES - C,UNIDAD - UND,029 - 029 - SG-SST,1.0,19,1.19,True,False,DIEGO ANDRES RODRIGUEZ RODRIGUEZ,2025-09-15
1277,PARCIAL DE ORINA,SERVICIOS - Q,UNIDAD - UND,031 - 031 - SERVICIOS MEDICOS,1.0,0,1.0,True,False,,
1278,PARED CERAMICA BRILLANTE LISA 20 X 30 CM.,MATERIAL - M,METRO CUADRADO - M2,009 - 009 - ENCHAPES,1.0,19,1.19,True,False,MARIA PAULA BALLEN MANOSALVA,2025-07-29
1279,PASAMANOS METALICO,MATERIAL - M,METRO - M,018 - 018 - CARPINTERIA METALICA,1.0,0,1.0,True,False,,
1280,PASAMANOS TUBULAR INST. H:1.10,MATERIAL - M,METRO - M,018 - 018 - CARPINTERIA METALICA,1.0,0,1.0,True,False,,
1281,PASTA PARA ESTUCAR,MATERIAL - M,KILOGRAMO - KG,017 - 017 - ACABADOS Y PINTURA,1892.38,0,1892.38,True,False,,
1282,"PATCH CORD CATEGORIA 6A, BLINDADO, 3 PIES (0.9 M)",MATERIAL - M,UNIDAD - UND,"014 - 014 - INSTALACIONES ELECTRICAS, VOZ Y DATOS",1.0,19,1.19,True,False,DIEGO ANDRES RODRIGUEZ RODRIGUEZ,2025-09-22
1283,"PATCH CORD CATEGORIA 6A, BLINDADO, 7 PIES, (2.1 M)",MATERIAL - M,UNIDAD - UND,"014 - 014 - INSTALACIONES ELECTRICAS, VOZ Y DATOS",1.0,19,1.19,True,False,DIEGO ANDRES RODRIGUEZ RODRIGUEZ,2025-09-22
1284,PATCH PANEL 48 PUERTOS ANG. CAT.6 RL45 PANDUIT,MATERIAL - M,UNIDAD - UND,"014 - 014 - INSTALACIONES ELECTRICAS, VOZ Y DATOS",473620.0,19,563607.8,True,False,DIEGO ANDRES RODRIGUEZ RODRIGUEZ,2025-09-22
1285,"PATCH PANEL DE 24 PUERTOS CATEGORIA 6A (INCLUYE JAKS), BLINDADO , 19"", 1RU,",MATERIAL - M,UNIDAD - UND,"014 - 014 - INSTALACIONES ELECTRICAS, VOZ Y DATOS",1.0,19,1.19,True,False,DIEGO ANDRES RODRIGUEZ RODRIGUEZ,2025-09-22
1286,PATTEX 227 GR,CONSUMIBLES - C,UNIDAD - UND,001 - 001 - ADHESIVOS Y ADITIVOS,1.0,19,1.19,True,False,DIEGO ANDRES RODRIGUEZ RODRIGUEZ,2025-07-29
1287,PDU HORIZONTAL DE 12 ENTRADAS NEMA 5-15R,MATERIAL - M,UNIDAD - UND,"014 - 014 - INSTALACIONES ELECTRICAS, VOZ Y DATOS",1.0,19,1.19,True,False,DIEGO ANDRES RODRIGUEZ RODRIGUEZ,2025-09-22
1288,PEGACOR X 25KG,CONSUMIBLES - C,UNIDAD - UND,009 - 009 - ENCHAPES,14219.53,19,16921.24,True,False,MARIA PAULA BALLEN MANOSALVA,2025-07-29
1289,PEGAMENTO FIJACION A SUPERFICIE DE APOYO,CONSUMIBLES - C,UNIDAD - UND,020 - 020 - FERRETERIA MENOR,1.0,19,1.19,True,False,DIEGO ANDRES RODRIGUEZ RODRIGUEZ,2025-09-15
1290,PEGANTE DENSO FIBRATEX,MATERIAL - M,GALON - GAL,001 - 001 - ADHESIVOS Y ADITIVOS,1.0,19,1.19,True,False,DIEGO ANDRES RODRIGUEZ RODRIGUEZ,2025-07-29
1291,PEGANTE EN BARRA 40GR.,CONSUMIBLES - C,UNIDAD - UND,005 - 005 - PAPELERIA,1.0,19,1.19,True,False,MARIA PAULA BALLEN MANOSALVA,2025-07-29
1292,PEGANTE LIQUIDO,CONSUMIBLES - C,UNIDAD - UND,005 - 005 - PAPELERIA,1.0,19,1.19,True,False,MARIA PAULA BALLEN MANOSALVA,2025-07-29
1293,PEGANTE PARA MADERA ALTA EXIGENCIA PL-285 1GL,MATERIAL - M,UNIDAD - UND,019 - 019 - CARPINTERIA MADERA,1.0,0,1.0,True,False,,
1294,PEINE DE OCHO CIRCUITOS,MATERIAL - M,UNIDAD - UND,"014 - 014 - INSTALACIONES ELECTRICAS, VOZ Y DATOS",1.0,19,1.19,True,False,DIEGO ANDRES RODRIGUEZ RODRIGUEZ,2025-09-22
1295,PERCHA DE UN PUESTO TIPO PESADO,MATERIAL - M,UNIDAD - UND,015 - 015 - REDES ELECTRICAS,1.0,19,1.19,True,False,DIEGO ANDRES RODRIGUEZ RODRIGUEZ,2025-09-22
1296,PERFIL C 160 X 60X 2.0MM X 6M,MATERIAL - M,UNIDAD - UND,003 - 003 - ACEROS Y REFUERZOS METALICO,1.0,0,1.0,True,False,,
1297,PERFIL C 220 X 80 X 2.0MM,MATERIAL - M,METRO - M,003 - 003 - ACEROS Y REFUERZOS METALICO,1.0,0,1.0,True,False,,
1298,PERFIL D PARAL 59 244-C26,MATERIAL - M,UNIDAD - UND,003 - 003 - ACEROS Y REFUERZOS METALICO,1.0,0,1.0,True,False,,
1299,PERFIL DE BORDE PAG 150X50-1.5MM,MATERIAL - M,UNIDAD - UND,003 - 003 - ACEROS Y REFUERZOS METALICO,1.0,0,1.0,True,False,,
1300,PERFIL DEL TUBO RECTANGULAR PTE 80 MM X 40 MM DE ESPEDOR E=2MM,MATERIAL - M,METRO LINEAL - ML,010 - 010 - MAMPOSTERIA,1.0,0,1.0,True,False,,
1301,PERFIL EN C 18 2 MM DE 160X60,MATERIAL - M,METRO - M,003 - 003 - ACEROS Y REFUERZOS METALICO,1.0,0,1.0,True,False,,
1302,PERFIL LIPIDICO,SERVICIOS - Q,UNIDAD - UND,031 - 031 - SERVICIOS MEDICOS,1.0,0,1.0,True,False,,
1303,PERFIL METALICO 4X2 CAL 16,MATERIAL - M,UNIDAD - UND,003 - 003 - ACEROS Y REFUERZOS METALICO,1.0,0,1.0,True,False,,
1304,PERFIL OMEGA,MATERIAL - M,UNIDAD - UND,003 - 003 - ACEROS Y REFUERZOS METALICO,1.0,0,1.0,True,False,,
1305,PERFIL PVC PERIMETRAL,MATERIAL - M,UNIDAD - UND,017 - 017 - ACABADOS Y PINTURA,1.0,0,1.0,True,False,,
1306,PERFORADOR 2 HUECOS MEDIANA,CONSUMIBLES - C,UNIDAD - UND,005 - 005 - PAPELERIA,1.0,19,1.19,True,False,MARIA PAULA BALLEN MANOSALVA,2025-07-29
1307,PERMISO DE TRANSITO,LICENCIAS - L,UNIDAD - UND,038 - 038 - LICENCIAS Y PERMISOS,1.0,0,1.0,True,False,,
1308,"PERNO DE CARRUAJE 5/8"" X 2 1/2""",MATERIAL - M,UNIDAD - UND,015 - 015 - REDES ELECTRICAS,2312.17,19,2751.48,True,False,DIEGO ANDRES RODRIGUEZ RODRIGUEZ,2025-09-22
1309,"PERNO DE CARRUAJE DE 5/8* 1 1/2""",MATERIAL - M,UNIDAD - UND,015 - 015 - REDES ELECTRICAS,1412.08,19,1680.38,True,False,DIEGO ANDRES RODRIGUEZ RODRIGUEZ,2025-09-22
1310,"PERNO DE CARRUAJE 5/8"" X 2 1/2",MATERIAL - M,UNIDAD - UND,015 - 015 - REDES ELECTRICAS,1.0,19,1.19,True,False,DIEGO ANDRES RODRIGUEZ RODRIGUEZ,2025-09-22
1311,"PERNO DE MAQUINA DE 1/2"" X 6""",MATERIAL - M,UNIDAD - UND,015 - 015 - REDES ELECTRICAS,1.0,19,1.19,True,False,DIEGO ANDRES RODRIGUEZ RODRIGUEZ,2025-09-22
1312,"PERNO DE MAQUINA DE 1/2* 1 1/2""",MATERIAL - M,UNIDAD - UND,015 - 015 - REDES ELECTRICAS,926.42,19,1102.44,True,False,DIEGO ANDRES RODRIGUEZ RODRIGUEZ,2025-09-22
1313,"PERNO DE MAQUINA DE 5/8 * 10""",MATERIAL - M,UNIDAD - UND,015 - 015 - REDES ELECTRICAS,1.0,19,1.19,True,False,DIEGO ANDRES RODRIGUEZ RODRIGUEZ,2025-09-22
1314,"PERNO DE MAQUINA DE 5/8 * 12""",MATERIAL - M,UNIDAD - UND,015 - 015 - REDES ELECTRICAS,7480.05,19,8901.26,True,False,DIEGO ANDRES RODRIGUEZ RODRIGUEZ,2025-09-22
1315,"PERNO DE MAQUINA DE 5/8"" X 1 1/2"" ROSCA CONTINUA CON TUERCA",MATERIAL - M,UNIDAD - UND,015 - 015 - REDES ELECTRICAS,1.0,19,1.19,True,False,DIEGO ANDRES RODRIGUEZ RODRIGUEZ,2025-09-22
1317,"PERNO DE MAQUINA DE 5/8"" X 2"" ROSCA CONTINUA CON TUERCA",MATERIAL - M,UNIDAD - UND,015 - 015 - REDES ELECTRICAS,1.0,19,1.19,True,False,DIEGO ANDRES RODRIGUEZ RODRIGUEZ,2025-09-22
1318,"PERNO DE MAQUINA DE 5/8"" X 8""",MATERIAL - M,UNIDAD - UND,015 - 015 - REDES ELECTRICAS,1.0,19,1.19,True,False,DIEGO ANDRES RODRIGUEZ RODRIGUEZ,2025-09-22
1319,"PERNO DE OJO 5/8"" X 2"", 4 TUERCAS",MATERIAL - M,UNIDAD - UND,015 - 015 - REDES ELECTRICAS,1.0,19,1.19,True,False,DIEGO ANDRES RODRIGUEZ RODRIGUEZ,2025-09-22
1320,"PERNO DE OJO 5/8"" X 4"", 4 TUERCAS",MATERIAL - M,UNIDAD - UND,015 - 015 - REDES ELECTRICAS,1.0,19,1.19,True,False,DIEGO ANDRES RODRIGUEZ RODRIGUEZ,2025-09-22
1321,"PERNO DE OJO TIPO 2 (5/8 X 10"")",MATERIAL - M,UNIDAD - UND,015 - 015 - REDES ELECTRICAS,1.0,19,1.19,True,False,DIEGO ANDRES RODRIGUEZ RODRIGUEZ,2025-09-22
1322,"PERNO EN U DE 1/2"" PARA CABLE DE GUARDA - 4 TUERCAS",MATERIAL - M,UNIDAD - UND,015 - 015 - REDES ELECTRICAS,1.0,19,1.19,True,False,DIEGO ANDRES RODRIGUEZ RODRIGUEZ,2025-09-22
1323,"PERNO EXPANSIVO 3/8 X 3""",MATERIAL - M,UNIDAD - UND,018 - 018 - CARPINTERIA METALICA,1.0,0,1.0,True,False,,
1324,"PESADO, CON MOTOR SELLADO MONTADO EN BALINERAS. POTENCIA:",EQUIPO - E,UNIDAD - UND,026 - 026 - EQUIPOS ESPECIALIZADOS,1.0,0,1.0,True,False,,
1325,PETO DE CARNAZA,ELEMEN. PROTECCION - P,UNIDAD - UND,029 - 029 - SG-SST,22000.0,0,22000.0,True,False,,
1326,PIE AMIGO EN ACERO REFORZADO,MATERIAL - M,UNIDAD - UND,003 - 003 - ACEROS Y REFUERZOS METALICO,1.0,0,1.0,True,False,,
1327,"PIE REGULABLE ACERO GALVANIZADO, INC ACCESORIOS",MATERIAL - M,METRO CUBICO - M3,003 - 003 - ACEROS Y REFUERZOS METALICO,1.0,0,1.0,True,False,,
1328,"PIEDRA BOLA 4""",MATERIAL - M,METRO CUBICO - M3,002 - 002 - AGREGADOS PETREOS,112222.22,19,133544.44,True,False,DIEGO ANDRES RODRIGUEZ RODRIGUEZ,2025-07-29
1329,PIEDRA DE CANTO RODADO,MATERIAL - M,METRO CUBICO - M3,002 - 002 - AGREGADOS PETREOS,1.0,19,1.19,True,False,DIEGO ANDRES RODRIGUEZ RODRIGUEZ,2025-07-29
1330,"PIGTAIL DE FIBRA OPTICA LC, MULTIMODO OM3, 1 METRO,",MATERIAL - M,UNIDAD - UND,"014 - 014 - INSTALACIONES ELECTRICAS, VOZ Y DATOS",1.0,19,1.19,True,False,DIEGO ANDRES RODRIGUEZ RODRIGUEZ,2025-09-22
1331,PIN PARA CRUCETA METALICA DE 13.2 KV. EN POSTE,MATERIAL - M,UNIDAD - UND,015 - 015 - REDES ELECTRICAS,1.0,19,1.19,True,False,DIEGO ANDRES RODRIGUEZ RODRIGUEZ,2025-09-22
1332,PINTULUX NEGRO MATE O SIMILAR,MATERIAL - M,GALON - GAL,017 - 017 - ACABADOS Y PINTURA,1.0,0,1.0,True,False,,
1333,PINTURA ACRILICA,MATERIAL - M,GALON - GAL,017 - 017 - ACABADOS Y PINTURA,1.0,0,1.0,True,False,,
1334,PINTURA ACRILICA PURA PARA DEMARCACION VIAL.,MATERIAL - M,GALON - GAL,021 - 021 - PAVIMENTOS,1.0,0,1.0,True,False,,
1335,PINTURA DE ACABADO (EPOXICA + POLIURETANO),MATERIAL - M,GALON - GAL,017 - 017 - ACABADOS Y PINTURA,179000.0,0,179000.0,True,False,,
1336,PINTURA EN ESMALTE COLOR VARIADO,MATERIAL - M,GALON - GAL,017 - 017 - ACABADOS Y PINTURA,57561.13,0,57561.13,True,False,,
1337,"PINTURA EN VINILO TIPO I, LAVABLE",MATERIAL - M,GALON - GAL,017 - 017 - ACABADOS Y PINTURA,47982.07,0,47982.07,True,False,HENRY DE JESUS TABORDA ZAPATA,2026-07-31
1338,PINTURA INTUMESCENTE TIPO NULLFIRE 902 O EQUIVALENTE,MATERIAL - M,GALON - GAL,017 - 017 - ACABADOS Y PINTURA,1.0,0,1.0,True,False,,
1339,PINTURA KORAZA,MATERIAL - M,GALON - GAL,017 - 017 - ACABADOS Y PINTURA,87347.26,0,87347.26,True,False,,
1340,PINTURA KORAZA O SIMILAR,MATERIAL - M,GALON - GAL,017 - 017 - ACABADOS Y PINTURA,1.0,0,1.0,True,False,,
1341,PINTURA VINILO TIPO 1 PARA USO INTERIOR COLOR BLANCO,MATERIAL - M,GALON - GAL,017 - 017 - ACABADOS Y PINTURA,39073.8,0,39073.8,True,False,DIEGO ANDRES RODRIGUEZ RODRIGUEZ,2025-06-14
1342,PINTURA VINILO TIPO 1 - INTERIORES,MATERIAL - M,CUÑETE - CÑT,017 - 017 - ACABADOS Y PINTURA,161495.79,0,161495.79,True,False,HERNAN CAMILO GARCIA CONTRERAS,2025-08-21
1343,PISO CERAMICO ALTO RELIEVE .45MTS X .45MTS.,MATERIAL - M,METRO CUADRADO - M2,009 - 009 - ENCHAPES,1.0,19,1.19,True,False,MARIA PAULA BALLEN MANOSALVA,2025-07-29
1344,PISO CERAMICO DE ALTO RELIEVE .56MTS X .56MTS O SIMILAR,MATERIAL - M,METRO CUADRADO - M2,009 - 009 - ENCHAPES,1.0,19,1.19,True,False,MARIA PAULA BALLEN MANOSALVA,2025-07-29
1345,PISO CERAMICO DE DIF. COLORES .51MTS. X .51MTS. O SIMILAR,MATERIAL - M,METRO CUADRADO - M2,009 - 009 - ENCHAPES,1.0,19,1.19,True,False,MARIA PAULA BALLEN MANOSALVA,2025-07-29
1346,PISO CERAMICO DE DIF. COLORES .60 MTS X .60 MTS O SIMILAR,MATERIAL - M,METRO CUADRADO - M2,009 - 009 - ENCHAPES,22250.45,19,26478.04,True,False,MARIA PAULA BALLEN MANOSALVA,2025-07-29
1347,PISO EN CERAMICA 41.5 * 41.5 O SIMILAR,MATERIAL - M,METRO CUADRADO - M2,009 - 009 - ENCHAPES,1.0,19,1.19,True,False,MARIA PAULA BALLEN MANOSALVA,2025-07-29
1348,PISO EN CERAMICA FORMATO VARIABLE,MATERIAL - M,METRO CUADRADO - M2,009 - 009 - ENCHAPES,1.0,19,1.19,True,False,MARIA PAULA BALLEN MANOSALVA,2025-07-29
1349,PISO EN PORCELANATO FORMATO VARIABLE,MATERIAL - M,METRO CUADRADO - M2,009 - 009 - ENCHAPES,1.0,19,1.19,True,False,MARIA PAULA BALLEN MANOSALVA,2025-07-29
1350,PISO EN TABLO DE GRES FORMATO VARIABLE,MATERIAL - M,METRO CUADRADO - M2,009 - 009 - ENCHAPES,1.0,19,1.19,True,False,MARIA PAULA BALLEN MANOSALVA,2025-07-29
1351,"PISO MADERA, CAFE ECOLOGICO O SIMILAR",MATERIAL - M,METRO CUADRADO - M2,009 - 009 - ENCHAPES,1.0,19,1.19,True,False,MARIA PAULA BALLEN MANOSALVA,2025-07-29
1352,PISO MIKONOS ARD 33.8X33.8,MATERIAL - M,METRO CUADRADO - M2,009 - 009 - ENCHAPES,1.0,19,1.19,True,False,MARIA PAULA BALLEN MANOSALVA,2025-07-29
1353,"PISO SAN LUIS ARD GREIG CARA UNICA, 33.8X33.8",MATERIAL - M,METRO CUADRADO - M2,009 - 009 - ENCHAPES,1.0,19,1.19,True,False,MARIA PAULA BALLEN MANOSALVA,2025-07-29
1354,PISON PARA ESTAMPADO MEDIDAS BASE 28 CM X 28 CM ALTURA 1.14 MTS,MATERIAL - M,UNIDAD - UND,010 - 010 - MAMPOSTERIA,1.0,0,1.0,True,False,,
1355,PISTOLA CALAFATEO,MATERIAL - M,UNIDAD - UND,020 - 020 - FERRETERIA MENOR,20628.0,19,24547.32,True,False,DIEGO ANDRES RODRIGUEZ RODRIGUEZ,2025-09-16
1356,PITO DE EMERGENCIA,CONSUMIBLES - C,UNIDAD - UND,029 - 029 - SG-SST,1.0,19,1.19,True,False,DIEGO ANDRES RODRIGUEZ RODRIGUEZ,2025-09-15
1357,PLACA ADAPTADORA,EQUIPO - E,UNIDAD - UND,026 - 026 - EQUIPOS ESPECIALIZADOS,1.0,0,1.0,True,False,,
1358,PLACA DE DERIVACION,EQUIPO - E,UNIDAD - UND,026 - 026 - EQUIPOS ESPECIALIZADOS,1.0,0,1.0,True,False,,
1359,PLACA SUPERBOARD 8MM 244X122CM,MATERIAL - M,UNIDAD - UND,007 - 007 - PREFABRICADOS EN CONCRETO,1.0,0,1.0,True,False,,
1360,PLACA YESO MUROS 8MM 244X122CM,MATERIAL - M,UNIDAD - UND,007 - 007 - PREFABRICADOS EN CONCRETO,1.0,0,1.0,True,False,,
1361,PLACAS CIEGAS PARA BANDEJA,MATERIAL - M,UNIDAD - UND,"014 - 014 - INSTALACIONES ELECTRICAS, VOZ Y DATOS",1.0,19,1.19,True,False,DIEGO ANDRES RODRIGUEZ RODRIGUEZ,2025-09-22
1362,PLAFON DE PORCELANA,MATERIAL - M,UNIDAD - UND,"014 - 014 - INSTALACIONES ELECTRICAS, VOZ Y DATOS",3590.3,19,4272.46,True,False,DIEGO ANDRES RODRIGUEZ RODRIGUEZ,2025-09-22
1363,PLANTA ELECTRICA,EQUIPO - E,UNIDAD - UND,022 - 022 - MAQUINARIA Y EQUIPO,1.0,0,1.0,True,False,,
1364,PLANTA ELECTRICA 150 KVA CON CABINA INSONORIZADA,MATERIAL - M,UNIDAD - UND,015 - 015 - REDES ELECTRICAS,1.0,19,1.19,True,False,DIEGO ANDRES RODRIGUEZ RODRIGUEZ,2025-09-22
1365,"PLANTA ELECTRICA CUMMINS POWER GENERATION DE 175KW NOMINALES (STANDBY) MODELO C175D6, EMISIONADO TIER III, INCLUYE FILTROS, GOVERNADOR ELECTRONICO DE VELOCIDAD, INCLUYE FILTROS, TABLERO PCC1.2, PANTALLA LCD, CON ALARMA POR BAJO VOLTAJE DE BATERIA",EQUIPO - E,UNIDAD - UND,"014 - 014 - INSTALACIONES ELECTRICAS, VOZ Y DATOS",1.0,19,1.19,True,False,DIEGO ANDRES RODRIGUEZ RODRIGUEZ,2025-09-22
1367,PLATINA 1.1/2*1/8,MATERIAL - M,UNIDAD - UND,018 - 018 - CARPINTERIA METALICA,1.0,0,1.0,True,False,,
1368,"PLATINA 1/4 X 2 1/2""",MATERIAL - M,UNIDAD - UND,018 - 018 - CARPINTERIA METALICA,1.0,0,1.0,True,False,,
1369,POCETA 49X37 BAR REDONDO-CUAD. SOCODA O SIMILAR,MATERIAL - M,UNIDAD - UND,011 - 011 - GRIFERIA Y APARATOS HIDROSANITARIOS,1.0,0,1.0,True,False,,
1370,POCETA 53X43 BAR REDONDO-CUAD. SOCODA O SIMILAR,MATERIAL - M,UNIDAD - UND,011 - 011 - GRIFERIA Y APARATOS HIDROSANITARIOS,1.0,0,1.0,True,False,,
1371,POCETA 62X48 ACERO INOXIDABLE SOCODA O SIMILAR,MATERIAL - M,UNIDAD - UND,011 - 011 - GRIFERIA Y APARATOS HIDROSANITARIOS,1.0,0,1.0,True,False,,
1372,POLIETILENO NEGRO CAL 3.5 ANCHO 3 M,MATERIAL - M,METRO - M,011 - 011 - GRIFERIA Y APARATOS HIDROSANITARIOS,1.0,0,1.0,True,False,HENRY DE JESUS TABORDA ZAPATA,2026-07-23
1373,POLIZA DE CUMPLIMIENTO,SERVICIOS - Q,UNIDAD - UND,040 - 040 - DISEÑOS Y CONSULTORIAS,1.0,0,1.0,True,False,,
1374,POLIZA DE LEGALIZACION,SERVICIOS - Q,UNIDAD - UND,040 - 040 - DISEÑOS Y CONSULTORIAS,1.0,0,1.0,True,False,,
1375,POLIZA DE RESPONSABILIDAD CIVIL,SERVICIOS - Q,UNIDAD - UND,040 - 040 - DISEÑOS Y CONSULTORIAS,1.0,0,1.0,True,False,,
1376,PORCELANATO 60*60,MATERIAL - M,METRO CUADRADO - M2,009 - 009 - ENCHAPES,1.0,19,1.19,True,False,MARIA PAULA BALLEN MANOSALVA,2025-07-29
1377,PORTA ACETATO *100,CONSUMIBLES - C,UNIDAD - UND,005 - 005 - PAPELERIA,1.0,19,1.19,True,False,MARIA PAULA BALLEN MANOSALVA,2025-07-29
1378,"PORTABRIDA 2""-1/2 PN-16 PE-100",MATERIAL - M,UNIDAD - UND,012 - 012 - INSTALACIONES HIDRAULICAS,1.0,0,1.0,True,False,,
1379,"PORTABRIDA 4"" PN-16 PE-100",MATERIAL - M,UNIDAD - UND,012 - 012 - INSTALACIONES HIDRAULICAS,1.0,0,1.0,True,False,,
1380,PORTALAPICEROS,CONSUMIBLES - C,UNIDAD - UND,005 - 005 - PAPELERIA,1.0,19,1.19,True,False,MARIA PAULA BALLEN MANOSALVA,2025-07-29
1381,POSTE EN CONCRETO DE 10M * 1050,MATERIAL - M,UNIDAD - UND,015 - 015 - REDES ELECTRICAS,1.0,19,1.19,True,False,DIEGO ANDRES RODRIGUEZ RODRIGUEZ,2025-09-22
1382,POSTE EN CONCRETO DE 10M * 510,MATERIAL - M,UNIDAD - UND,015 - 015 - REDES ELECTRICAS,1.0,19,1.19,True,False,DIEGO ANDRES RODRIGUEZ RODRIGUEZ,2025-09-22
1383,POSTE EN CONCRETO DE 10M *1350,MATERIAL - M,UNIDAD - UND,015 - 015 - REDES ELECTRICAS,1.0,19,1.19,True,False,DIEGO ANDRES RODRIGUEZ RODRIGUEZ,2025-09-22
1384,POSTE EN CONCRETO DE 12M * 1050,MATERIAL - M,UNIDAD - UND,015 - 015 - REDES ELECTRICAS,1.0,19,1.19,True,False,DIEGO ANDRES RODRIGUEZ RODRIGUEZ,2025-09-22
1385,POSTE EN CONCRETO DE 12M * 510,MATERIAL - M,UNIDAD - UND,015 - 015 - REDES ELECTRICAS,1300000.0,19,1547000.0,True,False,DIEGO ANDRES RODRIGUEZ RODRIGUEZ,2025-09-22
1386,POSTE EN CONCRETO DE 12M *1350,MATERIAL - M,UNIDAD - UND,015 - 015 - REDES ELECTRICAS,2820000.0,19,3355800.0,True,False,DIEGO ANDRES RODRIGUEZ RODRIGUEZ,2025-09-22
1387,POSTE EN CONCRETO DE 14M * 1050,MATERIAL - M,UNIDAD - UND,015 - 015 - REDES ELECTRICAS,1.0,19,1.19,True,False,DIEGO ANDRES RODRIGUEZ RODRIGUEZ,2025-09-22
1388,POSTE EN CONCRETO DE 14M * 750,MATERIAL - M,UNIDAD - UND,015 - 015 - REDES ELECTRICAS,1.0,19,1.19,True,False,DIEGO ANDRES RODRIGUEZ RODRIGUEZ,2025-09-22
1389,POSTE EN CONCRETO DE 14M *1350,MATERIAL - M,UNIDAD - UND,015 - 015 - REDES ELECTRICAS,1.0,19,1.19,True,False,DIEGO ANDRES RODRIGUEZ RODRIGUEZ,2025-09-22
1390,POSTE EN CONCRETO DE 16M * 1050,MATERIAL - M,UNIDAD - UND,015 - 015 - REDES ELECTRICAS,1.0,19,1.19,True,False,DIEGO ANDRES RODRIGUEZ RODRIGUEZ,2025-09-22
1391,POSTE EN CONCRETO DE 16M *1350,MATERIAL - M,UNIDAD - UND,015 - 015 - REDES ELECTRICAS,1.0,19,1.19,True,False,DIEGO ANDRES RODRIGUEZ RODRIGUEZ,2025-09-22
1392,POSTE EN CONCRETO DE 8M * 1050,MATERIAL - M,UNIDAD - UND,015 - 015 - REDES ELECTRICAS,1.0,19,1.19,True,False,DIEGO ANDRES RODRIGUEZ RODRIGUEZ,2025-09-22
1393,POSTE EN CONCRETO DE 8M * 510,MATERIAL - M,UNIDAD - UND,015 - 015 - REDES ELECTRICAS,1.0,19,1.19,True,False,DIEGO ANDRES RODRIGUEZ RODRIGUEZ,2025-09-22
1394,POSTE EN CONCRETO DE 8M *1350,MATERIAL - M,UNIDAD - UND,015 - 015 - REDES ELECTRICAS,1.0,19,1.19,True,False,DIEGO ANDRES RODRIGUEZ RODRIGUEZ,2025-09-22
1395,"POSTE METALICO GALVANIZADO DE 4,5 MTS - AP 3 PULG",MATERIAL - M,UNIDAD - UND,015 - 015 - REDES ELECTRICAS,1.0,19,1.19,True,False,DIEGO ANDRES RODRIGUEZ RODRIGUEZ,2025-09-22
1396,POSTE METALICO GALVANIZADO DE 8 MTS - AP 4 PULG,MATERIAL - M,UNIDAD - UND,015 - 015 - REDES ELECTRICAS,1.0,19,1.19,True,False,DIEGO ANDRES RODRIGUEZ RODRIGUEZ,2025-09-22
1397,"POSTE PARA SENAL DE TRANSITO EN ANGULO DE HIERRO DE 2"" X 2"" X 1/4"" DE 3.5M.",MATERIAL - M,UNIDAD - UND,021 - 021 - PAVIMENTOS,1.0,0,1.0,True,False,,
1398,PREFILTRO,ELEMEN. PROTECCION - P,UNIDAD - UND,029 - 029 - SG-SST,1.0,0,1.0,True,False,,
1399,"PRENSA ESTOPA 3/4""",MATERIAL - M,UNIDAD - UND,015 - 015 - REDES ELECTRICAS,4607.68,19,5483.14,True,False,DIEGO ANDRES RODRIGUEZ RODRIGUEZ,2025-09-22
1400,"PRENSADO MACIZO 24,5 X 12 X 5,5 CM",MATERIAL - M,UNIDAD - UND,010 - 010 - MAMPOSTERIA,1.0,0,1.0,True,False,,
1401,PROFESIONAL ADMINISTRATIVO,NOMINA - N,MES - MS,025 - 025 - PERSONAL ADMINISTRATIVO,1.0,0,1.0,True,False,,
1402,PROFESIONAL AMBIENTAL,NOMINA - N,MES - MS,025 - 025 - PERSONAL ADMINISTRATIVO,1.0,0,1.0,True,False,,
1403,PROFESIONAL DE APOYO,NOMINA - N,MES - MS,025 - 025 - PERSONAL ADMINISTRATIVO,1.0,0,1.0,True,False,,
1404,PROFESIONAL DE APOYO ADM,NOMINA - N,UNIDAD - UND,025 - 025 - PERSONAL ADMINISTRATIVO,1.0,0,1.0,True,False,,
1405,PROFESIONAL DE APOYO ING CIVIL,NOMINA - N,UNIDAD - UND,025 - 025 - PERSONAL ADMINISTRATIVO,1.0,0,1.0,True,False,,
1406,PROFESIONAL DE APOYO SUBGERENCIA COMERCIAL,NOMINA - N,UNIDAD - UND,025 - 025 - PERSONAL ADMINISTRATIVO,1.0,0,1.0,True,False,,
1407,PROFESIONAL EN SEGURIDAD Y SALUD EN EL TRABAJO (SST),NOMINA - N,MES - MS,025 - 025 - PERSONAL ADMINISTRATIVO,1.0,0,1.0,True,False,,
1408,PROFESIONAL SOCIAL,NOMINA - N,UNIDAD - UND,025 - 025 - PERSONAL ADMINISTRATIVO,1.0,0,1.0,True,False,,
1409,PROFESIONAL SST,NOMINA - N,UNIDAD - UND,025 - 025 - PERSONAL ADMINISTRATIVO,1.0,0,1.0,True,False,,
1410,PROGRAMA DE VIGILANCIA EPIDEMIOLOGICA,SERVICIOS - Q,UNIDAD - UND,031 - 031 - SERVICIOS MEDICOS,1.0,0,1.0,True,False,,
1411,PROTECTOR AUDITIVO DE COPA,ELEMEN. PROTECCION - P,UNIDAD - UND,029 - 029 - SG-SST,1.0,0,1.0,True,False,,
1412,PROTECTORES PLASTICOS CARTUCHO,ELEMEN. PROTECCION - P,UNIDAD - UND,029 - 029 - SG-SST,1.0,0,1.0,True,False,,
1413,PRUEBA PSICOSENSOMETRICA (COORDINACION MOTRIZ+P. PSICOLOGICA),SERVICIOS - Q,UNIDAD - UND,031 - 031 - SERVICIOS MEDICOS,1.0,0,1.0,True,False,,
1414,PUERTA BATIENTE CASETA DE BOMBAS: SUMINISTRO E INSTALACION DE PUERTA EN ALUMINIO TIPO PERSIANA EN PERFIL ALN 315 CON MARCO Y CERRADURA DE SEGURIDAD (DIMENSIONES 2000X2000),MATERIAL - M,UNIDAD - UND,018 - 018 - CARPINTERIA METALICA,1.0,0,1.0,True,False,,
1415,"PUERTA BATIENTE OFICINAS ATS: SUMINISTRO E INSTALACION DE PUERTA CON MARCO EN MADERA RH CON TRAGALUZ EN VIDRIO INCOLORO 5MM Y HOJA RH ENTAMBORADA, INCLUYE MANIJA SATIN MARCA FIXTER O SIMILAR (DIMENSIONES 800X2400). TRAGALUZ 800X300",MATERIAL - M,UNIDAD - UND,018 - 018 - CARPINTERIA METALICA,1.0,0,1.0,True,False,,
1416,"PUERTA BATIENTE OFICINAS ATS: SUMINISTRO E INSTALACION DE PUERTA CON MARCO EN MADERA RH CON TRAGALUZ EN VIDRIO INCOLORO 5MM Y HOJA RH ENTAMBORADA, INCLUYE MANIJA SATIN MARCA FIXTER O SIMILAR (DIMENSIONES 900X2400). TRAGALUZ 900X300",MATERIAL - M,UNIDAD - UND,018 - 018 - CARPINTERIA METALICA,1.0,0,1.0,True,False,,
1417,"PUERTA BATIENTE OFICINAS ATS: SUMINISTRO E INSTALACION DE PUERTA CON MARCO EN MADERA RH CON VENTANILLA EN VIDRIO INCOLORO 5MM Y HOJA RH ENTAMBORADA, INCLUYE MANIJA SATIN MARCA FIXTER O SIMILAR (DIMENSIONES 800X2400). VENTANILLA 200X800",MATERIAL - M,UNIDAD - UND,018 - 018 - CARPINTERIA METALICA,1.0,0,1.0,True,False,,
1418,"PUERTA BATIENTE TORRE DE CONTROL: SUMINISTRO E INSTALACION DE PUERTA CON MARCO EN MADERA Y HOJA EN MADERA RH - ENTAMBORADA, INCLUYE CERRADURA MANIJA SATIN MARCA FIXTER O SIMILAR (DIMENSIONES 700X2100)",MATERIAL - M,UNIDAD - UND,018 - 018 - CARPINTERIA METALICA,1.0,0,1.0,True,False,,
1419,"PUERTA CORTAFUEGO SENCILLA INCLUYE: PUERTA RB CORTAFUEGO LC 60 R, MARCO Y CHAPA EN ACERO, PIVOTE DE SEGURIDAD, JUNTA INTUMESCENTE PERIMETRAL, BISAGRAS DE ACERO GALVANIZADO, BARRA ANTIPANICO, MANIJA",MATERIAL - M,UNIDAD - UND,018 - 018 - CARPINTERIA METALICA,1.0,0,1.0,True,False,,
1420,"PUERTA CORTAFUEGO SENCILLA INCLUYE: PUERTA RB CORTAFUEGO LC 60 R, MARCO Y CHAPA EN ACERO, PIVOTE DE SEGURIDAD, JUNTA INTUMESCENTE PERIMETRAL, BISAGRAS DE ACERO GALVANIZADO, BARRA ANTIPANICO, MANIJA, CERRADURA DE SEGURIDAD DIGITAL",MATERIAL - M,UNIDAD - UND,018 - 018 - CARPINTERIA METALICA,1.0,0,1.0,True,False,,
1421,PUERTA DOBLE BATIENTE CASETA PLANTA ELECTRICA: SUMINISTRO E INSTALACION DE PUERTA BATIENTE EN ALUMINIO TIPO PERSIANA PERFIL ALN 315 CON MARCO Y CERRADURA DE SEGURIDAD (DIMENSIONES 2000X2000),MATERIAL - M,UNIDAD - UND,018 - 018 - CARPINTERIA METALICA,1.0,0,1.0,True,False,,
1422,PUERTA DOBLE BATIENTE OFICINAS ATS: SUMINISTRO E INSTALACION DE PUERTA DOBLE BATIENTE EN ALUMINIO COLOR BLANCO MATE CON VIDRIO LAMINADO TEMPLADO 4+4 MM CON PVB 0.76 INCOLORO (DIMENSIONES 1750X2400),MATERIAL - M,UNIDAD - UND,018 - 018 - CARPINTERIA METALICA,1.0,0,1.0,True,False,,
1423,PUERTA EN LAMINA COLD ROLL CALIBRE 18,MATERIAL - M,UNIDAD - UND,019 - 019 - CARPINTERIA MADERA,1.0,0,1.0,True,False,,
1424,PUERTA EN MADERA ETAMBORADA 70CM (INCLUYE CHAPA),MATERIAL - M,UNIDAD - UND,019 - 019 - CARPINTERIA MADERA,1.0,0,1.0,True,False,,
1425,"PUERTA METALICA MAS MARCO DE 0,90-1,00MT",MATERIAL - M,UNIDAD - UND,018 - 018 - CARPINTERIA METALICA,1.0,0,1.0,True,False,ALISON CAMILA BENAVIDES RIVERA,2026-07-05
1426,PUERTA PLEGABLE OFICINAS ATS: SUMINISTRO E INSTALACION DE PUERTA PLEGABLE EN PVC COLOR CAFE (DIMENSIONES 1300X2400),MATERIAL - M,UNIDAD - UND,018 - 018 - CARPINTERIA METALICA,1.0,0,1.0,True,False,,
1427,"PUNTA CAPTADORA AISLADA ADOSADA A LA ESTRUCTURA METALICA PARA ANTENAS EN CUBIERTA, QUE INCLUYE: PUNTA CAPTORA DE ALUMINIO DE 0,75M Y 10MM DE DIAMETRO, AISLAMIENTO GFK (FIBRA DE VIDRIO REFORZADA DE POLIESTER) DE 1,5M,",MATERIAL - M,UNIDAD - UND,"014 - 014 - INSTALACIONES ELECTRICAS, VOZ Y DATOS",1.0,19,1.19,True,False,DIEGO ANDRES RODRIGUEZ RODRIGUEZ,2025-09-22
1428,PUNTA CAPTORA DE 1M DE LARGO X10MM DE DIAMETRO,MATERIAL - M,UNIDAD - UND,015 - 015 - REDES ELECTRICAS,1.0,19,1.19,True,False,DIEGO ANDRES RODRIGUEZ RODRIGUEZ,2025-09-22
1429,PUNTILLA 1. 1/2 AC,MATERIAL - M,LIBRA - LB,020 - 020 - FERRETERIA MENOR,9987.67,19,11885.33,True,False,DIEGO ANDRES RODRIGUEZ RODRIGUEZ,2025-09-16
1430,PUNTILLA DE ACERO,MATERIAL - M,LIBRA - LB,020 - 020 - FERRETERIA MENOR,1.0,19,1.19,True,False,DIEGO ANDRES RODRIGUEZ RODRIGUEZ,2025-09-16
1431,"PUNTILLA DE HIERRO 2-1/2""",MATERIAL - M,LIBRA - LB,020 - 020 - FERRETERIA MENOR,5690.91,19,6772.18,True,False,DIEGO ANDRES RODRIGUEZ RODRIGUEZ,2025-09-16
1432,"PUNTO DE ANCLAJE CERTIFICADO TIPO ""D"" EN ACERO INOX CON ACCESORIOS (PERNOS, TUERCAS Y PUNTO EN ACERO INOXIDABLE); INSTALADOS EN CUBIERTA DE CONCRETO (SE CONTEMPLAN TODOS LOS REQUISITOS TECNICOS",MATERIAL - M,UNIDAD - UND,004 - 004 - CUBIERTA Y CANALES,1.0,19,1.19,True,False,MARIA PAULA BALLEN MANOSALVA,2025-07-29
1433,PUNTURA EXTERIOR TIPO LAVABLE O SIMILAR,MATERIAL - M,GALON - GAL,017 - 017 - ACABADOS Y PINTURA,1.0,0,1.0,True,False,,
1434,RACK COMUNICACION ABIERTO 2.4 M.,MATERIAL - M,UNIDAD - UND,"014 - 014 - INSTALACIONES ELECTRICAS, VOZ Y DATOS",868164.5,19,1033115.76,True,False,DIEGO ANDRES RODRIGUEZ RODRIGUEZ,2025-09-22
1435,RADIOGRAFIA DE COLUMNA LUMBOSACRA LS,SERVICIOS - Q,UNIDAD - UND,031 - 031 - SERVICIOS MEDICOS,1.0,0,1.0,True,False,,
1436,RADIOGRAFIA DE TORAX,SERVICIOS - Q,UNIDAD - UND,031 - 031 - SERVICIOS MEDICOS,1.0,0,1.0,True,False,,
1437,RECARGA KYOCERA X 1 KILO,CONSUMIBLES - C,UNIDAD - UND,005 - 005 - PAPELERIA,1.0,19,1.19,True,False,MARIA PAULA BALLEN MANOSALVA,2025-07-29
1438,RECIBO DE CAJA MENOR X 100 HOJAS,CONSUMIBLES - C,PAQUETE - PQT,005 - 005 - PAPELERIA,1.0,19,1.19,True,False,MARIA PAULA BALLEN MANOSALVA,2025-07-29
1439,RECOGEDOR,CONSUMIBLES - C,UNIDAD - UND,027 - 027 - ASEO Y CAFETERIA,1.0,19,1.19,True,False,DIEGO ANDRES RODRIGUEZ RODRIGUEZ,2025-09-15
1440,"RECUBRIMIENTO TERMICO FIBRA MINERAL 2""",CONSUMIBLES - C,METRO LINEAL - ML,020 - 020 - FERRETERIA MENOR,1.0,19,1.19,True,False,DIEGO ANDRES RODRIGUEZ RODRIGUEZ,2025-09-15
1441,RECUBRIMIENTO DE URETANO ALIFATICO STEEL COAT UV O EQUIVALENTE,CONSUMIBLES - C,GALON - GAL,020 - 020 - FERRETERIA MENOR,1.0,19,1.19,True,False,DIEGO ANDRES RODRIGUEZ RODRIGUEZ,2025-09-15
1442,REDUCTOR DE VELOCIDAD PVC,SEÑALIZACIÓN - Ñ,LIBRA - LB,029 - 029 - SG-SST,1.0,0,1.0,True,False,,
1443,REFLECTORES DE 150,MATERIAL - M,UNIDAD - UND,015 - 015 - REDES ELECTRICAS,1.0,19,1.19,True,False,DIEGO ANDRES RODRIGUEZ RODRIGUEZ,2025-09-22
1444,REFRIGERANTE R410A,CONSUMIBLES - C,LIBRA - LB,033 - 033 - REPUESTOS E INSUMOS,1.0,19,1.19,True,False,DIEGO ANDRES RODRIGUEZ RODRIGUEZ,2025-09-15
1445,REGISTRO DE 1/2 CORTE,MATERIAL - M,UNIDAD - UND,012 - 012 - INSTALACIONES HIDRAULICAS,1.0,0,1.0,True,False,,
1446,REGISTRO DUCHA BRIZA GRIVAL O SIMILAR,MATERIAL - M,UNIDAD - UND,011 - 011 - GRIFERIA Y APARATOS HIDROSANITARIOS,24970.96,0,24970.96,True,False,,
1447,REGISTRO DUCHA MONOCONTROL O SIMILAR,MATERIAL - M,UNIDAD - UND,011 - 011 - GRIFERIA Y APARATOS HIDROSANITARIOS,32307.69,0,32307.69,True,False,,
1448,REGLA DE PASTA *30CM,CONSUMIBLES - C,UNIDAD - UND,005 - 005 - PAPELERIA,1.0,19,1.19,True,False,MARIA PAULA BALLEN MANOSALVA,2025-07-29
1449,REGLETA * 3MT,EQUIPO - E,UNIDAD - UND,009 - 009 - ENCHAPES,1.0,19,1.19,True,False,MARIA PAULA BALLEN MANOSALVA,2025-07-29
1450,REGLETA * 5MT,EQUIPO - E,UNIDAD - UND,"014 - 014 - INSTALACIONES ELECTRICAS, VOZ Y DATOS",1.0,19,1.19,True,False,DIEGO ANDRES RODRIGUEZ RODRIGUEZ,2025-09-22
1451,"REJA EN TUBERIA DE 1""X1"" CON ACABADO EN PINTURA",MATERIAL - M,METRO CUADRADO - M2,018 - 018 - CARPINTERIA METALICA,1.0,0,1.0,True,False,,
1452,"REJILLA AL.T- 2 *1,1/2 PULG",MATERIAL - M,UNIDAD - UND,012 - 012 - INSTALACIONES HIDRAULICAS,1.0,0,1.0,True,False,,
1453,"REJILLA DE 3""X2"" PLASTICA",MATERIAL - M,UNIDAD - UND,012 - 012 - INSTALACIONES HIDRAULICAS,3367.1,0,3367.1,True,False,DIEGO ANDRES RODRIGUEZ RODRIGUEZ,2025-06-14
1454,REJILLA AL.T- 4 * 3 PULG,MATERIAL - M,UNIDAD - UND,012 - 012 - INSTALACIONES HIDRAULICAS,11000.0,0,11000.0,True,False,,
1455,REJILLA AL.T- 5 * 4 PULG,MATERIAL - M,UNIDAD - UND,012 - 012 - INSTALACIONES HIDRAULICAS,1.0,0,1.0,True,False,,
1456,REJILLA C-6X4 ALUMINIO CUPULA (TRAGATE AGUAS LLUVIAS).,MATERIAL - M,UNIDAD - UND,011 - 011 - GRIFERIA Y APARATOS HIDROSANITARIOS,1.0,0,1.0,True,False,,
1457,"REJILLA DE SUMINISTRO ALUMINIO 10"" X 10""",MATERIAL - M,UNIDAD - UND,011 - 011 - GRIFERIA Y APARATOS HIDROSANITARIOS,1.0,0,1.0,True,False,,
1458,"REJILLA DE SUMINISTRO ALUMINIO 16"" X 10""",MATERIAL - M,UNIDAD - UND,011 - 011 - GRIFERIA Y APARATOS HIDROSANITARIOS,1.0,0,1.0,True,False,,
1459,"REJILLA DE TOMA DE AIRE ALUMINIO 10"" X 10""",MATERIAL - M,UNIDAD - UND,011 - 011 - GRIFERIA Y APARATOS HIDROSANITARIOS,1.0,0,1.0,True,False,,
1460,RELLENO DE RECEBO,MATERIAL - M,METRO CUBICO - M3,001 - 001 - ADHESIVOS Y ADITIVOS,67041.11,19,79778.92,True,False,DIEGO ANDRES RODRIGUEZ RODRIGUEZ,2025-07-29
1461,RELLENO PROCEDENTE DE EXCAVACION,MATERIAL - M,METRO CUBICO - M3,002 - 002 - AGREGADOS PETREOS,1.0,19,1.19,True,False,DIEGO ANDRES RODRIGUEZ RODRIGUEZ,2025-07-29
1462,REPLANTEO ELECTRICO,SERVICIOS - Q,KILOMETRO - KM,040 - 040 - DISEÑOS Y CONSULTORIAS,1.0,0,1.0,True,False,,
1463,REPLANTEO TOPOGRAFICO,SERVICIOS - Q,METRO CUADRADO - M2,040 - 040 - DISEÑOS Y CONSULTORIAS,1.0,0,1.0,True,False,,
1464,RESALTADOR,CONSUMIBLES - C,UNIDAD - UND,005 - 005 - PAPELERIA,1.0,19,1.19,True,False,MARIA PAULA BALLEN MANOSALVA,2025-07-29
1465,RESALTO PLASTICO,SEÑALIZACIÓN - Ñ,UNIDAD - UND,029 - 029 - SG-SST,1.0,0,1.0,True,False,,
1466,RESIDENTE ADMINISTRATIVO,NOMINA - N,UNIDAD - UND,025 - 025 - PERSONAL ADMINISTRATIVO,1.0,0,1.0,True,False,,
1467,RESIDENTE DE OBRA,NOMINA - N,UNIDAD - UND,025 - 025 - PERSONAL ADMINISTRATIVO,1.0,0,1.0,True,False,,
1468,RESMA DE PAPEL TAMANO CARTA,CONSUMIBLES - C,UNIDAD - UND,005 - 005 - PAPELERIA,1.0,19,1.19,True,False,MARIA PAULA BALLEN MANOSALVA,2025-07-29
1469,RE,EQUIPO - E,HORA - HR,022 - 022 - MAQUINARIA Y EQUIPO,1.0,0,1.0,True,False,HENRY DE JESUS TABORDA ZAPATA,2026-07-22
1470,RETROEXCAVADORA 1M3 E200B,EQUIPO - E,HORA - HR,022 - 022 - MAQUINARIA Y EQUIPO,1.0,0,1.0,True,False,,
1471,RETROEXCAVADORA CAT.320-R,EQUIPO - E,HORA - HR,022 - 022 - MAQUINARIA Y EQUIPO,1.0,0,1.0,True,False,,
1472,RETROEXCAVADORA PC 200-3,EQUIPO - E,HORA - HR,022 - 022 - MAQUINARIA Y EQUIPO,1.0,0,1.0,True,False,,
1473,"RETROEXCAVADORA SOBRE ORUGA, POTENCIA 158 HP, BALDE DE 1,5 M3",EQUIPO - E,HORA - HR,022 - 022 - MAQUINARIA Y EQUIPO,1.0,0,1.0,True,False,,
1474,RETROEXCAVADORA TIPO ORUGA,EQUIPO - E,HORA - HR,022 - 022 - MAQUINARIA Y EQUIPO,1.0,0,1.0,True,False,,
1475,"RIEL CHANEL PERFORADO 1 5/8"" X 13/16"" (3M)",MATERIAL - M,UNIDAD - UND,003 - 003 - ACEROS Y REFUERZOS METALICO,1.0,0,1.0,True,False,,
1476,ROCIADOR AUTOMATICO DE AGENTE QUIMICO SECO CF-33. CFP-1300,MATERIAL - M,UNIDAD - UND,016 - 016 - REDES CONTRA INCENDIO,1.0,0,1.0,True,False,,
1477,ROCIADOR AUTOMATICO DE AGENTE SECO CEASE FIRE CFP-33 UL/FM,MATERIAL - M,UNIDAD - UND,011 - 011 - GRIFERIA Y APARATOS HIDROSANITARIOS,1.0,0,1.0,True,False,,
1478,RODILLO ANTIGOTEO 9 PULGADAS O SIMILAR,MATERIAL - M,UNIDAD - UND,017 - 017 - ACABADOS Y PINTURA,1.0,0,1.0,True,False,,
1479,RODILLO FELPA,MATERIAL - M,UNIDAD - UND,020 - 020 - FERRETERIA MENOR,1.0,19,1.19,True,False,DIEGO ANDRES RODRIGUEZ RODRIGUEZ,2025-09-16
1480,ROLLOS PAPEL PLOTER,EQUIPO - E,UNIDAD - UND,033 - 033 - REPUESTOS E INSUMOS,1.0,0,1.0,True,False,,
1481,RUANAS LAMINA CAL.26 DE. 50 CM.,MATERIAL - M,METRO - M,004 - 004 - CUBIERTA Y CANALES,1.0,19,1.19,True,False,MARIA PAULA BALLEN MANOSALVA,2025-07-29
1482,SACAPUNTA SIDNEY,CONSUMIBLES - C,UNIDAD - UND,005 - 005 - PAPELERIA,1.0,19,1.19,True,False,MARIA PAULA BALLEN MANOSALVA,2025-07-29
1483,SANITARIO,MATERIAL - M,UNIDAD - UND,011 - 011 - GRIFERIA Y APARATOS HIDROSANITARIOS,1.0,0,1.0,True,False,,
1484,SANITARIO BLANCO INSTITUCIONAL TIPO PUSH,MATERIAL - M,UNIDAD - UND,011 - 011 - GRIFERIA Y APARATOS HIDROSANITARIOS,1.0,0,1.0,True,False,,
1485,SANITARIO BLANCO O BEIGE,MATERIAL - M,UNIDAD - UND,011 - 011 - GRIFERIA Y APARATOS HIDROSANITARIOS,249999.96,0,249999.96,True,False,,
1486,SANITARIO INFANTIL,MATERIAL - M,UNIDAD - UND,011 - 011 - GRIFERIA Y APARATOS HIDROSANITARIOS,1.0,0,1.0,True,False,,
1487,SARDINEL ESPECIAL TIPO A100 (600*200*500),MATERIAL - M,UNIDAD - UND,007 - 007 - PREFABRICADOS EN CONCRETO,1.0,0,1.0,True,False,,
1488,SARDINEL PREFABRICADO TIPO A10 (800*200*500 MM),MATERIAL - M,METRO - M,007 - 007 - PREFABRICADOS EN CONCRETO,1.0,0,1.0,True,False,,
1489,SARDINEL PREFABRICADO TIPO A85 (800*200*350 MM),MATERIAL - M,METRO - M,007 - 007 - PREFABRICADOS EN CONCRETO,1.0,0,1.0,True,False,,
1490,"SECCIONADOR MONOPOLAR 36 KV, 630 A",MATERIAL - M,UNIDAD - UND,015 - 015 - REDES ELECTRICAS,1.0,19,1.19,True,False,DIEGO ANDRES RODRIGUEZ RODRIGUEZ,2025-09-22
1491,SELECTOR TRES POSICIONES DE 32 AMPERIOS,MATERIAL - M,UNIDAD - UND,015 - 015 - REDES ELECTRICAS,1.0,19,1.19,True,False,DIEGO ANDRES RODRIGUEZ RODRIGUEZ,2025-09-22
1492,SELLA CONCRETE X 20LTS,MATERIAL - M,UNIDAD - UND,001 - 001 - ADHESIVOS Y ADITIVOS,1.0,19,1.19,True,False,DIEGO ANDRES RODRIGUEZ RODRIGUEZ,2025-07-29
1493,SELLADOR HIDROFUGO PARA ENCHAPES,MATERIAL - M,UNIDAD - UND,009 - 009 - ENCHAPES,1.0,19,1.19,True,False,MARIA PAULA BALLEN MANOSALVA,2025-07-29
1494,SENSOR DE PRESENCIA 360 GRADOS,EQUIPO - E,UNIDAD - UND,016 - 016 - REDES CONTRA INCENDIO,1.0,0,1.0,True,False,,
1495,SENAL ACRILICA DE BOTIQUIN DE PRIMEROS AUXILIOS,SEÑALIZACIÓN - Ñ,UNIDAD - UND,029 - 029 - SG-SST,4000.0,0,4000.0,True,False,,
1496,SENAL ACRILICA DE CAMILLA DE EMERGENCIA,SEÑALIZACIÓN - Ñ,UNIDAD - UND,029 - 029 - SG-SST,3000.0,0,3000.0,True,False,,
1497,SENAL ACRILICA DE ESPACIO LIBRE DE HUMO DE TABACO,SEÑALIZACIÓN - Ñ,UNIDAD - UND,029 - 029 - SG-SST,4000.0,0,4000.0,True,False,,
1498,SENAL ACRILICA DE EXTINTOR DE INCENDIO,SEÑALIZACIÓN - Ñ,UNIDAD - UND,029 - 029 - SG-SST,1.0,0,1.0,True,False,,
1499,SENAL ACRILICA DE PROHIBIDO EL PASO A PERSONAL NO AUTORIZADO,SEÑALIZACIÓN - Ñ,UNIDAD - UND,029 - 029 - SG-SST,3500.0,0,3500.0,True,False,,
1500,SENAL ACRILICA DE PUNTO DE ENCUENTRO,SEÑALIZACIÓN - Ñ,UNIDAD - UND,029 - 029 - SG-SST,3500.0,0,3500.0,True,False,,
1501,SENAL ACRILICA DE RIESGO ELECTRICO,SEÑALIZACIÓN - Ñ,UNIDAD - UND,029 - 029 - SG-SST,4000.0,0,4000.0,True,False,,
1502,SENAL ACRILICA DE RUTA DE EVACUACION DERECHA,SEÑALIZACIÓN - Ñ,UNIDAD - UND,029 - 029 - SG-SST,3500.0,0,3500.0,True,False,,
1503,SENAL ACRILICA DE RUTA DE EVACUACION IZQUIERDA,SEÑALIZACIÓN - Ñ,UNIDAD - UND,029 - 029 - SG-SST,3500.0,0,3500.0,True,False,,
1504,SENAL ACRILICA DE SALIDA DE EMERGENCIA,SEÑALIZACIÓN - Ñ,UNIDAD - UND,029 - 029 - SG-SST,4000.0,0,4000.0,True,False,,
1505,SENAL ACRILICA DE USO OBLIGATORIO DE EPP,SEÑALIZACIÓN - Ñ,UNIDAD - UND,029 - 029 - SG-SST,3500.0,0,3500.0,True,False,,
1506,SENAL DE ADVERTENCIA O PEVENCION,SEÑALIZACIÓN - Ñ,UNIDAD - UND,029 - 029 - SG-SST,1.0,0,1.0,True,False,,
1507,SENAL DE EMERGENCIA,SEÑALIZACIÓN - Ñ,UNIDAD - UND,029 - 029 - SG-SST,1.0,0,1.0,True,False,,
1508,SENAL DE EQUIPOS CONTRA INCENDIO,SEÑALIZACIÓN - Ñ,UNIDAD - UND,029 - 029 - SG-SST,1.0,0,1.0,True,False,,
1509,SENAL DE OBLIGACION,SEÑALIZACIÓN - Ñ,UNIDAD - UND,029 - 029 - SG-SST,1.0,0,1.0,True,False,,
1510,SENAL DE PROHIBICION,SEÑALIZACIÓN - Ñ,UNIDAD - UND,029 - 029 - SG-SST,1.0,0,1.0,True,False,,
1511,"SENAL SR, SP Y/O SI, TABLERO EN LAMINA GALVANIZADA DE 75X75 CM, CALIBRE 16, RETRORREFLECTIVA TIPO IX.",MATERIAL - M,UNIDAD - UND,021 - 021 - PAVIMENTOS,1.0,0,1.0,True,False,,
1512,SENAL VERTICAL METALICA,SEÑALIZACIÓN - Ñ,UNIDAD - UND,029 - 029 - SG-SST,1.0,0,1.0,True,False,,
1513,"SENALETICA BANOS, ELABORADAS EN ACRILICO PURO BLANCO OPAL DE 3 MM. VINILOS DECORATIVOS DE 3 MM RUST BROWN ACRILICO BLANCO OPAL SOBRE PUESTO TAMANO 40 X 20 CMS CINTA 3M",SEÑALIZACIÓN - Ñ,UNIDAD - UND,037 - 037 - SEÑALIZACION,1.0,0,1.0,True,False,,
1514,"SENALETICA BANOS, ELABORADAS EN ACRILICO PURO BLANCO OPAL DE 3 MM. VINILOS DECORATIVOS DE 3 MM RUST BROWN ACRILICO BLANCO OPAL SOBRE PUESTO TAMANO 20 X 20 CMS CINTA 3M",SEÑALIZACIÓN - Ñ,UNIDAD - UND,037 - 037 - SEÑALIZACION,1.0,0,1.0,True,False,,
1515,"SENALETICA IDENTIFICATIVA DE OBLIGACION POLIESTIRENO BRANDEADO CON FOTOLUMINISCENTE DE 5 A 8 HORAS, DECORADO CON VINILO REFLECTIVO LG CORTE EN PLOTTER TAMANO 40 X 20 CMS CINTA 3M",SEÑALIZACIÓN - Ñ,UNIDAD - UND,037 - 037 - SEÑALIZACION,1.0,0,1.0,True,False,,
1516,"SENALETICA OFICINAS, ELABORADAS EN ACRILICO PURO BLANCO OPAL DE 3 MM. VINILOS DECORATIVOS DE 3 MM RUST BROWN TAMANO 40 X 20 CMS CINTA 3M",SEÑALIZACIÓN - Ñ,UNIDAD - UND,037 - 037 - SEÑALIZACION,1.0,0,1.0,True,False,,
1517,SENALIZACION DE OBRA FIJA,SEÑALIZACIÓN - Ñ,UNIDAD - UND,029 - 029 - SG-SST,1.0,0,1.0,True,False,,
1518,SENALIZACION DE OBRA FIJA - FIN DE OBRA,SEÑALIZACIÓN - Ñ,UNIDAD - UND,029 - 029 - SG-SST,1.0,0,1.0,True,False,,
1519,SENALIZACION DE OBRA FIJA - INICIO DE OBRA,SEÑALIZACIÓN - Ñ,UNIDAD - UND,029 - 029 - SG-SST,1.0,0,1.0,True,False,,
1520,SENALIZACION DE OBRA MOVIL,SEÑALIZACIÓN - Ñ,UNIDAD - UND,029 - 029 - SG-SST,1.0,0,1.0,True,False,,
1521,SENALIZACION DE OBRA MOVIL - 30 KM/H,SEÑALIZACIÓN - Ñ,UNIDAD - UND,029 - 029 - SG-SST,1.0,0,1.0,True,False,,
1522,SENALIZACION DE OBRA MOVIL - MAQUINARIA EN LA VIA,SEÑALIZACIÓN - Ñ,UNIDAD - UND,029 - 029 - SG-SST,1.0,0,1.0,True,False,,
1523,SENALIZACION DE OBRA MOVIL - REDUCCION DE CARRIL,SEÑALIZACIÓN - Ñ,UNIDAD - UND,029 - 029 - SG-SST,1.0,0,1.0,True,False,,
1524,SENALIZACION DE OBRA MOVIL - TRABAJOS EN LA VIA,SEÑALIZACIÓN - Ñ,UNIDAD - UND,029 - 029 - SG-SST,1.0,0,1.0,True,False,,
1525,SEPARADOR CARTA BLANCO Y COLORES *5,CONSUMIBLES - C,PAQUETE - PQT,005 - 005 - PAPELERIA,1.0,19,1.19,True,False,MARIA PAULA BALLEN MANOSALVA,2025-07-29
1526,SEPARADORES,MATERIAL - M,UNIDAD - UND,020 - 020 - FERRETERIA MENOR,1.0,19,1.19,True,False,DIEGO ANDRES RODRIGUEZ RODRIGUEZ,2025-09-16
1527,SEPARARADOR PARA LOZAS,MATERIAL - M,UNIDAD - UND,020 - 020 - FERRETERIA MENOR,1.0,19,1.19,True,False,DIEGO ANDRES RODRIGUEZ RODRIGUEZ,2025-09-16
1528,SEPAROL SIKA,MATERIAL - M,KILOGRAMO - KG,001 - 001 - ADHESIVOS Y ADITIVOS,1.0,19,1.19,True,False,DIEGO ANDRES RODRIGUEZ RODRIGUEZ,2025-07-29
1529,SERVICIO DE ACUEDUCTO Y ALCANTARILLADO,SUBCONTRATO - S,UNIDAD - UND,030 - 030 - SERVICIOS PUBLICOS,1.0,0,1.0,True,False,,
1530,SERVICIO DE ENERGIA,SUBCONTRATO - S,UNIDAD - UND,030 - 030 - SERVICIOS PUBLICOS,1.0,0,1.0,True,False,,
1531,SERVICIO DE GALVANIZADO EN CALIENTE NTC 3320,SUBCONTRATO - S,UNIDAD - UND,003 - 003 - ACEROS Y REFUERZOS METALICO,1.0,0,1.0,True,False,,
1532,SERVICIO DE INTERNET,SUBCONTRATO - S,UNIDAD - UND,030 - 030 - SERVICIOS PUBLICOS,1.0,0,1.0,True,False,,
1533,SERVICIO TELEFONIA CELULAR,SUBCONTRATO - S,UNIDAD - UND,030 - 030 - SERVICIOS PUBLICOS,1.0,0,1.0,True,False,,
1534,SERVICIOS GENERALES,NOMINA - N,UNIDAD - UND,025 - 025 - PERSONAL ADMINISTRATIVO,1.0,0,1.0,True,False,,
1535,"SIAMESA DE COMPUERTA DOBLE EN BROBCE DE 4"" X 2 1/2"" X 2 1/2""",MATERIAL - M,UNIDAD - UND,016 - 016 - REDES CONTRA INCENDIO,1.0,0,1.0,True,False,,
1536,"SIFON 135° CXC SANITARIO DE 1 1/2""",MATERIAL - M,UNIDAD - UND,013 - 013 - INSTALACIONES HIDROSANITARIAS,1.0,0,1.0,True,False,,
1537,"SIFON 135° CXC SANITARIO DE 2""",MATERIAL - M,UNIDAD - UND,013 - 013 - INSTALACIONES HIDROSANITARIAS,1.0,0,1.0,True,False,,
1538,"SIFON 135° CXC SANITARIO DE 3""",MATERIAL - M,UNIDAD - UND,013 - 013 - INSTALACIONES HIDROSANITARIAS,5324.06,0,5324.06,True,False,,
1539,"SIFON 135° CXC SANITARIO DE 4""",MATERIAL - M,UNIDAD - UND,013 - 013 - INSTALACIONES HIDROSANITARIAS,29000.0,0,29000.0,True,False,,
1540,"SIFON 180° CXC SANITARIO DE 1 1/2""",MATERIAL - M,UNIDAD - UND,013 - 013 - INSTALACIONES HIDROSANITARIAS,1.0,0,1.0,True,False,,
1541,"SIFON 180° CXC SANITARIO DE 2""",MATERIAL - M,UNIDAD - UND,013 - 013 - INSTALACIONES HIDROSANITARIAS,4362.32,0,4362.32,True,False,,
1542,"SIFON 180° CXC SANITARIO DE 3""",MATERIAL - M,UNIDAD - UND,013 - 013 - INSTALACIONES HIDROSANITARIAS,5569.99,0,5569.99,True,False,,
1543,"SIFON 180° CXC SANITARIO DE 4""",MATERIAL - M,UNIDAD - UND,013 - 013 - INSTALACIONES HIDROSANITARIAS,29000.0,0,29000.0,True,False,,
1544,SIFON 3 PULG SANITARIA PAVCO,MATERIAL - M,UNIDAD - UND,013 - 013 - INSTALACIONES HIDROSANITARIAS,12646.15,0,12646.15,True,False,,
1545,SIFON 4 PULG SANITARIA PAVCO,MATERIAL - M,UNIDAD - UND,013 - 013 - INSTALACIONES HIDROSANITARIAS,1.0,0,1.0,True,False,,
1546,SIFON C/TAPON 2 PULG SANITARIA PAVCO,MATERIAL - M,UNIDAD - UND,013 - 013 - INSTALACIONES HIDROSANITARIAS,1.0,0,1.0,True,False,,
1547,SIKA ANCHORFIX 4 600CC,MATERIAL - M,UNIDAD - UND,001 - 001 - ADHESIVOS Y ADITIVOS,1.0,19,1.19,True,False,DIEGO ANDRES RODRIGUEZ RODRIGUEZ,2025-07-29
1548,SIKA IMPER MUR X 4 KG,MATERIAL - M,UNIDAD - UND,001 - 001 - ADHESIVOS Y ADITIVOS,245537.0,19,292189.03,True,False,DIEGO ANDRES RODRIGUEZ RODRIGUEZ,2025-07-29
1549,SIKA TRANSPARENTE 10,MATERIAL - M,GALON - GAL,001 - 001 - ADHESIVOS Y ADITIVOS,155984.6,19,185621.67,True,False,DIEGO ANDRES RODRIGUEZ RODRIGUEZ,2025-07-29
1550,SIKA TRANSPARENTE 5KG,MATERIAL - M,KILOGRAMO - KG,001 - 001 - ADHESIVOS Y ADITIVOS,1.0,19,1.19,True,False,DIEGO ANDRES RODRIGUEZ RODRIGUEZ,2025-07-29
1551,SIKADUR 32 PRIMER 3 KG,MATERIAL - M,KILOGRAMO - KG,001 - 001 - ADHESIVOS Y ADITIVOS,1.0,19,1.19,True,False,DIEGO ANDRES RODRIGUEZ RODRIGUEZ,2025-07-29
1552,SIKA-1 ADITIVO IMPERMEABILIZANTE PARA MORTEROS 2KG,MATERIAL - M,UNIDAD - UND,001 - 001 - ADHESIVOS Y ADITIVOS,33080.97,19,39366.35,True,False,DIEGO ANDRES RODRIGUEZ RODRIGUEZ,2025-07-29
1553,SIKAFLOOR-CUREHARD 24,MATERIAL - M,KILOGRAMO - KG,001 - 001 - ADHESIVOS Y ADITIVOS,1.0,19,1.19,True,False,DIEGO ANDRES RODRIGUEZ RODRIGUEZ,2025-07-29
1554,SIKAGROUT 212 X 30KG,MATERIAL - M,UNIDAD - UND,001 - 001 - ADHESIVOS Y ADITIVOS,1.0,19,1.19,True,False,DIEGO ANDRES RODRIGUEZ RODRIGUEZ,2025-07-29
1555,SIKAGUARD 60,MATERIAL - M,KILOGRAMO - KG,001 - 001 - ADHESIVOS Y ADITIVOS,1.0,19,1.19,True,False,DIEGO ANDRES RODRIGUEZ RODRIGUEZ,2025-07-29
1556,SIKALISTO PISO,MATERIAL - M,KILOGRAMO - KG,001 - 001 - ADHESIVOS Y ADITIVOS,1.0,19,1.19,True,False,DIEGO ANDRES RODRIGUEZ RODRIGUEZ,2025-07-29
1557,SIKASET-L ( ACELERANTE DE FRAGUADO),MATERIAL - M,KILOGRAMO - KG,001 - 001 - ADHESIVOS Y ADITIVOS,19119.4,19,22752.09,True,False,DIEGO ANDRES RODRIGUEZ RODRIGUEZ,2025-07-29
1558,SILICONA BANOS Y COCINAS,MATERIAL - M,UNIDAD - UND,012 - 012 - INSTALACIONES HIDRAULICAS,1.0,0,1.0,True,False,,
1559,SILICONA LIQUIDA ANTIHONGOS 50G,MATERIAL - M,GALON - GAL,001 - 001 - ADHESIVOS Y ADITIVOS,1.0,19,1.19,True,False,DIEGO ANDRES RODRIGUEZ RODRIGUEZ,2025-07-29
1560,SILICONA SELLANTE ANCLAJE SOPORTE POLIAMIDA,CONSUMIBLES - C,UNIDAD - UND,020 - 020 - FERRETERIA MENOR,1.0,19,1.19,True,False,DIEGO ANDRES RODRIGUEZ RODRIGUEZ,2025-09-15
1561,SILICONA SISTA TRANS. ANTIHONGO 280ML,CONSUMIBLES - C,UNIDAD - UND,020 - 020 - FERRETERIA MENOR,10966.43,19,13050.05,True,False,DIEGO ANDRES RODRIGUEZ RODRIGUEZ,2025-09-15
1562,SILICONA X 300ML TRANSPARENTE,MATERIAL - M,UNIDAD - UND,020 - 020 - FERRETERIA MENOR,10449.27,19,12434.63,True,False,DIEGO ANDRES RODRIGUEZ RODRIGUEZ,2025-09-16
1563,SILLA DE ESCRITORIO ERGONOMICA,EQUIPO - E,UNIDAD - UND,041 - 041 - MUEBLES Y ENSERES,169899.87,0,169899.87,True,False,MARIA PAULA BALLEN MANOSALVA,2025-07-08
1564,SILLAS INTERLOCUTORAS,EQUIPO - E,UNIDAD - UND,041 - 041 - MUEBLES Y ENSERES,1.0,0,1.0,True,False,,
1565,SILLA CON BRAZOS PLASTICA,EQUIPO - E,UNIDAD - UND,041 - 041 - MUEBLES Y ENSERES,1.0,0,1.0,True,False,MARIA PAULA BALLEN MANOSALVA,2025-07-08
1566,SIRENA CON STROBO PARA PARED COLOR ROJO,MATERIAL - M,UNIDAD - UND,016 - 016 - REDES CONTRA INCENDIO,1.0,0,1.0,True,False,,
1567,"SISTEMA DE BOMBEO CON VARIADOR DE VELOCIDAD ENSAMBLADO, PARA MANTENER PRESURIZADA LA RED DE AGUA POTABLE, CON DOS BOMBAS HORIZONTAL DE 2"" HP Y 220V-13AM, Q=1,62L/S H.D=34M. INCLUYE COLECTOR DESCARGA EN ACERO AL CARBON.",EQUIPO - E,UNIDAD - UND,012 - 012 - INSTALACIONES HIDRAULICAS,1.0,0,1.0,True,False,,
1568,SISTEMA DE POZO SEPTICO DE 2000 LITROS,MATERIAL - M,UNIDAD - UND,011 - 011 - GRIFERIA Y APARATOS HIDROSANITARIOS,1.0,0,1.0,True,False,,
1569,SOBRE DE MANILA EXTRA OFICIO,CONSUMIBLES - C,UNIDAD - UND,005 - 005 - PAPELERIA,1.0,19,1.19,True,False,MARIA PAULA BALLEN MANOSALVA,2025-07-29
1570,SOBRE DE MANILA EXTRA-GRANDE,CONSUMIBLES - C,UNIDAD - UND,005 - 005 - PAPELERIA,1.0,19,1.19,True,False,MARIA PAULA BALLEN MANOSALVA,2025-07-29
1571,SOBRE DE MANILA T. CARTA,CONSUMIBLES - C,UNIDAD - UND,005 - 005 - PAPELERIA,1.0,19,1.19,True,False,MARIA PAULA BALLEN MANOSALVA,2025-07-29
1572,SOBRE DE MANILA T. OFICIO,CONSUMIBLES - C,UNIDAD - UND,005 - 005 - PAPELERIA,1.0,19,1.19,True,False,MARIA PAULA BALLEN MANOSALVA,2025-07-29
1573,SOLDADOR,HONORARIOS - H,DIA - DIA,024 - 024 - PERSONAL OPERATIVO,1.0,0,1.0,True,False,,
1574,SOLDADORES,NOMINA - N,UNIDAD - UND,024 - 024 - PERSONAL OPERATIVO,1.0,0,1.0,True,False,,
1575,SOLDADURA SOLTRODE 6013 X 1/8,CONSUMIBLES - C,KILOGRAMO - KG,020 - 020 - FERRETERIA MENOR,13974.03,19,16629.1,True,False,DIEGO ANDRES RODRIGUEZ RODRIGUEZ,2025-09-15
1576,SOLDADURA 6013*3.32 ACERO INOX.,CONSUMIBLES - C,KILOGRAMO - KG,020 - 020 - FERRETERIA MENOR,1.0,19,1.19,True,False,DIEGO ANDRES RODRIGUEZ RODRIGUEZ,2025-09-15
1577,SOLDADURA CADWELLX115 GR,CONSUMIBLES - C,UNIDAD - UND,020 - 020 - FERRETERIA MENOR,19900.62,19,23681.74,True,False,DIEGO ANDRES RODRIGUEZ RODRIGUEZ,2025-09-15
1578,SOLDADURA CPVC FGG 1/8 473 ML,CONSUMIBLES - C,UNIDAD - UND,020 - 020 - FERRETERIA MENOR,3500.0,19,4165.0,True,False,DIEGO ANDRES RODRIGUEZ RODRIGUEZ,2025-09-15
1579,"SOLDADURA ELECTRICA 3/32"" KG",CONSUMIBLES - C,KILOGRAMO - KG,020 - 020 - FERRETERIA MENOR,1.0,19,1.19,True,False,DIEGO ANDRES RODRIGUEZ RODRIGUEZ,2025-09-15
1580,SOLDADURA EXOTERMICA DE 115GR,CONSUMIBLES - C,UNIDAD - UND,020 - 020 - FERRETERIA MENOR,17379.16,19,20681.2,True,False,DIEGO ANDRES RODRIGUEZ RODRIGUEZ,2025-09-15
1581,SOLDADURA LIQUIDA PVC 1/4 GL,CONSUMIBLES - C,GALON - GAL,020 - 020 - FERRETERIA MENOR,35195.11,19,41882.18,True,False,DIEGO ANDRES RODRIGUEZ RODRIGUEZ,2025-09-15
1582,SOLDADURA LIQUIDA PVC,CONSUMIBLES - C,CUARTO DE GALON - QT,020 - 020 - FERRETERIA MENOR,36672.99,19,43640.86,True,False,DIEGO ANDRES RODRIGUEZ RODRIGUEZ,2025-09-15
1583,SOLDADURA PVC,CONSUMIBLES - C,GALON - GAL,020 - 020 - FERRETERIA MENOR,1.0,19,1.19,True,False,DIEGO ANDRES RODRIGUEZ RODRIGUEZ,2025-09-15
1584,SOLDADURA PVC 1/4 AZUL,CONSUMIBLES - C,GALON - GAL,020 - 020 - FERRETERIA MENOR,45960.04,19,54692.45,True,False,MARIA PAULA BALLEN MANOSALVA,2026-05-20
1585,SOLDADURA Y TORNILLERIA,CONSUMIBLES - C,KILOGRAMO - KG,020 - 020 - FERRETERIA MENOR,1.0,19,1.19,True,False,DIEGO ANDRES RODRIGUEZ RODRIGUEZ,2025-09-15
1586,SOLUCION SALINA,CONSUMIBLES - C,METRO LINEAL - ML,029 - 029 - SG-SST,1.0,19,1.19,True,False,DIEGO ANDRES RODRIGUEZ RODRIGUEZ,2025-09-15
1587,SOPORTE ANILLO PLASTICO 20MM RD 8 - 10 M8 GRIS CORTO REF: 177-20,MATERIAL - M,UNIDAD - UND,"014 - 014 - INSTALACIONES ELECTRICAS, VOZ Y DATOS",1639.82,19,1951.39,True,False,DIEGO ANDRES RODRIGUEZ RODRIGUEZ,2025-09-22
1588,SOPORTE BAJANTE,MATERIAL - M,UNIDAD - UND,004 - 004 - CUBIERTA Y CANALES,1.0,19,1.19,True,False,MARIA PAULA BALLEN MANOSALVA,2025-07-29
1589,SOPORTE CABLE HVC 50,MATERIAL - M,UNIDAD - UND,"014 - 014 - INSTALACIONES ELECTRICAS, VOZ Y DATOS",1.0,19,1.19,True,False,DIEGO ANDRES RODRIGUEZ RODRIGUEZ,2025-09-22
1590,SOPORTE CANAL AMAZONAS (CANAL),MATERIAL - M,UNIDAD - UND,004 - 004 - CUBIERTA Y CANALES,3109.47,19,3700.27,True,False,MARIA PAULA BALLEN MANOSALVA,2025-07-29
1591,SOPORTE CANAL GALVANIZADA,MATERIAL - M,UNIDAD - UND,004 - 004 - CUBIERTA Y CANALES,1.0,19,1.19,True,False,MARIA PAULA BALLEN MANOSALVA,2025-07-29
1592,SOPORTE CANAL PVC,MATERIAL - M,UNIDAD - UND,004 - 004 - CUBIERTA Y CANALES,2903.6,19,3455.28,True,False,MARIA PAULA BALLEN MANOSALVA,2025-07-29
1593,SOPORTE CLAROBOYA,MATERIAL - M,UNIDAD - UND,004 - 004 - CUBIERTA Y CANALES,1.0,19,1.19,True,False,MARIA PAULA BALLEN MANOSALVA,2025-07-29
1594,SOPORTE DE BAJANTE PAVCO,MATERIAL - M,UNIDAD - UND,012 - 012 - INSTALACIONES HIDRAULICAS,1.0,0,1.0,True,False,,
1595,SOPORTE DE MONITOR,DOTACION - D,UNIDAD - UND,029 - 029 - SG-SST,1.0,0,1.0,True,False,,
1596,SOPORTE DE PORTATIL,DOTACION - D,UNIDAD - UND,029 - 029 - SG-SST,1.0,0,1.0,True,False,,
1597,SOPORTE LAVAMANOS,MATERIAL - M,UNIDAD - UND,020 - 020 - FERRETERIA MENOR,4000.0,19,4760.0,True,False,DIEGO ANDRES RODRIGUEZ RODRIGUEZ,2025-09-16
1598,SOPORTE LUMBAR PARA SILLA,DOTACION - D,UNIDAD - UND,029 - 029 - SG-SST,1.0,0,1.0,True,False,,
1599,SOPORTE PARA BAJANTE AMAZONAS,MATERIAL - M,UNIDAD - UND,004 - 004 - CUBIERTA Y CANALES,1.0,19,1.19,True,False,MARIA PAULA BALLEN MANOSALVA,2025-07-29
1600,SOPORTE PARA EQUIPO DE COMUNICACIONES,MATERIAL - M,UNIDAD - UND,015 - 015 - REDES ELECTRICAS,1.0,19,1.19,True,False,DIEGO ANDRES RODRIGUEZ RODRIGUEZ,2025-09-22
1601,SOPORTE PARA EXTINTOR,MATERIAL - M,UNIDAD - UND,016 - 016 - REDES CONTRA INCENDIO,22000.72,0,22000.72,True,False,,
1602,SOPORTE POLIAMIDA CABLE 8MM,MATERIAL - M,UNIDAD - UND,"014 - 014 - INSTALACIONES ELECTRICAS, VOZ Y DATOS",1.0,19,1.19,True,False,DIEGO ANDRES RODRIGUEZ RODRIGUEZ,2025-09-22
1603,"SOPORTE TIPO PERA DE 1""",MATERIAL - M,UNIDAD - UND,015 - 015 - REDES ELECTRICAS,1.0,19,1.19,True,False,DIEGO ANDRES RODRIGUEZ RODRIGUEZ,2025-09-22
1604,"SOPORTE TIPO PERA DE 1/2""",MATERIAL - M,UNIDAD - UND,015 - 015 - REDES ELECTRICAS,1.0,19,1.19,True,False,DIEGO ANDRES RODRIGUEZ RODRIGUEZ,2025-09-22
1605,"SOPORTE TIPO PERA DE 1-1/2""",MATERIAL - M,UNIDAD - UND,015 - 015 - REDES ELECTRICAS,1.0,19,1.19,True,False,DIEGO ANDRES RODRIGUEZ RODRIGUEZ,2025-09-22
1606,"SOPORTE TIPO PERA DE 2""",MATERIAL - M,UNIDAD - UND,015 - 015 - REDES ELECTRICAS,1.0,19,1.19,True,False,DIEGO ANDRES RODRIGUEZ RODRIGUEZ,2025-09-22
1607,"SOPORTE TIPO PERA DE 2""-1/2",MATERIAL - M,UNIDAD - UND,015 - 015 - REDES ELECTRICAS,1.0,19,1.19,True,False,DIEGO ANDRES RODRIGUEZ RODRIGUEZ,2025-09-22
1608,"SOPORTE TIPO PERA DE 3/4""",MATERIAL - M,UNIDAD - UND,015 - 015 - REDES ELECTRICAS,1.0,19,1.19,True,False,DIEGO ANDRES RODRIGUEZ RODRIGUEZ,2025-09-22
1609,"SOPORTE TIPO PERA DE 4""",MATERIAL - M,UNIDAD - UND,015 - 015 - REDES ELECTRICAS,1.0,19,1.19,True,False,DIEGO ANDRES RODRIGUEZ RODRIGUEZ,2025-09-22
1610,"SOPORTE TIPO PERA DE 6""",MATERIAL - M,UNIDAD - UND,015 - 015 - REDES ELECTRICAS,1.0,19,1.19,True,False,DIEGO ANDRES RODRIGUEZ RODRIGUEZ,2025-09-22
1611,"SOPORTERIA ANTISISMICA TRASVERSAL DE 2""-1/2",MATERIAL - M,UNIDAD - UND,016 - 016 - REDES CONTRA INCENDIO,1.0,0,1.0,True,False,,
1612,STOPPER UNIVERSAL EN POLICARBONATO,MATERIAL - M,UNIDAD - UND,016 - 016 - REDES CONTRA INCENDIO,1.0,0,1.0,True,False,,
1613,SUB-BASE GRANULAR SBG-A,MATERIAL - M,METRO CUBICO - M3,002 - 002 - AGREGADOS PETREOS,120485.73,19,143378.02,True,False,DIEGO ANDRES RODRIGUEZ RODRIGUEZ,2025-07-29
1614,SUB-BASE GRANULAR SBG-B,MATERIAL - M,METRO CUBICO - M3,002 - 002 - AGREGADOS PETREOS,50000.0,0,50000.0,True,False,ADALBERTO ALARCON OLAYA,2026-06-02
1615,SUB-BASE GRANULAR SBG-C,MATERIAL - M,METRO CUBICO - M3,002 - 002 - AGREGADOS PETREOS,1.0,19,1.19,True,False,DIEGO ANDRES RODRIGUEZ RODRIGUEZ,2025-07-29
1616,SUB-BASE SBG-38,MATERIAL - M,METRO CUBICO - M3,002 - 002 - AGREGADOS PETREOS,1.0,19,1.19,True,False,DIEGO ANDRES RODRIGUEZ RODRIGUEZ,2025-07-29
1617,SUB-BASE SBG-50,MATERIAL - M,METRO CUBICO - M3,002 - 002 - AGREGADOS PETREOS,1.0,19,1.19,True,False,DIEGO ANDRES RODRIGUEZ RODRIGUEZ,2025-07-29
1618,SUBGERENTE ADMINISTRATIVA,NOMINA - N,UNIDAD - UND,025 - 025 - PERSONAL ADMINISTRATIVO,1.0,0,1.0,True,False,,
1619,SUBGERENTE COMERCIAL,NOMINA - N,UNIDAD - UND,025 - 025 - PERSONAL ADMINISTRATIVO,1.0,0,1.0,True,False,,
1620,SUBGERENTE TECNICO,NOMINA - N,UNIDAD - UND,025 - 025 - PERSONAL ADMINISTRATIVO,1.0,0,1.0,True,False,,
1621,SUICH CONMUTABLE SENCILLO,MATERIAL - M,UNIDAD - UND,"014 - 014 - INSTALACIONES ELECTRICAS, VOZ Y DATOS",1.0,19,1.19,True,False,DIEGO ANDRES RODRIGUEZ RODRIGUEZ,2025-09-22
1622,SUICH DOBLE,MATERIAL - M,UNIDAD - UND,"014 - 014 - INSTALACIONES ELECTRICAS, VOZ Y DATOS",1.0,19,1.19,True,False,DIEGO ANDRES RODRIGUEZ RODRIGUEZ,2025-09-22
1623,SUICH SENCILLO ARQUEA,MATERIAL - M,UNIDAD - UND,"014 - 014 - INSTALACIONES ELECTRICAS, VOZ Y DATOS",1.0,19,1.19,True,False,DIEGO ANDRES RODRIGUEZ RODRIGUEZ,2025-09-22
1624,"SUMINISTRO E INSTALACION DE PUERTA EN PERFIL PROYECTANTE DE 3X1.1/2 CON PISA VIDRIO CURVO, CON MODULO FIJO SUPERIOR, MARCO EN TUBO DE 3X1, INCLUYE VIDRIO LAMINADO 3+3 INCOLORO Y CERRADURA YALE TIPO PALANCA",MATERIAL - M,METRO CUADRADO - M2,018 - 018 - CARPINTERIA METALICA,1.0,0,1.0,True,False,,
1625,"SUMINISTRO E INSTALACION DE PUERTA DOBLE EN PERFIL PROYECTANTE DE 3X1.1/2 CON PISA VIDRIO CURVO, CON MODULO FIJO SUPERIOR, MARCO EN TUBO DE 3X1, INCLUYE VIDRIO LAMINADO 3+3 INCOLORO, PIVOTE EN ACERO Y CERRADURA YALE L 370",MATERIAL - M,METRO CUADRADO - M2,018 - 018 - CARPINTERIA METALICA,1.0,0,1.0,True,False,,
1626,SUMINISTRO E INSTALACION DE VENTANA CORREDIZA EN PERFIL DE ALUMINIO REFERENCIA 7038 Y VIDRIO LAMINADO 3+3 INCOLORO. INCLUYE ELEMENTOS DE INSTALACION,MATERIAL - M,METRO CUADRADO - M2,018 - 018 - CARPINTERIA METALICA,1.0,0,1.0,True,False,,
1627,SUMINISTRO E INSTALACION DE VENTANA FIJA EN PERFIL DE ALUMINIO PROYECTANTE REFERENCIA 3038 Y VIDRIO LAMINADO 4+4 INCOLORO. INCLUYE ELEMENTOS DE INSTALACION,MATERIAL - M,METRO CUADRADO - M2,018 - 018 - CARPINTERIA METALICA,1.0,0,1.0,True,False,,
1628,SUPERLON ROLLO 2MM REFORZADO POLIETILENO ANCHO 1X20M,MATERIAL - M,METRO CUADRADO - M2,001 - 001 - ADHESIVOS Y ADITIVOS,1.0,19,1.19,True,False,DIEGO ANDRES RODRIGUEZ RODRIGUEZ,2025-07-29
1629,SYLVANIA P26784-36 LED EMERG DOWNLIGHT 4.5W 6K (EN CIRCUITO INDEPENDIENTE).,EQUIPO - E,UNIDAD - UND,"014 - 014 - INSTALACIONES ELECTRICAS, VOZ Y DATOS",1.0,19,1.19,True,False,DIEGO ANDRES RODRIGUEZ RODRIGUEZ,2025-09-22
1630,LUMINARIA LED EMERGENCIA 2 X 1 6W 120-277 R1 P2334239,EQUIPO - E,UNIDAD - UND,"014 - 014 - INSTALACIONES ELECTRICAS, VOZ Y DATOS",68054.25,19,80984.56,True,False,DIEGO ANDRES RODRIGUEZ RODRIGUEZ,2025-09-22
1631,"SYLVANIA REF.P26848 LUMINARIA DE EMERGENCIA OPTICA DE ANTIPANICO, AUTONOMIA DE 60 MINUTOS SOBREPONER (EN CIRCUITO INDEPENDIENTE).",EQUIPO - E,UNIDAD - UND,"014 - 014 - INSTALACIONES ELECTRICAS, VOZ Y DATOS",95168.85,19,113250.93,True,False,DIEGO ANDRES RODRIGUEZ RODRIGUEZ,2025-09-22
1632,SYLVANIA REF.P33718 LUMINARIA DE EMERGENCIA OPTICA SALIDA DE EMERGENCIA (EN CIRCUITO INDEPENDIENTE).,EQUIPO - E,UNIDAD - UND,"014 - 014 - INSTALACIONES ELECTRICAS, VOZ Y DATOS",1.0,19,1.19,True,False,DIEGO ANDRES RODRIGUEZ RODRIGUEZ,2025-09-22
1633,SYLVANIA REF.P38059 FLECHA HACIA LA DERECHA. LUMINARIA DE EMERGENCIA OPTICA DE RUTA DE EVACUACION (EN CIRCUITO INDEPENDIENTE).,EQUIPO - E,UNIDAD - UND,"014 - 014 - INSTALACIONES ELECTRICAS, VOZ Y DATOS",1.0,19,1.19,True,False,DIEGO ANDRES RODRIGUEZ RODRIGUEZ,2025-09-22
1634,"TABLA SOPORTE 4""X8"" L=6M O SIMILAR",EQUIPO - E,DIA - DIA,022 - 022 - MAQUINARIA Y EQUIPO,1.0,0,1.0,True,False,,
1635,TABLAS COMUN 1PULGX12PULG X 3M,MATERIAL - M,UNIDAD - UND,019 - 019 - CARPINTERIA MADERA,28743.59,0,28743.59,True,False,DIEGO ANDRES RODRIGUEZ RODRIGUEZ,2025-06-05
1636,TABLERO ARMADO 70*70*30(CM) CON BARRAS 140AMP PARA PROTECCION DE TRANSFORMADOR TRIFASICO DE 45KVA INCLUYE BREAKERS INDUSTRIALES AJUSTABLES TOTALIZADOR Y PARCIALES PARA DOS O TRES RAMALES DE BAJA TENSION,MATERIAL - M,UNIDAD - UND,015 - 015 - REDES ELECTRICAS,1.0,19,1.19,True,False,DIEGO ANDRES RODRIGUEZ RODRIGUEZ,2025-09-22
1637,CONECTOR TERMINAL TIPO PALA ESTANADO NO. 4 AWG,MATERIAL - M,UNIDAD - UND,"014 - 014 - INSTALACIONES ELECTRICAS, VOZ Y DATOS",1957.83,19,2329.82,True,False,DIEGO ANDRES RODRIGUEZ RODRIGUEZ,2025-09-22
1638,TABLERO BIFASICO DE 6 CIRCUITOS,MATERIAL - M,UNIDAD - UND,015 - 015 - REDES ELECTRICAS,1.0,19,1.19,True,False,DIEGO ANDRES RODRIGUEZ RODRIGUEZ,2025-09-22
1639,TABLERO BIFASICO DE 8 CIRCUITOS CON PUERTA Y CHAPA - NORMA RETIE.,MATERIAL - M,UNIDAD - UND,"014 - 014 - INSTALACIONES ELECTRICAS, VOZ Y DATOS",39319.26,19,46789.92,True,False,JAVIER ORLANDO SANABRIA JIMENEZ,2026-05-26
1640,TABLERO DE 6 CIRCUITOS - NORMA RETIE,MATERIAL - M,UNIDAD - UND,"014 - 014 - INSTALACIONES ELECTRICAS, VOZ Y DATOS",35540.14,19,42292.77,True,False,DIEGO ANDRES RODRIGUEZ RODRIGUEZ,2025-09-22
1641,TABLERO DE 8 CIRCUITOS - NORMA RETIE,MATERIAL - M,UNIDAD - UND,"014 - 014 - INSTALACIONES ELECTRICAS, VOZ Y DATOS",72603.12,19,86397.71,True,False,DIEGO ANDRES RODRIGUEZ RODRIGUEZ,2025-09-22
1642,"BREAKER TIPO INDUSTRIAL, FIJO, BIFASICO, 80A",MATERIAL - M,UNIDAD - UND,"014 - 014 - INSTALACIONES ELECTRICAS, VOZ Y DATOS",156468.44,19,186197.44,True,False,DIEGO ANDRES RODRIGUEZ RODRIGUEZ,2025-09-22
1643,TABLERO DE DISTRIBUCION TRIFASICO DE 12 CTOS,EQUIPO - E,UNIDAD - UND,"014 - 014 - INSTALACIONES ELECTRICAS, VOZ Y DATOS",1.0,19,1.19,True,False,DIEGO ANDRES RODRIGUEZ RODRIGUEZ,2025-09-22
1644,"BREAKER MONOPOLAR ENCHUFABLE, 20 A",MATERIAL - M,UNIDAD - UND,"014 - 014 - INSTALACIONES ELECTRICAS, VOZ Y DATOS",9077.17,19,10801.83,True,False,DIEGO ANDRES RODRIGUEZ RODRIGUEZ,2025-09-22
1645,"BREAKER BIPOLAR ENCHUFABLE, 50 A",MATERIAL - M,UNIDAD - UND,"014 - 014 - INSTALACIONES ELECTRICAS, VOZ Y DATOS",20466.49,19,24355.12,True,False,DIEGO ANDRES RODRIGUEZ RODRIGUEZ,2025-09-22
1646,"BREAKER BIPOLAR ENCHUFABLE, 60 A",MATERIAL - M,UNIDAD - UND,"014 - 014 - INSTALACIONES ELECTRICAS, VOZ Y DATOS",27345.43,19,32541.06,True,False,DIEGO ANDRES RODRIGUEZ RODRIGUEZ,2025-09-22
1647,"TABLERO GENERAL (INCLUYE BARRAJE EN COBRE ELECTROLITICO DE 500 AMP., CODIFICADO SEGUN NORMA DE COLORES, PROTECCION ACRILICA, NEUTRO Y TIERRA, TRANSFERENCIA AUTOMATICA, 1 TOTALIZADOR PRINCIAL DE 3X400 AMP, 1 TOTALIZADOR DE 3X175 AMP., 2 TOTALIZ",MATERIAL - M,UNIDAD - UND,"014 - 014 - INSTALACIONES ELECTRICAS, VOZ Y DATOS",5735469.08,19,6825208.21,True,False,DIEGO ANDRES RODRIGUEZ RODRIGUEZ,2025-09-22
1648,TABLERO IMANTADO 120*80CM,CONSUMIBLES - C,UNIDAD - UND,005 - 005 - PAPELERIA,1.0,19,1.19,True,False,MARIA PAULA BALLEN MANOSALVA,2025-07-29
1649,TABLERO INFORMATIVO,MATERIAL - M,UNIDAD - UND,029 - 029 - SG-SST,1.0,0,1.0,True,False,,
1650,"TABLERO METALICO GALVANIZADO 500X400, INCLUYE BREAKER INDUSTRIAL MAGNETICO DE 250A",EQUIPO - E,UNIDAD - UND,"014 - 014 - INSTALACIONES ELECTRICAS, VOZ Y DATOS",1.0,19,1.19,True,False,DIEGO ANDRES RODRIGUEZ RODRIGUEZ,2025-09-22
1651,TABLERO TERMOPLASTICO DE 500X400X200,MATERIAL - M,UNIDAD - UND,"014 - 014 - INSTALACIONES ELECTRICAS, VOZ Y DATOS",1.0,19,1.19,True,False,DIEGO ANDRES RODRIGUEZ RODRIGUEZ,2025-09-22
1652,TABLERO TRIFASICO DE 24 CIRCUITOS CON PUERTA Y ESPACIO PARA TOTALIZADOR,MATERIAL - M,UNIDAD - UND,015 - 015 - REDES ELECTRICAS,362825.13,19,431761.9,True,False,DIEGO ANDRES RODRIGUEZ RODRIGUEZ,2025-09-22
1653,TACO NOTA COLORES *400,CONSUMIBLES - C,PAQUETE - PQT,005 - 005 - PAPELERIA,1.0,19,1.19,True,False,MARIA PAULA BALLEN MANOSALVA,2025-07-29
1654,"TANQUE DE COMBUSTIBLE METALICO HORIZONTAL DE 400GL PARED SENCILLA, INCLUYE: LLENADO DE 2"", DESCARGA DE 1 1/2 CON VALVULA MIRILLA VERTICAL DE VIDRIO, TUBERIA DE VENTEO DE 2"" HANDHOLE DE 25CM",MATERIAL - M,UNIDAD - UND,018 - 018 - CARPINTERIA METALICA,1.0,0,1.0,True,False,,
1655,"TANQUE DE EXPANSION 15 LATS, ACERO GALVANIZADO. INCLUYE LOS ACCESORIOS QUE SE INDICAN EN LOS PLANOS DE DETALLE DE MONTAJE, TALES COMO VALVULAS DE CORTE, BALACEO, BOLA, ELIMINADOR DE AIRE",MATERIAL - M,UNIDAD - UND,018 - 018 - CARPINTERIA METALICA,1.0,0,1.0,True,False,,
1656,TANQUE PLASTICO 1000 LT CON VALVULA DE BOYA,MATERIAL - M,UNIDAD - UND,011 - 011 - GRIFERIA Y APARATOS HIDROSANITARIOS,473159.93,0,473159.93,True,False,MARIA PAULA BALLEN MANOSALVA,2026-05-19
1657,TANQUE PLASTICO 250 LT.,MATERIAL - M,UNIDAD - UND,011 - 011 - GRIFERIA Y APARATOS HIDROSANITARIOS,1.0,0,1.0,True,False,,
1658,TANQUE PLASTICO 500 LT,MATERIAL - M,UNIDAD - UND,011 - 011 - GRIFERIA Y APARATOS HIDROSANITARIOS,1.0,0,1.0,True,False,,
1659,TANQUE PLASTICO 5000 LT.,MATERIAL - M,UNIDAD - UND,011 - 011 - GRIFERIA Y APARATOS HIDROSANITARIOS,1.0,0,1.0,True,False,,
1660,TAPA BOCA INDUSTRIAL NEGRO,ELEMEN. PROTECCION - P,UNIDAD - UND,029 - 029 - SG-SST,1.0,0,1.0,True,False,,
1661,TAPA BOCA N95 3M,ELEMEN. PROTECCION - P,UNIDAD - UND,029 - 029 - SG-SST,1.0,0,1.0,True,False,,
1662,TAPA BOCAS DESECHABLE,ELEMEN. PROTECCION - P,UNIDAD - UND,029 - 029 - SG-SST,1.0,0,1.0,True,False,,
1663,TAPA CAJA EMPALME EMT,MATERIAL - M,UNIDAD - UND,"014 - 014 - INSTALACIONES ELECTRICAS, VOZ Y DATOS",1.0,19,1.19,True,False,DIEGO ANDRES RODRIGUEZ RODRIGUEZ,2025-09-22
1664,TAPA CANAL PVC,MATERIAL - M,UNIDAD - UND,004 - 004 - CUBIERTA Y CANALES,1.0,19,1.19,True,False,MARIA PAULA BALLEN MANOSALVA,2025-07-29
1665,TAPA CIEGA,MATERIAL - M,UNIDAD - UND,"014 - 014 - INSTALACIONES ELECTRICAS, VOZ Y DATOS",1333.34,19,1586.67,True,False,DIEGO ANDRES RODRIGUEZ RODRIGUEZ,2025-09-22
1666,"TAPA DE 60X60 EN MARCO DE ANGULO Y PLATINA DE 1""-1/2X1""-1/2X1/4"" Y MALLA ELECTROSOLDADA DE 1/4"" (PINTURA ANTIC.)",MATERIAL - M,UNIDAD - UND,"014 - 014 - INSTALACIONES ELECTRICAS, VOZ Y DATOS",1.0,19,1.19,True,False,DIEGO ANDRES RODRIGUEZ RODRIGUEZ,2025-09-22
1667,TAPA DE ACCESO TIPO ALCANTARILLADO DE 60X60 DE DIAMETRO,MATERIAL - M,UNIDAD - UND,013 - 013 - INSTALACIONES HIDROSANITARIAS,1.0,0,1.0,True,False,,
1668,TAPA DE REGISTRO PLASTICA,MATERIAL - M,UNIDAD - UND,012 - 012 - INSTALACIONES HIDRAULICAS,1.0,0,1.0,True,False,,
1669,TAPA DERECHA EXTERNA CANAL AMAZONAS,MATERIAL - M,UNIDAD - UND,004 - 004 - CUBIERTA Y CANALES,7300.0,19,8687.0,True,False,MARIA PAULA BALLEN MANOSALVA,2025-07-29
1670,TAPA HERRAJE PARA CAJA EMPALME,MATERIAL - M,UNIDAD - UND,"014 - 014 - INSTALACIONES ELECTRICAS, VOZ Y DATOS",1.0,19,1.19,True,False,DIEGO ANDRES RODRIGUEZ RODRIGUEZ,2025-09-22
1671,"TAPA HERRAJE PARA CAJA EMPALME 1,20*1,20",MATERIAL - M,UNIDAD - UND,"014 - 014 - INSTALACIONES ELECTRICAS, VOZ Y DATOS",1.0,19,1.19,True,False,DIEGO ANDRES RODRIGUEZ RODRIGUEZ,2025-09-22
1672,TAPA IZQUIERDA EXTERNA CANAL AMAZONAS,MATERIAL - M,UNIDAD - UND,004 - 004 - CUBIERTA Y CANALES,7300.0,19,8687.0,True,False,MARIA PAULA BALLEN MANOSALVA,2025-07-29
1673,TAPA PARA BANDEJA DE 150 EN LAMINA GALVANIZADA,MATERIAL - M,UNIDAD - UND,"014 - 014 - INSTALACIONES ELECTRICAS, VOZ Y DATOS",1.0,19,1.19,True,False,DIEGO ANDRES RODRIGUEZ RODRIGUEZ,2025-09-22
1674,TAPA PARA BANDEJA DE 500 EN LAMINA GALVANIZADA,MATERIAL - M,UNIDAD - UND,"014 - 014 - INSTALACIONES ELECTRICAS, VOZ Y DATOS",1.0,19,1.19,True,False,DIEGO ANDRES RODRIGUEZ RODRIGUEZ,2025-09-22
1675,"TAPA PRUEBA PVC DE 2""",MATERIAL - M,UNIDAD - UND,013 - 013 - INSTALACIONES HIDROSANITARIAS,1.0,0,1.0,True,False,,
1676,"TAPA PRUEBA PVC DE 3""",MATERIAL - M,UNIDAD - UND,013 - 013 - INSTALACIONES HIDROSANITARIAS,1.0,0,1.0,True,False,,
1677,"TAPA PRUEBA PVC DE 4""",MATERIAL - M,UNIDAD - UND,013 - 013 - INSTALACIONES HIDROSANITARIAS,3000.0,0,3000.0,True,False,,
1678,TAPA REGISTRO 15 X 15 CM CORRIENTE PLASTICA,MATERIAL - M,UNIDAD - UND,"014 - 014 - INSTALACIONES ELECTRICAS, VOZ Y DATOS",6252.86,19,7440.9,True,False,DIEGO ANDRES RODRIGUEZ RODRIGUEZ,2025-09-22
1679,TAPA REGISTRO 20 X 20 CM EUROPEA PLASTICA,MATERIAL - M,UNIDAD - UND,"014 - 014 - INSTALACIONES ELECTRICAS, VOZ Y DATOS",1.0,19,1.19,True,False,DIEGO ANDRES RODRIGUEZ RODRIGUEZ,2025-09-22
1680,TAPA REGISTRO 20X20 PVC,MATERIAL - M,UNIDAD - UND,015 - 015 - REDES ELECTRICAS,1.0,19,1.19,True,False,DIEGO ANDRES RODRIGUEZ RODRIGUEZ,2025-09-22
1681,TAPA TUBO SALIDA ETERNIT,MATERIAL - M,UNIDAD - UND,004 - 004 - CUBIERTA Y CANALES,1.0,19,1.19,True,False,MARIA PAULA BALLEN MANOSALVA,2025-07-29
1682,"TAPON PRUEBA PVC SANIT 4"" -(M)",MATERIAL - M,UNIDAD - UND,013 - 013 - INSTALACIONES HIDROSANITARIAS,1.0,0,1.0,True,False,,
1683,"TAPON PVC SANITARIO 1 1/2""",MATERIAL - M,UNIDAD - UND,013 - 013 - INSTALACIONES HIDROSANITARIAS,1.0,0,1.0,True,False,,
1684,"TAPON PVC SANITARIO 2""",MATERIAL - M,UNIDAD - UND,013 - 013 - INSTALACIONES HIDROSANITARIAS,516.46,0,516.46,True,False,,
1685,"TAPON PVC SANITARIO 3""",MATERIAL - M,UNIDAD - UND,013 - 013 - INSTALACIONES HIDROSANITARIAS,1.0,0,1.0,True,False,,
1686,"TAPON PVC SANITARIO 4""",MATERIAL - M,UNIDAD - UND,013 - 013 - INSTALACIONES HIDROSANITARIAS,1.0,0,1.0,True,False,,
1687,"TAPON SOLDADO 1/2"" PVC-P",MATERIAL - M,UNIDAD - UND,013 - 013 - INSTALACIONES HIDROSANITARIAS,1.0,0,1.0,True,False,,
1688,"TAPON SOLDADO PRESION 2""",MATERIAL - M,UNIDAD - UND,013 - 013 - INSTALACIONES HIDROSANITARIAS,1.0,0,1.0,True,False,,
1689,TECLADO ALAMBRICO,EQUIPO - E,UNIDAD - UND,028 - 028 - EQUIPOS TECNOLOGICOS,1.0,0,1.0,True,False,,
1690,TECLADO INHALAMBRICO,EQUIPO - E,UNIDAD - UND,028 - 028 - EQUIPOS TECNOLOGICOS,1.0,0,1.0,True,False,,
1691,TECNICO ELECTRICISTA,HONORARIOS - H,DIA - DIA,024 - 024 - PERSONAL OPERATIVO,1.0,0,1.0,True,False,,
1692,TEE 1.1/2 SANITARIA,MATERIAL - M,UNIDAD - UND,013 - 013 - INSTALACIONES HIDROSANITARIAS,3000.0,0,3000.0,True,False,,
1693,"TEE PVC 1/2"" TUBERIA PRESION",MATERIAL - M,UNIDAD - UND,012 - 012 - INSTALACIONES HIDRAULICAS,720.11,0,720.11,True,False,MARIA PAULA BALLEN MANOSALVA,2026-05-19
1694,"TEE PAD RDE-11 PE-100 4""X2""-1/2",MATERIAL - M,UNIDAD - UND,012 - 012 - INSTALACIONES HIDRAULICAS,1.0,0,1.0,True,False,,
1695,"TEE PEAD PN 16 4""",MATERIAL - M,UNIDAD - UND,012 - 012 - INSTALACIONES HIDRAULICAS,1.0,0,1.0,True,False,,
1696,"TEE PRESION PVC 1""-1/2",MATERIAL - M,UNIDAD - UND,012 - 012 - INSTALACIONES HIDRAULICAS,1.0,0,1.0,True,False,HENRY DE JESUS TABORDA ZAPATA,2026-07-27
1697,"TEE PRESION PVC 1 1/4"".",MATERIAL - M,UNIDAD - UND,012 - 012 - INSTALACIONES HIDRAULICAS,4448.82,0,4448.82,True,False,,
1698,"TEE PVC PRESION 1""",MATERIAL - M,UNIDAD - UND,012 - 012 - INSTALACIONES HIDRAULICAS,1.0,0,1.0,True,False,,
1699,"TEE PVC PRESION 1/2""",MATERIAL - M,UNIDAD - UND,012 - 012 - INSTALACIONES HIDRAULICAS,636.77,0,636.77,True,False,DIEGO ANDRES RODRIGUEZ RODRIGUEZ,2025-06-14
1700,"TEE PVC PRESION 2""",MATERIAL - M,UNIDAD - UND,012 - 012 - INSTALACIONES HIDRAULICAS,1.0,0,1.0,True,False,,
1701,"TEE PVC PRESION 3/4""",MATERIAL - M,UNIDAD - UND,012 - 012 - INSTALACIONES HIDRAULICAS,748.51,0,748.51,True,False,,
1702,"TEE PVC SANITARIA DE 1 1/2""",MATERIAL - M,UNIDAD - UND,013 - 013 - INSTALACIONES HIDROSANITARIAS,1700.0,0,1700.0,True,False,,
1703,"TEE PVC SANITARIA DE 2""",MATERIAL - M,UNIDAD - UND,013 - 013 - INSTALACIONES HIDROSANITARIAS,2588.96,0,2588.96,True,False,,
1704,"TEE PVC SANITARIA DE 3""",MATERIAL - M,UNIDAD - UND,013 - 013 - INSTALACIONES HIDROSANITARIAS,5510.31,0,5510.31,True,False,,
1705,"TEE PVC SANITARIA DE 4""",MATERIAL - M,UNIDAD - UND,013 - 013 - INSTALACIONES HIDROSANITARIAS,9500.0,0,9500.0,True,False,,
1706,"TEE PVC SANITARIA DOBLE DE 1 1/2""",MATERIAL - M,UNIDAD - UND,013 - 013 - INSTALACIONES HIDROSANITARIAS,8875.39,0,8875.39,True,False,,
1707,"TEE PVC SANITARIA DOBLE DE 2""",MATERIAL - M,UNIDAD - UND,013 - 013 - INSTALACIONES HIDROSANITARIAS,1.0,0,1.0,True,False,,
1708,"TEE PVC SANITARIA DOBLE DE 3""",MATERIAL - M,UNIDAD - UND,013 - 013 - INSTALACIONES HIDROSANITARIAS,1.0,0,1.0,True,False,,
1709,"TEE PVC SANITARIA DOBLE DE 4""",MATERIAL - M,UNIDAD - UND,013 - 013 - INSTALACIONES HIDROSANITARIAS,1.0,0,1.0,True,False,,
1710,"TEE RANURADA UL/FM DE 2""-1/2",MATERIAL - M,UNIDAD - UND,012 - 012 - INSTALACIONES HIDRAULICAS,1.0,0,1.0,True,False,,
1711,"TEE RANURADA UL/FM DE 4""",MATERIAL - M,UNIDAD - UND,012 - 012 - INSTALACIONES HIDRAULICAS,1.0,0,1.0,True,False,,
1712,TEE SANITARIA 2 PULG PAVCO O SIMILAR,MATERIAL - M,UNIDAD - UND,013 - 013 - INSTALACIONES HIDROSANITARIAS,3950.0,0,3950.0,True,False,,
1713,TEE SANITARIA 3 PULG PAVCO O SIMILAR,MATERIAL - M,UNIDAD - UND,013 - 013 - INSTALACIONES HIDROSANITARIAS,1.0,0,1.0,True,False,,
1714,TEE SANITARIA 4 PULG PAVCO O SIMILAR,MATERIAL - M,UNIDAD - UND,013 - 013 - INSTALACIONES HIDROSANITARIAS,9599.91,0,9599.91,True,False,,
1715,TEE SANITARIA 6 PULG PAVCO O SIMILAR,MATERIAL - M,UNIDAD - UND,013 - 013 - INSTALACIONES HIDROSANITARIAS,1.0,0,1.0,True,False,,
1716,TEE.ELECT.EMT 1/2 PULG,MATERIAL - M,UNIDAD - UND,013 - 013 - INSTALACIONES HIDROSANITARIAS,1.0,0,1.0,True,False,,
1717,"TEFLON DE 1/2""X10M",MATERIAL - M,UNIDAD - UND,"014 - 014 - INSTALACIONES ELECTRICAS, VOZ Y DATOS",833.75,19,992.16,True,False,DIEGO ANDRES RODRIGUEZ RODRIGUEZ,2025-09-22
1718,TEFLON INDUSTRIAL X 50M,MATERIAL - M,UNIDAD - UND,020 - 020 - FERRETERIA MENOR,1.0,19,1.19,True,False,DIEGO ANDRES RODRIGUEZ RODRIGUEZ,2025-09-16
1719,TEJA ARQUITECTONICA (0.73MTS X 3.05MTS X 0.3MM),MATERIAL - M,METRO LINEAL - ML,004 - 004 - CUBIERTA Y CANALES,1.0,19,1.19,True,False,MARIA PAULA BALLEN MANOSALVA,2025-07-29
1720,TEJA ARQUITECTONICA PREPINTADA ANCHO DE 1M - CAL. 30,MATERIAL - M,METRO CUADRADO - M2,004 - 004 - CUBIERTA Y CANALES,15545.9,19,18499.62,True,False,MARIA PAULA BALLEN MANOSALVA,2025-07-29
1721,TEJA ARQUITECTONICA EN LAMINA GALVANIZADA CAL. 30,MATERIAL - M,METRO CUADRADO - M2,004 - 004 - CUBIERTA Y CANALES,1.0,19,1.19,True,False,MARIA PAULA BALLEN MANOSALVA,2025-07-29
1722,TEJA DE PVC N10 305X92CM 1.1MM,MATERIAL - M,METRO CUADRADO - M2,004 - 004 - CUBIERTA Y CANALES,1.0,19,1.19,True,False,MARIA PAULA BALLEN MANOSALVA,2025-07-29
1723,TEJA DE PVC TRASLUCIDA,MATERIAL - M,UNIDAD - UND,004 - 004 - CUBIERTA Y CANALES,1.0,19,1.19,True,False,MARIA PAULA BALLEN MANOSALVA,2025-07-29
1724,TEJA DE ZINC,MATERIAL - M,UNIDAD - UND,004 - 004 - CUBIERTA Y CANALES,1.0,19,1.19,True,False,MARIA PAULA BALLEN MANOSALVA,2025-07-29
1725,TEJA EN ETERNIT TIPO CLARABOYA #6,MATERIAL - M,UNIDAD - UND,004 - 004 - CUBIERTA Y CANALES,1.0,19,1.19,True,False,MARIA PAULA BALLEN MANOSALVA,2025-07-29
1726,TEJA ESPANOLA NATURAL 45 CM,MATERIAL - M,UNIDAD - UND,004 - 004 - CUBIERTA Y CANALES,1.0,19,1.19,True,False,MARIA PAULA BALLEN MANOSALVA,2025-07-29
1727,TEJA MASTER MIL CAL. 28 PREPINTADA,MATERIAL - M,UNIDAD - UND,004 - 004 - CUBIERTA Y CANALES,1.0,19,1.19,True,False,MARIA PAULA BALLEN MANOSALVA,2025-07-29
1728,TEJA MASTER MIL CAL. 30 PREPINTADA,MATERIAL - M,METRO CUADRADO - M2,004 - 004 - CUBIERTA Y CANALES,1.0,19,1.19,True,False,MARIA PAULA BALLEN MANOSALVA,2025-07-29
1729,TEJA METALICA TERMOACUSTIA DE SECCION TRAPEZOIDAL,MATERIAL - M,METRO CUADRADO - M2,004 - 004 - CUBIERTA Y CANALES,1.0,19,1.19,True,False,MARIA PAULA BALLEN MANOSALVA,2025-07-29
1730,TEJA OND. ETERNIT # 10 GRIS,MATERIAL - M,METRO CUADRADO - M2,004 - 004 - CUBIERTA Y CANALES,1.0,19,1.19,True,False,MARIA PAULA BALLEN MANOSALVA,2025-07-29
1731,TEJA OND. ETERNIT # 4 GRIS,MATERIAL - M,UNIDAD - UND,004 - 004 - CUBIERTA Y CANALES,1.0,19,1.19,True,False,MARIA PAULA BALLEN MANOSALVA,2025-07-29
1732,TEJA OND. ETERNIT # 6 GRIS,MATERIAL - M,UNIDAD - UND,004 - 004 - CUBIERTA Y CANALES,1.0,19,1.19,True,False,MARIA PAULA BALLEN MANOSALVA,2025-07-29
1733,TEJA OND. ETERNIT # 8 GRIS,MATERIAL - M,UNIDAD - UND,004 - 004 - CUBIERTA Y CANALES,1.0,19,1.19,True,False,MARIA PAULA BALLEN MANOSALVA,2025-07-29
1734,TEJA ONDULADA TERMOACUSTICA 0.83 X 2.44,MATERIAL - M,UNIDAD - UND,004 - 004 - CUBIERTA Y CANALES,1.0,19,1.19,True,False,MARIA PAULA BALLEN MANOSALVA,2025-07-29
1735,TEJA ONDULADA TRALUCIDA EN PVC PERFIL 3 TIPO ZINC,MATERIAL - M,UNIDAD - UND,004 - 004 - CUBIERTA Y CANALES,1.0,19,1.19,True,False,MARIA PAULA BALLEN MANOSALVA,2025-07-29
1736,TEJA ONDULADA TRASLUCIDA DE POLICARBONATO PERFIL 3,MATERIAL - M,METRO CUADRADO - M2,004 - 004 - CUBIERTA Y CANALES,1.0,19,1.19,True,False,MARIA PAULA BALLEN MANOSALVA,2025-07-29
1737,TEJA ONDULADA TRASLUCIDA DE POLICARBONATO PERFIL 3 TIPO ZINC,MATERIAL - M,UNIDAD - UND,004 - 004 - CUBIERTA Y CANALES,1.0,19,1.19,True,False,MARIA PAULA BALLEN MANOSALVA,2025-07-29
1738,TEJA ONDULADA TRASLUCIDA DE POLICARBONATO PERFIL 7,MATERIAL - M,METRO CUADRADO - M2,004 - 004 - CUBIERTA Y CANALES,1.0,19,1.19,True,False,MARIA PAULA BALLEN MANOSALVA,2025-07-29
1739,TEJA TRASLUCIDA TIPO ETERNIT. PERFIL 7.,MATERIAL - M,UNIDAD - UND,004 - 004 - CUBIERTA Y CANALES,1.0,19,1.19,True,False,MARIA PAULA BALLEN MANOSALVA,2025-07-29
1740,TEJA TRASLUCIDA TIPO ZINC O SIMILAR,MATERIAL - M,UNIDAD - UND,004 - 004 - CUBIERTA Y CANALES,1.0,19,1.19,True,False,MARIA PAULA BALLEN MANOSALVA,2025-07-29
1741,TEJA UPVC POR DESPIECE COLOR OCRE O SIMILAR,MATERIAL - M,METRO CUADRADO - M2,004 - 004 - CUBIERTA Y CANALES,28024.5,19,33349.16,True,False,JAVIER ORLANDO SANABRIA JIMENEZ,2026-05-25
1742,TEJA ZINC ONDULADA 2.134MT X 80CM CAL. 33 0.23MM,MATERIAL - M,UNIDAD - UND,004 - 004 - CUBIERTA Y CANALES,1.0,19,1.19,True,False,MARIA PAULA BALLEN MANOSALVA,2025-07-29
1743,ROLLO TELA VERDE 50M X 2.10M,MATERIAL - M,UNIDAD - UND,020 - 020 - FERRETERIA MENOR,165031.16,19,196387.08,True,False,DIEGO ANDRES RODRIGUEZ RODRIGUEZ,2025-09-16
1744,PLASTICO NEGRO X METRO,MATERIAL - M,METRO LINEAL - ML,020 - 020 - FERRETERIA MENOR,5875.57,19,6991.93,True,False,DIEGO ANDRES RODRIGUEZ RODRIGUEZ,2025-09-16
1745,TELERRUPTOR DE ZX20 AMP CON BOBINA A 220V,MATERIAL - M,UNIDAD - UND,015 - 015 - REDES ELECTRICAS,1.0,19,1.19,True,False,DIEGO ANDRES RODRIGUEZ RODRIGUEZ,2025-09-22
1746,TEMPORIZADOR ELECTRONICO PROGLAMABLE SEGUNDOS 110/220 VAC. 16ON/16OF-16A AC1,MATERIAL - M,UNIDAD - UND,015 - 015 - REDES ELECTRICAS,325737.2,19,387627.27,True,False,DIEGO ANDRES RODRIGUEZ RODRIGUEZ,2025-09-22
1747,TEMPORIZADOR HORARIO LOGICO PROGRAMABLE CON BOBINA A 220V,MATERIAL - M,UNIDAD - UND,015 - 015 - REDES ELECTRICAS,1.0,19,1.19,True,False,DIEGO ANDRES RODRIGUEZ RODRIGUEZ,2025-09-22
1748,TENSOR PARA ACOMETIDA EN BAJA TENSION 21MM,MATERIAL - M,UNIDAD - UND,"014 - 014 - INSTALACIONES ELECTRICAS, VOZ Y DATOS",3374.84,19,4016.06,True,False,DIEGO ANDRES RODRIGUEZ RODRIGUEZ,2025-09-22
1749,"TERMINADORA DE ASFALTO (FINISHER). POTENCIA 174 HP, R=20M3/H",EQUIPO - E,HORA - HR,022 - 022 - MAQUINARIA Y EQUIPO,1.0,0,1.0,True,False,,
1750,"TERMINAL - CONECTOR EMT3""",MATERIAL - M,UNIDAD - UND,015 - 015 - REDES ELECTRICAS,1.0,19,1.19,True,False,DIEGO ANDRES RODRIGUEZ RODRIGUEZ,2025-09-22
1751,TERMINAL 1/0,MATERIAL - M,UNIDAD - UND,015 - 015 - REDES ELECTRICAS,1.0,19,1.19,True,False,DIEGO ANDRES RODRIGUEZ RODRIGUEZ,2025-09-22
1752,TERMINAL 2/0,MATERIAL - M,UNIDAD - UND,015 - 015 - REDES ELECTRICAS,1.0,19,1.19,True,False,DIEGO ANDRES RODRIGUEZ RODRIGUEZ,2025-09-22
1753,TERMINAL 4/0,MATERIAL - M,UNIDAD - UND,015 - 015 - REDES ELECTRICAS,1.0,19,1.19,True,False,DIEGO ANDRES RODRIGUEZ RODRIGUEZ,2025-09-22
1754,TERMINAL 500 MCM,MATERIAL - M,UNIDAD - UND,015 - 015 - REDES ELECTRICAS,1.0,19,1.19,True,False,DIEGO ANDRES RODRIGUEZ RODRIGUEZ,2025-09-22
1755,TERMINAL CU N 2/0 TUBULAR NEGRO 11020,MATERIAL - M,UNIDAD - UND,015 - 015 - REDES ELECTRICAS,1.0,19,1.19,True,False,DIEGO ANDRES RODRIGUEZ RODRIGUEZ,2025-09-22
1756,TERMINAL CU NO 2/0 NEGRO 11020,MATERIAL - M,UNIDAD - UND,015 - 015 - REDES ELECTRICAS,1.0,19,1.19,True,False,DIEGO ANDRES RODRIGUEZ RODRIGUEZ,2025-09-22
1757,TERMINAL CU NO 4 GRIS 11104,MATERIAL - M,UNIDAD - UND,015 - 015 - REDES ELECTRICAS,1.0,19,1.19,True,False,DIEGO ANDRES RODRIGUEZ RODRIGUEZ,2025-09-22
1758,TERMINAL NO. 10,MATERIAL - M,UNIDAD - UND,015 - 015 - REDES ELECTRICAS,1.0,19,1.19,True,False,DIEGO ANDRES RODRIGUEZ RODRIGUEZ,2025-09-22
1759,TERMINAL NO. 12,MATERIAL - M,UNIDAD - UND,015 - 015 - REDES ELECTRICAS,1.0,19,1.19,True,False,DIEGO ANDRES RODRIGUEZ RODRIGUEZ,2025-09-22
1760,TERMINAL NO. 2,MATERIAL - M,UNIDAD - UND,015 - 015 - REDES ELECTRICAS,1.0,19,1.19,True,False,DIEGO ANDRES RODRIGUEZ RODRIGUEZ,2025-09-22
1761,TERMINAL NO. 4,MATERIAL - M,UNIDAD - UND,015 - 015 - REDES ELECTRICAS,1.0,19,1.19,True,False,DIEGO ANDRES RODRIGUEZ RODRIGUEZ,2025-09-22
1762,TERMINAL NO. 6,MATERIAL - M,UNIDAD - UND,015 - 015 - REDES ELECTRICAS,1.0,19,1.19,True,False,DIEGO ANDRES RODRIGUEZ RODRIGUEZ,2025-09-22
1763,TERMINAL NO. 8,MATERIAL - M,UNIDAD - UND,015 - 015 - REDES ELECTRICAS,1.0,19,1.19,True,False,DIEGO ANDRES RODRIGUEZ RODRIGUEZ,2025-09-22
1764,TERMINAL PARA METAL 1/2 PULG.,MATERIAL - M,UNIDAD - UND,"014 - 014 - INSTALACIONES ELECTRICAS, VOZ Y DATOS",1.0,19,1.19,True,False,DIEGO ANDRES RODRIGUEZ RODRIGUEZ,2025-09-22
1765,TERMINAL PONCHABLE,MATERIAL - M,UNIDAD - UND,015 - 015 - REDES ELECTRICAS,1.0,19,1.19,True,False,DIEGO ANDRES RODRIGUEZ RODRIGUEZ,2025-09-22
1766,TERMINAL PREMOLDEADO TIPO INTERIOR 2/0 15 KV,MATERIAL - M,JUEGO - JGO,015 - 015 - REDES ELECTRICAS,1.0,19,1.19,True,False,DIEGO ANDRES RODRIGUEZ RODRIGUEZ,2025-09-22
1767,TERMINAL TIPO PALA PARA CONDUCTOR 2.AWG,MATERIAL - M,UNIDAD - UND,015 - 015 - REDES ELECTRICAS,1.0,19,1.19,True,False,DIEGO ANDRES RODRIGUEZ RODRIGUEZ,2025-09-22
1769,TERMINAL TIPO RECTO,MATERIAL - M,UNIDAD - UND,015 - 015 - REDES ELECTRICAS,1.0,19,1.19,True,False,DIEGO ANDRES RODRIGUEZ RODRIGUEZ,2025-09-22
1770,TERMINAL VARILLA COBRE,MATERIAL - M,UNIDAD - UND,012 - 012 - INSTALACIONES HIDRAULICAS,1.0,0,1.0,True,False,,
1771,TERMO DE AGUA,MATERIAL - M,UNIDAD - UND,029 - 029 - SG-SST,1.0,0,1.0,True,False,,
1772,TERMOMETRO DIGITAL,EQUIPO - E,UNIDAD - UND,029 - 029 - SG-SST,1.0,0,1.0,True,False,,
1773,TERMOMETRO TIPO COLUMNA 0° - 50°,MATERIAL - M,UNIDAD - UND,015 - 015 - REDES ELECTRICAS,1.0,19,1.19,True,False,DIEGO ANDRES RODRIGUEZ RODRIGUEZ,2025-09-22
1774,TERMOSTATO CON COMUNICACION BACINETA,MATERIAL - M,UNIDAD - UND,015 - 015 - REDES ELECTRICAS,1.0,19,1.19,True,False,DIEGO ANDRES RODRIGUEZ RODRIGUEZ,2025-09-22
1775,TIE OFF,EQUIPO - E,UNIDAD - UND,029 - 029 - SG-SST,1.0,0,1.0,True,False,,
1776,"TIJERA OFICINA 5""",CONSUMIBLES - C,UNIDAD - UND,005 - 005 - PAPELERIA,1.0,19,1.19,True,False,MARIA PAULA BALLEN MANOSALVA,2025-07-29
1777,TIJERAS DE TRAUMA,CONSUMIBLES - C,UNIDAD - UND,029 - 029 - SG-SST,1.0,19,1.19,True,False,DIEGO ANDRES RODRIGUEZ RODRIGUEZ,2025-09-15
1778,TINTA PARA PLOTTER AMARILLO 713,EQUIPO - E,UNIDAD - UND,033 - 033 - REPUESTOS E INSUMOS,1.0,0,1.0,True,False,,
1779,TINTA PARA PLOTTER AZUL 712,EQUIPO - E,UNIDAD - UND,033 - 033 - REPUESTOS E INSUMOS,1.0,0,1.0,True,False,,
1780,TINTA PARA PLOTTER MAGENTA 712,EQUIPO - E,UNIDAD - UND,033 - 033 - REPUESTOS E INSUMOS,1.0,0,1.0,True,False,,
1781,TINTA PARA PLOTTER NEGRO 712,EQUIPO - E,UNIDAD - UND,033 - 033 - REPUESTOS E INSUMOS,297500.0,0,297500.0,True,False,,
1782,TOALLAS PARA MANOS *100 UND,CONSUMIBLES - C,UNIDAD - UND,027 - 027 - ASEO Y CAFETERIA,1.0,19,1.19,True,False,DIEGO ANDRES RODRIGUEZ RODRIGUEZ,2025-09-15
1783,TOALLAS REUTILIZABLES * 3 ROLLOS,CONSUMIBLES - C,UNIDAD - UND,027 - 027 - ASEO Y CAFETERIA,1.0,19,1.19,True,False,DIEGO ANDRES RODRIGUEZ RODRIGUEZ,2025-09-15
1784,TOLETE #3 ESTRUCTURAL 24X12X6CM,MATERIAL - M,UNIDAD - UND,007 - 007 - PREFABRICADOS EN CONCRETO,1.0,0,1.0,True,False,,
1785,TOMA CORRIENTE DOBLE 110 V,MATERIAL - M,UNIDAD - UND,"014 - 014 - INSTALACIONES ELECTRICAS, VOZ Y DATOS",5568.39,19,6626.38,True,False,DIEGO ANDRES RODRIGUEZ RODRIGUEZ,2025-09-22
1786,"TOMA CORRIENTE DOBLE 110V, RED REGULADA LEVITON O PASS",MATERIAL - M,UNIDAD - UND,015 - 015 - REDES ELECTRICAS,1.0,19,1.19,True,False,DIEGO ANDRES RODRIGUEZ RODRIGUEZ,2025-09-22
1787,"TOMA CORRIENTE DOBLE 110V, TIPO ARQUEA",MATERIAL - M,UNIDAD - UND,016 - 016 - REDES CONTRA INCENDIO,3708.28,0,3708.28,True,False,,
1788,TOMA CORRIENTE DOBLE REGULADO 110 V,MATERIAL - M,UNIDAD - UND,017 - 017 - ACABADOS Y PINTURA,42143.46,0,42143.46,True,False,,
1789,TOMA CORRIENTE DOBLE REGULADO 220 V,MATERIAL - M,UNIDAD - UND,018 - 018 - CARPINTERIA METALICA,1.0,0,1.0,True,False,,
1790,TOMA CORRIENTE MIRADA CHINA 220V,MATERIAL - M,UNIDAD - UND,"014 - 014 - INSTALACIONES ELECTRICAS, VOZ Y DATOS",12165.0,19,14476.35,True,False,DIEGO ANDRES RODRIGUEZ RODRIGUEZ,2025-09-22
1792,"TOMA GFCI, TIPO ARQUEA",MATERIAL - M,UNIDAD - UND,021 - 021 - PAVIMENTOS,28806.45,0,28806.45,True,False,,
1793,TOMA IND. 32A,MATERIAL - M,UNIDAD - UND,022 - 022 - MAQUINARIA Y EQUIPO,1.0,0,1.0,True,False,,
1794,TOMA IND. 63A,MATERIAL - M,UNIDAD - UND,"014 - 014 - INSTALACIONES ELECTRICAS, VOZ Y DATOS",1.0,19,1.19,True,False,DIEGO ANDRES RODRIGUEZ RODRIGUEZ,2025-09-22
1795,TOMACORRIENTE DOBLE GFCI,MATERIAL - M,UNIDAD - UND,"014 - 014 - INSTALACIONES ELECTRICAS, VOZ Y DATOS",29285.03,19,34849.19,True,False,DIEGO ANDRES RODRIGUEZ RODRIGUEZ,2025-09-22
1796,TOPE DE LLANTA PLASTICO PVC,SEÑALIZACIÓN - Ñ,UNIDAD - UND,029 - 029 - SG-SST,1.0,0,1.0,True,False,,
1797,TOPOGRAFO,HONORARIOS - H,DIA - DIA,024 - 024 - PERSONAL OPERATIVO,1.0,0,1.0,True,False,,
1798,"TORN SHEET ROCK MA 3""-1/2 X50UNID",EQUIPO - E,UNIDAD - UND,016 - 016 - REDES CONTRA INCENDIO,1.0,0,1.0,True,False,,
1799,TORNILLERIA EN ACERO INOXIDABLE M8,MATERIAL - M,UNIDAD - UND,020 - 020 - FERRETERIA MENOR,1.0,19,1.19,True,False,DIEGO ANDRES RODRIGUEZ RODRIGUEZ,2025-09-16
1800,"TORNILLERIA G 2 ZINCADO 5/8"" X 4"" CON TUERCA Y DOBLE ARANDELA ( BR 2 1/2 Y 4"" ) (PARA BRIDAS)",MATERIAL - M,UNIDAD - UND,020 - 020 - FERRETERIA MENOR,1.0,19,1.19,True,False,DIEGO ANDRES RODRIGUEZ RODRIGUEZ,2025-09-16
1801,"TORNILLERIA G2 ZINCADO 3 /4"" X 4"" CON TUERCA Y DOBLE ARANDELA ( BR 6"" ) (PARA BRIDAS)",MATERIAL - M,UNIDAD - UND,020 - 020 - FERRETERIA MENOR,1.0,19,1.19,True,False,DIEGO ANDRES RODRIGUEZ RODRIGUEZ,2025-09-16
1802,TORNILLERIA PARA CONCRETO,MATERIAL - M,UNIDAD - UND,020 - 020 - FERRETERIA MENOR,1.0,19,1.19,True,False,DIEGO ANDRES RODRIGUEZ RODRIGUEZ,2025-09-16
1803,TORNILLERIA PARA DRYWALL,MATERIAL - M,UNIDAD - UND,020 - 020 - FERRETERIA MENOR,199.86,19,237.83,True,False,DIEGO ANDRES RODRIGUEZ RODRIGUEZ,2025-09-16
1804,"TORNILLO 6 * 1"" PLACA",MATERIAL - M,UNIDAD - UND,020 - 020 - FERRETERIA MENOR,1.0,19,1.19,True,False,DIEGO ANDRES RODRIGUEZ RODRIGUEZ,2025-09-16
1805,TORNILLO 6X1 CANAL PVC,MATERIAL - M,KILOGRAMO - KG,004 - 004 - CUBIERTA Y CANALES,1.0,19,1.19,True,False,MARIA PAULA BALLEN MANOSALVA,2025-07-29
1806,"TORNILLO 7*7/16"" LAMINA",MATERIAL - M,UNIDAD - UND,020 - 020 - FERRETERIA MENOR,1.0,19,1.19,True,False,DIEGO ANDRES RODRIGUEZ RODRIGUEZ,2025-09-16
1807,"TORNILLO 8X1/2"" PUNTA DE BROCA - CABEZA DE LENTEJA",MATERIAL - M,UNIDAD - UND,020 - 020 - FERRETERIA MENOR,32.43,19,38.59,True,False,DIEGO ANDRES RODRIGUEZ RODRIGUEZ,2025-09-16
1808,TORNILLO AUTO TALADRANTE PARA FIJACION DE LAMINAS,MATERIAL - M,UNIDAD - UND,020 - 020 - FERRETERIA MENOR,1.0,19,1.19,True,False,DIEGO ANDRES RODRIGUEZ RODRIGUEZ,2025-09-16
1809,TORNILLO AUTOPERFORADOR SELLO NEOPRENO,MATERIAL - M,UNIDAD - UND,004 - 004 - CUBIERTA Y CANALES,1.0,19,1.19,True,False,MARIA PAULA BALLEN MANOSALVA,2025-07-29
1810,"TORNILLO AUTOPERFORANTE CON CAPUCHON DE 14X3""",MATERIAL - M,UNIDAD - UND,004 - 004 - CUBIERTA Y CANALES,329.22,19,391.77,True,False,MARIA PAULA BALLEN MANOSALVA,2025-07-29
1811,"TORNILLO AUTOPERFORANTE CON CAPUCHON DE 3""",MATERIAL - M,UNIDAD - UND,004 - 004 - CUBIERTA Y CANALES,458.24,19,545.31,True,False,MARIA PAULA BALLEN MANOSALVA,2025-07-29
1812,TORNILLO CABEZA DE LENTEJA,MATERIAL - M,UNIDAD - UND,004 - 004 - CUBIERTA Y CANALES,149.0,19,177.31,True,False,MARIA PAULA BALLEN MANOSALVA,2025-07-29
1813,TORNILLO CON CHAZO,MATERIAL - M,UNIDAD - UND,020 - 020 - FERRETERIA MENOR,1.0,19,1.19,True,False,DIEGO ANDRES RODRIGUEZ RODRIGUEZ,2025-09-16
1814,"TORNILLO CORTO DE ESTRUCTURA 8*3/4""",MATERIAL - M,UNIDAD - UND,004 - 004 - CUBIERTA Y CANALES,1.0,19,1.19,True,False,MARIA PAULA BALLEN MANOSALVA,2025-07-29
1815,"TORNILLO DE CARRIAJE DE 5/8"" X 1 1/2""",MATERIAL - M,UNIDAD - UND,015 - 015 - REDES ELECTRICAS,1.0,19,1.19,True,False,DIEGO ANDRES RODRIGUEZ RODRIGUEZ,2025-09-22
1816,"TORNILLO DE ENSAMBLE DE 2"" CON CHAZO",MATERIAL - M,UNIDAD - UND,020 - 020 - FERRETERIA MENOR,277.67,19,330.43,True,False,ALISON CAMILA BENAVIDES RIVERA,2026-07-03
1817,"TORNILLO DE ESTRUCTURA DE CIELO RASO PVC 8 X 1/2""",MATERIAL - M,UNIDAD - UND,004 - 004 - CUBIERTA Y CANALES,30.64,19,36.46,True,False,MARIA PAULA BALLEN MANOSALVA,2025-07-29
1818,"TORNILLO LAMINA 6X1""",MATERIAL - M,UNIDAD - UND,004 - 004 - CUBIERTA Y CANALES,40.0,19,47.6,True,False,HERNAN CAMILO GARCIA CONTRERAS,2025-08-05
1819,"TORNILLO SHEET ROCK 3""",MATERIAL - M,LIBRA - LB,020 - 020 - FERRETERIA MENOR,1.0,19,1.19,True,False,DIEGO ANDRES RODRIGUEZ RODRIGUEZ,2025-09-16
1820,TRAJE ANTIFLUIDO,ELEMEN. PROTECCION - P,UNIDAD - UND,029 - 029 - SG-SST,1.0,0,1.0,True,False,,
1821,TRAJE DE INVIERNO,DOTACION - D,UNIDAD - UND,029 - 029 - SG-SST,1.0,0,1.0,True,False,,
1822,TRAJE IGNIFUGO,ELEMEN. PROTECCION - P,UNIDAD - UND,029 - 029 - SG-SST,1.0,0,1.0,True,False,,
1823,TRAJE TYVEK,ELEMEN. PROTECCION - P,UNIDAD - UND,029 - 029 - SG-SST,1.0,0,1.0,True,False,,
1824,TRANSAMINASAS (TGP-TGO),SERVICIOS - Q,UNIDAD - UND,031 - 031 - SERVICIOS MEDICOS,1.0,0,1.0,True,False,,
1825,"TRANSFERENCIA MANUAL BIFASICA 40A, CON CAJA Y LUZ PILOTO",MATERIAL - M,UNIDAD - UND,"014 - 014 - INSTALACIONES ELECTRICAS, VOZ Y DATOS",125326.77,19,149138.86,True,False,DIEGO ANDRES RODRIGUEZ RODRIGUEZ,2025-09-22
1826,"TRANSFORMADOR 34500/240-120 V 0,5 -5 KVA",MATERIAL - M,UNIDAD - UND,015 - 015 - REDES ELECTRICAS,1.0,19,1.19,True,False,DIEGO ANDRES RODRIGUEZ RODRIGUEZ,2025-09-22
1827,TRANSFORMADOR DE CORRIENTE 200/5AMP,MATERIAL - M,UNIDAD - UND,015 - 015 - REDES ELECTRICAS,1.0,19,1.19,True,False,DIEGO ANDRES RODRIGUEZ RODRIGUEZ,2025-09-22
1828,TRANSFORMADOR MONOFASICO DE 5 KVA.13200/240-120V,MATERIAL - M,UNIDAD - UND,015 - 015 - REDES ELECTRICAS,1.0,19,1.19,True,False,DIEGO ANDRES RODRIGUEZ RODRIGUEZ,2025-09-22
1829,TRANSFORMADOR TRIF.150KVA 13200/208/120 V.,MATERIAL - M,UNIDAD - UND,015 - 015 - REDES ELECTRICAS,20814992.1,19,24769840.6,True,False,DIEGO ANDRES RODRIGUEZ RODRIGUEZ,2025-09-22
1830,"TRANSFORMADOR TRIFASICO DE 45 KVA, 13.200/220-127 V",MATERIAL - M,UNIDAD - UND,015 - 015 - REDES ELECTRICAS,1.0,19,1.19,True,False,DIEGO ANDRES RODRIGUEZ RODRIGUEZ,2025-09-22
1831,"TRANSFORMADOR TRIFASICO DE 75 KVA, 13.200/220-127 V",MATERIAL - M,UNIDAD - UND,015 - 015 - REDES ELECTRICAS,1.0,19,1.19,True,False,DIEGO ANDRES RODRIGUEZ RODRIGUEZ,2025-09-22
1832,"TRANSFORMADOR TRIFASICO EN ACEITE PEDESTAL RADIAL 225 KVA -15 KV, FABRICADO EN LAMINA DE ACERO INOXIDABLE, DEVANADO EN ALUMINIO, TENSIONES 13200/208-120V SEGUN PLANO Y DISPOSITIVO CONTRA SOBRE TENSIONES",MATERIAL - M,UNIDAD - UND,015 - 015 - REDES ELECTRICAS,1.0,19,1.19,True,False,DIEGO ANDRES RODRIGUEZ RODRIGUEZ,2025-09-22
1833,TRANSMISION DE DOCUMENTOS SOPORTE,LICENCIAS - L,UNIDAD - UND,039 - 039 - LICENCIAS OFIMATICAS,1.0,0,1.0,True,False,,
1834,TRANSPORTE DE MATERIALES POR PESO,TRANSPORTE - T,KILOGRAMO - KG,023 - 023 - TRANSPORTE,1.0,0,1.0,True,False,DIEGO ANDRES RODRIGUEZ RODRIGUEZ,2025-09-22
1835,TRANSPORTE DE MATERIALES POR VOLUMEN,TRANSPORTE - T,METRO CUBICO POR KILOMETRO - M3/KM,023 - 023 - TRANSPORTE,1.0,0,1.0,True,False,DIEGO ANDRES RODRIGUEZ RODRIGUEZ,2025-09-22
1836,TRANSPORTE DE PERSONAL,TRANSPORTE - T,UNIDAD - UND,023 - 023 - TRANSPORTE,1.0,0,1.0,True,False,DIEGO ANDRES RODRIGUEZ RODRIGUEZ,2025-09-22
1837,TRANSPORTE POR VIAJES,TRANSPORTE - T,UNIDAD - UND,023 - 023 - TRANSPORTE,2830466.67,0,2830466.67,True,False,DIEGO ANDRES RODRIGUEZ RODRIGUEZ,2025-09-22
1838,TRAPERO,CONSUMIBLES - C,UNIDAD - UND,027 - 027 - ASEO Y CAFETERIA,1.0,19,1.19,True,False,DIEGO ANDRES RODRIGUEZ RODRIGUEZ,2025-09-15
1839,"TRITURADO 1""",MATERIAL - M,METRO CUBICO - M3,002 - 002 - AGREGADOS PETREOS,1.0,19,1.19,True,False,DIEGO ANDRES RODRIGUEZ RODRIGUEZ,2025-07-29
1840,"TRITURADO 1/2""",MATERIAL - M,METRO CUBICO - M3,002 - 002 - AGREGADOS PETREOS,1.0,19,1.19,True,False,DIEGO ANDRES RODRIGUEZ RODRIGUEZ,2025-07-29
1841,"TRITURADO 3/4""",MATERIAL - M,METRO CUBICO - M3,002 - 002 - AGREGADOS PETREOS,150433.79,19,179016.21,True,False,DIEGO ANDRES RODRIGUEZ RODRIGUEZ,2025-07-29
1842,"TRITURADO 3/8""",MATERIAL - M,METRO CUBICO - M3,002 - 002 - AGREGADOS PETREOS,150878.6,19,179545.53,True,False,DIEGO ANDRES RODRIGUEZ RODRIGUEZ,2025-07-29
1844,TRITURADO DE 11⁄2 PULG,MATERIAL - M,METRO CUBICO - M3,002 - 002 - AGREGADOS PETREOS,1.0,19,1.19,True,False,DIEGO ANDRES RODRIGUEZ RODRIGUEZ,2025-07-29
1846,TUB. SANITARIA 6M 2 PULG PAVCO O SIMILAR,MATERIAL - M,METRO - M,013 - 013 - INSTALACIONES HIDROSANITARIAS,1.0,0,1.0,True,False,,
1847,TUB. SANITARIA 6M 3 PULG PAVCO O SIMILAR,MATERIAL - M,METRO - M,013 - 013 - INSTALACIONES HIDROSANITARIAS,1.0,0,1.0,True,False,,
1848,TUB. SANITARIA 6M 4 PULG PAVCO O SIMILAR,MATERIAL - M,UNIDAD - UND,013 - 013 - INSTALACIONES HIDROSANITARIAS,39160.03,0,39160.03,True,False,GLADYS JOHANNA CHAPUESGAL YANDUN,2025-08-21
1849,TUB. SANITARIA 6M 6 PULG PAVCO O SIMILAR,MATERIAL - M,METRO - M,013 - 013 - INSTALACIONES HIDROSANITARIAS,1.0,0,1.0,True,False,,
1850,TUB.ELECT.EMT 1/2 PULG,MATERIAL - M,UNIDAD - UND,"014 - 014 - INSTALACIONES ELECTRICAS, VOZ Y DATOS",1.0,19,1.19,True,False,DIEGO ANDRES RODRIGUEZ RODRIGUEZ,2025-09-22
1851,TUB.ELECT.PVC 1/2 PULG PAVCO,MATERIAL - M,METRO - M,"014 - 014 - INSTALACIONES ELECTRICAS, VOZ Y DATOS",1.0,19,1.19,True,False,DIEGO ANDRES RODRIGUEZ RODRIGUEZ,2025-09-22
1852,TUB.ELECT.PVC 3/4 PULG PAVCO,MATERIAL - M,METRO - M,"014 - 014 - INSTALACIONES ELECTRICAS, VOZ Y DATOS",1.0,19,1.19,True,False,DIEGO ANDRES RODRIGUEZ RODRIGUEZ,2025-09-22
1853,TUB.PRESION 6M 1.1/2 PULG RDE 21 PAVCO,MATERIAL - M,METRO - M,012 - 012 - INSTALACIONES HIDRAULICAS,1.0,0,1.0,True,False,,
1854,TUB.PRESION 6M 1/2 PULG RDE 21 PAVCO,MATERIAL - M,METRO - M,012 - 012 - INSTALACIONES HIDRAULICAS,1.0,0,1.0,True,False,,
1855,TUB.PRESION 6M 1/2 PULG RDE 9 PAVCO,MATERIAL - M,METRO - M,012 - 012 - INSTALACIONES HIDRAULICAS,1.0,0,1.0,True,False,,
1856,TUB.VENT.Y AG.LL 6M 3 PULG PAVCO O SIMILAR,MATERIAL - M,METRO - M,013 - 013 - INSTALACIONES HIDROSANITARIAS,1.0,0,1.0,True,False,,
1857,TUB.VENT.Y AG.LL 6M 4 PULG PAVCO O SIMILAR,MATERIAL - M,METRO - M,013 - 013 - INSTALACIONES HIDROSANITARIAS,1.0,0,1.0,True,False,,
1858,TUBERA ESTRUCTURAL CUADRADA 100X100 7MM X6M,MATERIAL - M,UNIDAD - UND,003 - 003 - ACEROS Y REFUERZOS METALICO,1.0,0,1.0,True,False,,
1859,TUBERA ESTRUCTURAL CUADRADA 120X120 7MM X6M,MATERIAL - M,UNIDAD - UND,003 - 003 - ACEROS Y REFUERZOS METALICO,1.0,0,1.0,True,False,,
1860,TUBERA ESTRUCTURAL CUADRADA 130X130 7MM X6M,MATERIAL - M,UNIDAD - UND,003 - 003 - ACEROS Y REFUERZOS METALICO,1.0,0,1.0,True,False,,
1861,TUBERA ESTRUCTURAL CUADRADA 135X135 7MM X6M,MATERIAL - M,UNIDAD - UND,003 - 003 - ACEROS Y REFUERZOS METALICO,1.0,0,1.0,True,False,,
1862,TUBERA ESTRUCTURAL CUADRADA 150X150 7MM X6M,MATERIAL - M,UNIDAD - UND,003 - 003 - ACEROS Y REFUERZOS METALICO,1.0,0,1.0,True,False,,
1863,TUBERA ESTRUCTURAL CUADRADA 200X200 7MM X6M,MATERIAL - M,UNIDAD - UND,003 - 003 - ACEROS Y REFUERZOS METALICO,1.0,0,1.0,True,False,,
1864,TUBERA ESTRUCTURAL CUADRADA 220X220 7MM X6M,MATERIAL - M,UNIDAD - UND,003 - 003 - ACEROS Y REFUERZOS METALICO,1.0,0,1.0,True,False,,
1865,TUBERA ESTRUCTURAL CUADRADA 250X250 7MM X6M,MATERIAL - M,UNIDAD - UND,003 - 003 - ACEROS Y REFUERZOS METALICO,1.0,0,1.0,True,False,,
1866,TUBERA ESTRUCTURAL CUADRADA 260X260 7MM X6M,MATERIAL - M,UNIDAD - UND,003 - 003 - ACEROS Y REFUERZOS METALICO,1.0,0,1.0,True,False,,
1867,TUBERA ESTRUCTURAL CUADRADA 300X300 6MM X6M,MATERIAL - M,UNIDAD - UND,003 - 003 - ACEROS Y REFUERZOS METALICO,1.0,0,1.0,True,False,,
1868,TUBERA ESTRUCTURAL CUADRADA 300X300 7MM X6M,MATERIAL - M,UNIDAD - UND,003 - 003 - ACEROS Y REFUERZOS METALICO,1.0,0,1.0,True,False,,
1869,TUBERA ESTRUCTURAL CUADRADA 40X40 7MM X6M,MATERIAL - M,UNIDAD - UND,003 - 003 - ACEROS Y REFUERZOS METALICO,1.0,0,1.0,True,False,,
1870,TUBERA ESTRUCTURAL CUADRADA 40X40 8MM X6M,MATERIAL - M,UNIDAD - UND,003 - 003 - ACEROS Y REFUERZOS METALICO,1.0,0,1.0,True,False,,
1871,TUBERA ESTRUCTURAL CUADRADA 50X50 7MM X6M,MATERIAL - M,UNIDAD - UND,003 - 003 - ACEROS Y REFUERZOS METALICO,1.0,0,1.0,True,False,,
1872,TUBERA ESTRUCTURAL CUADRADA 50X50 8MM X6M,MATERIAL - M,UNIDAD - UND,003 - 003 - ACEROS Y REFUERZOS METALICO,1.0,0,1.0,True,False,,
1873,TUBERA ESTRUCTURAL CUADRADA 60X60 7MM X6M,MATERIAL - M,UNIDAD - UND,003 - 003 - ACEROS Y REFUERZOS METALICO,1.0,0,1.0,True,False,,
1874,TUBERA ESTRUCTURAL CUADRADA 60X60 8MM X6M,MATERIAL - M,UNIDAD - UND,003 - 003 - ACEROS Y REFUERZOS METALICO,1.0,0,1.0,True,False,,
1875,TUBERA ESTRUCTURAL CUADRADA 70X70 7MM X6M,MATERIAL - M,UNIDAD - UND,003 - 003 - ACEROS Y REFUERZOS METALICO,1.0,0,1.0,True,False,,
1876,TUBERA ESTRUCTURAL CUADRADA 70X70 8MM X6M,MATERIAL - M,UNIDAD - UND,003 - 003 - ACEROS Y REFUERZOS METALICO,1.0,0,1.0,True,False,,
1877,TUBERA ESTRUCTURAL CUADRADA 75X75 7MM X6M,MATERIAL - M,UNIDAD - UND,003 - 003 - ACEROS Y REFUERZOS METALICO,1.0,0,1.0,True,False,,
1878,TUBERA ESTRUCTURAL CUADRADA 75X75 8MM X6M,MATERIAL - M,UNIDAD - UND,003 - 003 - ACEROS Y REFUERZOS METALICO,1.0,0,1.0,True,False,,
1879,"TUBERA ESTRUCTURAL CUADRADA 9""X9"" 6MM X6M",MATERIAL - M,UNIDAD - UND,003 - 003 - ACEROS Y REFUERZOS METALICO,1.0,0,1.0,True,False,,
1880,"TUBERA ESTRUCTURAL CUADRADA 9""X9"" 7MM X6M",MATERIAL - M,UNIDAD - UND,003 - 003 - ACEROS Y REFUERZOS METALICO,1.0,0,1.0,True,False,,
1881,TUBERA ESTRUCTURAL CUADRADA 90X90 7MM X6M,MATERIAL - M,UNIDAD - UND,003 - 003 - ACEROS Y REFUERZOS METALICO,1.0,0,1.0,True,False,,
1882,"TUBERIA 1"" CONDUIT SCH40 X 3M",MATERIAL - M,UNIDAD - UND,"014 - 014 - INSTALACIONES ELECTRICAS, VOZ Y DATOS",1.0,19,1.19,True,False,EDIER JAFETH MARIOTTA PADILLA,2026-01-05
1883,"TUBERIA 2"" CONDUIT SCH40 X 3M",MATERIAL - M,UNIDAD - UND,"014 - 014 - INSTALACIONES ELECTRICAS, VOZ Y DATOS",1.0,19,1.19,True,False,EDIER JAFETH MARIOTTA PADILLA,2026-01-05
1884,"TUBERIA 3/4"" CONDUIT SCH40 X 3M",MATERIAL - M,UNIDAD - UND,"014 - 014 - INSTALACIONES ELECTRICAS, VOZ Y DATOS",1.0,19,1.19,True,False,EDIER JAFETH MARIOTTA PADILLA,2026-01-05
1885,"TUBERIA 3/4"" METALICA",MATERIAL - M,METRO - M,018 - 018 - CARPINTERIA METALICA,1.0,0,1.0,True,False,,
1886,"TUBERIA 4"" (LAMINA CAL. 16)",MATERIAL - M,METRO LINEAL - ML,"014 - 014 - INSTALACIONES ELECTRICAS, VOZ Y DATOS",1.0,19,1.19,True,False,DIEGO ANDRES RODRIGUEZ RODRIGUEZ,2025-09-22
1887,"TUBERIA 4"" CONDUIT PVC DB X 6M",MATERIAL - M,UNIDAD - UND,"014 - 014 - INSTALACIONES ELECTRICAS, VOZ Y DATOS",1.0,19,1.19,True,False,EDIER JAFETH MARIOTTA PADILLA,2026-01-05
1888,"TUBERIA 6"" CONDUIT PVC DB X 6M",MATERIAL - M,UNIDAD - UND,"014 - 014 - INSTALACIONES ELECTRICAS, VOZ Y DATOS",1.0,19,1.19,True,False,EDIER JAFETH MARIOTTA PADILLA,2026-01-05
1889,"TUBERIA COBRE TIPO L 1/2""",MATERIAL - M,METRO LINEAL - ML,012 - 012 - INSTALACIONES HIDRAULICAS,1.0,0,1.0,True,False,,
1890,"TUBERIA COBRE TIPO L 1-1/4""",MATERIAL - M,METRO LINEAL - ML,012 - 012 - INSTALACIONES HIDRAULICAS,1.0,0,1.0,True,False,,
1891,"TUBERIA COBRE TIPO L 3/8""",MATERIAL - M,METRO LINEAL - ML,012 - 012 - INSTALACIONES HIDRAULICAS,1.0,0,1.0,True,False,,
1892,"TUBERIA COBRE TIPO L 5/8""",MATERIAL - M,METRO LINEAL - ML,012 - 012 - INSTALACIONES HIDRAULICAS,1.0,0,1.0,True,False,,
1893,TUBERIA CONDUIT GALVANIZADA IMC NTC-105 DE 1/2 PULG.AMERICAN STEEL O SIMILAR,MATERIAL - M,METRO - M,"014 - 014 - INSTALACIONES ELECTRICAS, VOZ Y DATOS",10368.47,19,12338.48,True,False,DIEGO ANDRES RODRIGUEZ RODRIGUEZ,2025-09-22
1894,"TUBERIA CONDUIT PVC 1"" X 3M",MATERIAL - M,UNIDAD - UND,"014 - 014 - INSTALACIONES ELECTRICAS, VOZ Y DATOS",1.0,19,1.19,True,False,EDIER JAFETH MARIOTTA PADILLA,2026-01-05
1895,"TUBERIA CONDUIT PVC 2"" X 3M",MATERIAL - M,UNIDAD - UND,"014 - 014 - INSTALACIONES ELECTRICAS, VOZ Y DATOS",1.0,19,1.19,True,False,EDIER JAFETH MARIOTTA PADILLA,2026-01-05
1896,"TUBERIA CONDUIT PVC 3/4"" X 3M",MATERIAL - M,UNIDAD - UND,"014 - 014 - INSTALACIONES ELECTRICAS, VOZ Y DATOS",38159.73,19,45410.08,True,False,DIEGO ANDRES RODRIGUEZ RODRIGUEZ,2025-09-22
1897,"TUBERIA CONDUIT PVC DB 4"" X 6M",MATERIAL - M,UNIDAD - UND,"014 - 014 - INSTALACIONES ELECTRICAS, VOZ Y DATOS",1.0,19,1.19,True,False,EDIER JAFETH MARIOTTA PADILLA,2026-01-05
1898,"TUBERIA CONDUIT PVC DB 6"" X 6M",MATERIAL - M,UNIDAD - UND,"014 - 014 - INSTALACIONES ELECTRICAS, VOZ Y DATOS",1.0,19,1.19,True,False,EDIER JAFETH MARIOTTA PADILLA,2026-01-05
1899,"TUBERIA DE SUMINISTRO DE COMBUSTIBLE EN ACERO AL CARBON SCH 40, DIAMETRO 1"", LOS CODOS SE CUENTAN COMO METRO LINEAL)",MATERIAL - M,METRO LINEAL - ML,020 - 020 - FERRETERIA MENOR,1.0,19,1.19,True,False,DIEGO ANDRES RODRIGUEZ RODRIGUEZ,2025-09-16
1900,"TUBERIA EMT 1 1/2""",MATERIAL - M,METRO LINEAL - ML,"014 - 014 - INSTALACIONES ELECTRICAS, VOZ Y DATOS",1.0,19,1.19,True,False,DIEGO ANDRES RODRIGUEZ RODRIGUEZ,2025-09-22
1901,"TUBERIA EMT 1""",MATERIAL - M,METRO LINEAL - ML,"014 - 014 - INSTALACIONES ELECTRICAS, VOZ Y DATOS",1.0,19,1.19,True,False,DIEGO ANDRES RODRIGUEZ RODRIGUEZ,2025-09-22
1902,"TUBERIA EMT 2""",MATERIAL - M,METRO LINEAL - ML,"014 - 014 - INSTALACIONES ELECTRICAS, VOZ Y DATOS",1.0,19,1.19,True,False,DIEGO ANDRES RODRIGUEZ RODRIGUEZ,2025-09-22
1903,"TUBERIA EMT 3/4""",MATERIAL - M,METRO LINEAL - ML,"014 - 014 - INSTALACIONES ELECTRICAS, VOZ Y DATOS",1.0,19,1.19,True,False,DIEGO ANDRES RODRIGUEZ RODRIGUEZ,2025-09-22
1904,"TUBERIA EMT 4""",MATERIAL - M,METRO LINEAL - ML,"014 - 014 - INSTALACIONES ELECTRICAS, VOZ Y DATOS",1.0,19,1.19,True,False,DIEGO ANDRES RODRIGUEZ RODRIGUEZ,2025-09-22
1905,"TUBERIA ESTRUCTURAL CUADRADA 100X100 1,5MM X6M",MATERIAL - M,UNIDAD - UND,003 - 003 - ACEROS Y REFUERZOS METALICO,1.0,0,1.0,True,False,,
1906,TUBERIA ESTRUCTURAL CUADRADA 100X100 10MM X6M,MATERIAL - M,UNIDAD - UND,003 - 003 - ACEROS Y REFUERZOS METALICO,1.0,0,1.0,True,False,,
1907,"TUBERIA ESTRUCTURAL CUADRADA 100X100 2,5MM X6M",MATERIAL - M,UNIDAD - UND,003 - 003 - ACEROS Y REFUERZOS METALICO,1.0,0,1.0,True,False,,
1908,TUBERIA ESTRUCTURAL CUADRADA 100X100 2MM X6M,MATERIAL - M,UNIDAD - UND,003 - 003 - ACEROS Y REFUERZOS METALICO,1.0,0,1.0,True,False,,
1909,TUBERIA ESTRUCTURAL CUADRADA 100X100 3MM X6M,MATERIAL - M,UNIDAD - UND,003 - 003 - ACEROS Y REFUERZOS METALICO,256347.42,0,256347.42,True,False,EDIER JAFETH MARIOTTA PADILLA,2025-06-14
1910,"TUBERIA ESTRUCTURAL CUADRADA 100X100 4,5MM X6M",MATERIAL - M,UNIDAD - UND,003 - 003 - ACEROS Y REFUERZOS METALICO,1.0,0,1.0,True,False,,
1911,TUBERIA ESTRUCTURAL CUADRADA 100X100 4MM X6M,MATERIAL - M,UNIDAD - UND,003 - 003 - ACEROS Y REFUERZOS METALICO,1.0,0,1.0,True,False,,
1912,TUBERIA ESTRUCTURAL CUADRADA 100X100 5MM X6M,MATERIAL - M,UNIDAD - UND,003 - 003 - ACEROS Y REFUERZOS METALICO,1.0,0,1.0,True,False,,
1913,TUBERIA ESTRUCTURAL CUADRADA 100X100 6MM X6M,MATERIAL - M,UNIDAD - UND,003 - 003 - ACEROS Y REFUERZOS METALICO,1.0,0,1.0,True,False,,
1914,TUBERIA ESTRUCTURAL CUADRADA 100X100 7MM X6M,MATERIAL - M,UNIDAD - UND,003 - 003 - ACEROS Y REFUERZOS METALICO,1.0,0,1.0,True,False,,
1915,TUBERIA ESTRUCTURAL CUADRADA 100X100 8MM X6M,MATERIAL - M,UNIDAD - UND,003 - 003 - ACEROS Y REFUERZOS METALICO,1.0,0,1.0,True,False,,
1916,TUBERIA ESTRUCTURAL CUADRADA 100X100 9MM X6M,MATERIAL - M,UNIDAD - UND,003 - 003 - ACEROS Y REFUERZOS METALICO,1.0,0,1.0,True,False,,
1917,"TUBERIA ESTRUCTURAL CUADRADA 120X120 1,5MM X6M",MATERIAL - M,UNIDAD - UND,003 - 003 - ACEROS Y REFUERZOS METALICO,1.0,0,1.0,True,False,,
1918,TUBERIA ESTRUCTURAL CUADRADA 120X120 10MM X6M,MATERIAL - M,UNIDAD - UND,003 - 003 - ACEROS Y REFUERZOS METALICO,1.0,0,1.0,True,False,,
1919,"TUBERIA ESTRUCTURAL CUADRADA 120X120 2,5MM X6M",MATERIAL - M,UNIDAD - UND,003 - 003 - ACEROS Y REFUERZOS METALICO,1.0,0,1.0,True,False,,
1920,TUBERIA ESTRUCTURAL CUADRADA 120X120 2MM X6M,MATERIAL - M,UNIDAD - UND,003 - 003 - ACEROS Y REFUERZOS METALICO,1.0,0,1.0,True,False,,
1921,TUBERIA ESTRUCTURAL CUADRADA 120X120 3MM X6M,MATERIAL - M,UNIDAD - UND,003 - 003 - ACEROS Y REFUERZOS METALICO,1.0,0,1.0,True,False,,
1922,"TUBERIA ESTRUCTURAL CUADRADA 120X120 4,5MM X6M",MATERIAL - M,UNIDAD - UND,003 - 003 - ACEROS Y REFUERZOS METALICO,1.0,0,1.0,True,False,,
1923,TUBERIA ESTRUCTURAL CUADRADA 120X120 4MM X6M,MATERIAL - M,UNIDAD - UND,003 - 003 - ACEROS Y REFUERZOS METALICO,1.0,0,1.0,True,False,,
1924,TUBERIA ESTRUCTURAL CUADRADA 120X120 5MM X6M,MATERIAL - M,UNIDAD - UND,003 - 003 - ACEROS Y REFUERZOS METALICO,1.0,0,1.0,True,False,,
1925,TUBERIA ESTRUCTURAL CUADRADA 120X120 6MM X6M,MATERIAL - M,UNIDAD - UND,003 - 003 - ACEROS Y REFUERZOS METALICO,1.0,0,1.0,True,False,,
1926,TUBERIA ESTRUCTURAL CUADRADA 120X120 7MM X6M,MATERIAL - M,UNIDAD - UND,003 - 003 - ACEROS Y REFUERZOS METALICO,1.0,0,1.0,True,False,,
1927,TUBERIA ESTRUCTURAL CUADRADA 120X120 8MM X6M,MATERIAL - M,UNIDAD - UND,003 - 003 - ACEROS Y REFUERZOS METALICO,1.0,0,1.0,True,False,,
1928,TUBERIA ESTRUCTURAL CUADRADA 120X120 9MM X6M,MATERIAL - M,UNIDAD - UND,003 - 003 - ACEROS Y REFUERZOS METALICO,1.0,0,1.0,True,False,,
1929,"TUBERIA ESTRUCTURAL CUADRADA 130X130 1,5MM X6M",MATERIAL - M,UNIDAD - UND,003 - 003 - ACEROS Y REFUERZOS METALICO,1.0,0,1.0,True,False,,
1930,TUBERIA ESTRUCTURAL CUADRADA 130X130 10MM X6M,MATERIAL - M,UNIDAD - UND,003 - 003 - ACEROS Y REFUERZOS METALICO,1.0,0,1.0,True,False,,
1931,"TUBERIA ESTRUCTURAL CUADRADA 130X130 2,5MM X6M",MATERIAL - M,UNIDAD - UND,003 - 003 - ACEROS Y REFUERZOS METALICO,1.0,0,1.0,True,False,,
1932,TUBERIA ESTRUCTURAL CUADRADA 130X130 2MM X6M,MATERIAL - M,UNIDAD - UND,003 - 003 - ACEROS Y REFUERZOS METALICO,1.0,0,1.0,True,False,,
1933,TUBERIA ESTRUCTURAL CUADRADA 130X130 3MM X6M,MATERIAL - M,UNIDAD - UND,003 - 003 - ACEROS Y REFUERZOS METALICO,1.0,0,1.0,True,False,,
1934,"TUBERIA ESTRUCTURAL CUADRADA 130X130 4,5MM X6M",MATERIAL - M,UNIDAD - UND,003 - 003 - ACEROS Y REFUERZOS METALICO,1.0,0,1.0,True,False,,
1935,TUBERIA ESTRUCTURAL CUADRADA 130X130 4MM X6M,MATERIAL - M,UNIDAD - UND,003 - 003 - ACEROS Y REFUERZOS METALICO,1.0,0,1.0,True,False,,
1936,TUBERIA ESTRUCTURAL CUADRADA 130X130 5MM X6M,MATERIAL - M,UNIDAD - UND,003 - 003 - ACEROS Y REFUERZOS METALICO,1.0,0,1.0,True,False,,
1937,TUBERIA ESTRUCTURAL CUADRADA 130X130 6MM X6M,MATERIAL - M,UNIDAD - UND,003 - 003 - ACEROS Y REFUERZOS METALICO,1.0,0,1.0,True,False,,
1938,TUBERIA ESTRUCTURAL CUADRADA 130X130 7MM X6M,MATERIAL - M,UNIDAD - UND,003 - 003 - ACEROS Y REFUERZOS METALICO,1.0,0,1.0,True,False,,
1939,TUBERIA ESTRUCTURAL CUADRADA 130X130 8MM X6M,MATERIAL - M,UNIDAD - UND,003 - 003 - ACEROS Y REFUERZOS METALICO,1.0,0,1.0,True,False,,
1940,TUBERIA ESTRUCTURAL CUADRADA 130X130 9MM X6M,MATERIAL - M,UNIDAD - UND,003 - 003 - ACEROS Y REFUERZOS METALICO,1.0,0,1.0,True,False,,
1941,"TUBERIA ESTRUCTURAL CUADRADA 135X135 1,5MM X6M",MATERIAL - M,UNIDAD - UND,003 - 003 - ACEROS Y REFUERZOS METALICO,1.0,0,1.0,True,False,,
1942,TUBERIA ESTRUCTURAL CUADRADA 135X135 10MM X6M,MATERIAL - M,UNIDAD - UND,003 - 003 - ACEROS Y REFUERZOS METALICO,1.0,0,1.0,True,False,,
1943,"TUBERIA ESTRUCTURAL CUADRADA 135X135 2,5MM X6M",MATERIAL - M,UNIDAD - UND,003 - 003 - ACEROS Y REFUERZOS METALICO,1.0,0,1.0,True,False,,
1944,TUBERIA ESTRUCTURAL CUADRADA 135X135 2MM X6M,MATERIAL - M,UNIDAD - UND,003 - 003 - ACEROS Y REFUERZOS METALICO,1.0,0,1.0,True,False,,
1945,TUBERIA ESTRUCTURAL CUADRADA 135X135 3MM X6M,MATERIAL - M,UNIDAD - UND,003 - 003 - ACEROS Y REFUERZOS METALICO,1.0,0,1.0,True,False,,
1946,"TUBERIA ESTRUCTURAL CUADRADA 135X135 4,5MM X6M",MATERIAL - M,UNIDAD - UND,003 - 003 - ACEROS Y REFUERZOS METALICO,1.0,0,1.0,True,False,,
1947,TUBERIA ESTRUCTURAL CUADRADA 135X135 4MM X6M,MATERIAL - M,UNIDAD - UND,003 - 003 - ACEROS Y REFUERZOS METALICO,1.0,0,1.0,True,False,,
1948,TUBERIA ESTRUCTURAL CUADRADA 135X135 5MM X6M,MATERIAL - M,UNIDAD - UND,003 - 003 - ACEROS Y REFUERZOS METALICO,1.0,0,1.0,True,False,,
1949,TUBERIA ESTRUCTURAL CUADRADA 135X135 6MM X6M,MATERIAL - M,UNIDAD - UND,003 - 003 - ACEROS Y REFUERZOS METALICO,1.0,0,1.0,True,False,,
1950,TUBERIA ESTRUCTURAL CUADRADA 135X135 7MM X6M,MATERIAL - M,UNIDAD - UND,003 - 003 - ACEROS Y REFUERZOS METALICO,1.0,0,1.0,True,False,,
1951,TUBERIA ESTRUCTURAL CUADRADA 135X135 8MM X6M,MATERIAL - M,UNIDAD - UND,003 - 003 - ACEROS Y REFUERZOS METALICO,1.0,0,1.0,True,False,,
1952,TUBERIA ESTRUCTURAL CUADRADA 135X135 9MM X6M,MATERIAL - M,UNIDAD - UND,003 - 003 - ACEROS Y REFUERZOS METALICO,1.0,0,1.0,True,False,,
1953,"TUBERIA ESTRUCTURAL CUADRADA 150X150 1,5MM X6M",MATERIAL - M,UNIDAD - UND,003 - 003 - ACEROS Y REFUERZOS METALICO,1.0,0,1.0,True,False,,
1954,TUBERIA ESTRUCTURAL CUADRADA 150X150 10MM X6M,MATERIAL - M,UNIDAD - UND,003 - 003 - ACEROS Y REFUERZOS METALICO,1.0,0,1.0,True,False,,
1955,"TUBERIA ESTRUCTURAL CUADRADA 150X150 2,5MM X6M",MATERIAL - M,UNIDAD - UND,003 - 003 - ACEROS Y REFUERZOS METALICO,1.0,0,1.0,True,False,,
1956,TUBERIA ESTRUCTURAL CUADRADA 150X150 2MM X6M,MATERIAL - M,UNIDAD - UND,003 - 003 - ACEROS Y REFUERZOS METALICO,1.0,0,1.0,True,False,,
1957,TUBERIA ESTRUCTURAL CUADRADA 150X150 3MM X6M,MATERIAL - M,UNIDAD - UND,003 - 003 - ACEROS Y REFUERZOS METALICO,1.0,0,1.0,True,False,,
1958,"TUBERIA ESTRUCTURAL CUADRADA 150X150 4,5MM X6M",MATERIAL - M,UNIDAD - UND,003 - 003 - ACEROS Y REFUERZOS METALICO,1.0,0,1.0,True,False,,
1959,TUBERIA ESTRUCTURAL CUADRADA 150X150 4MM X6M,MATERIAL - M,UNIDAD - UND,003 - 003 - ACEROS Y REFUERZOS METALICO,1.0,0,1.0,True,False,,
1960,TUBERIA ESTRUCTURAL CUADRADA 150X150 5MM X6M,MATERIAL - M,UNIDAD - UND,003 - 003 - ACEROS Y REFUERZOS METALICO,1.0,0,1.0,True,False,,
1961,TUBERIA ESTRUCTURAL CUADRADA 150X150 6MM X6M,MATERIAL - M,UNIDAD - UND,003 - 003 - ACEROS Y REFUERZOS METALICO,1.0,0,1.0,True,False,,
1962,TUBERIA ESTRUCTURAL CUADRADA 150X150 7MM X6M,MATERIAL - M,UNIDAD - UND,003 - 003 - ACEROS Y REFUERZOS METALICO,1.0,0,1.0,True,False,,
1963,TUBERIA ESTRUCTURAL CUADRADA 150X150 8MM X6M,MATERIAL - M,UNIDAD - UND,003 - 003 - ACEROS Y REFUERZOS METALICO,1.0,0,1.0,True,False,,
1964,TUBERIA ESTRUCTURAL CUADRADA 150X150 9MM X6M,MATERIAL - M,UNIDAD - UND,003 - 003 - ACEROS Y REFUERZOS METALICO,1.0,0,1.0,True,False,,
1965,"TUBERIA ESTRUCTURAL CUADRADA 200X200 1,5MM X6M",MATERIAL - M,UNIDAD - UND,003 - 003 - ACEROS Y REFUERZOS METALICO,1.0,0,1.0,True,False,,
1966,TUBERIA ESTRUCTURAL CUADRADA 200X200 10MM X6M,MATERIAL - M,UNIDAD - UND,003 - 003 - ACEROS Y REFUERZOS METALICO,1.0,0,1.0,True,False,,
1967,"TUBERIA ESTRUCTURAL CUADRADA 200X200 2,5MM X6M",MATERIAL - M,UNIDAD - UND,003 - 003 - ACEROS Y REFUERZOS METALICO,1.0,0,1.0,True,False,,
1968,TUBERIA ESTRUCTURAL CUADRADA 200X200 2MM X6M,MATERIAL - M,UNIDAD - UND,003 - 003 - ACEROS Y REFUERZOS METALICO,1.0,0,1.0,True,False,,
1969,TUBERIA ESTRUCTURAL CUADRADA 200X200 3MM X6M,MATERIAL - M,UNIDAD - UND,003 - 003 - ACEROS Y REFUERZOS METALICO,1.0,0,1.0,True,False,,
1970,"TUBERIA ESTRUCTURAL CUADRADA 200X200 4,5MM X6M",MATERIAL - M,UNIDAD - UND,003 - 003 - ACEROS Y REFUERZOS METALICO,1.0,0,1.0,True,False,,
1971,TUBERIA ESTRUCTURAL CUADRADA 200X200 4MM X6M,MATERIAL - M,UNIDAD - UND,003 - 003 - ACEROS Y REFUERZOS METALICO,1.0,0,1.0,True,False,,
1972,TUBERIA ESTRUCTURAL CUADRADA 200X200 5MM X6M,MATERIAL - M,UNIDAD - UND,003 - 003 - ACEROS Y REFUERZOS METALICO,1.0,0,1.0,True,False,,
1973,TUBERIA ESTRUCTURAL CUADRADA 200X200 6MM X6M,MATERIAL - M,UNIDAD - UND,003 - 003 - ACEROS Y REFUERZOS METALICO,1.0,0,1.0,True,False,,
1974,TUBERIA ESTRUCTURAL CUADRADA 200X200 7MM X6M,MATERIAL - M,UNIDAD - UND,003 - 003 - ACEROS Y REFUERZOS METALICO,1.0,0,1.0,True,False,,
1975,TUBERIA ESTRUCTURAL CUADRADA 200X200 8MM X6M,MATERIAL - M,UNIDAD - UND,003 - 003 - ACEROS Y REFUERZOS METALICO,1.0,0,1.0,True,False,,
1976,TUBERIA ESTRUCTURAL CUADRADA 200X200 9MM X6M,MATERIAL - M,UNIDAD - UND,003 - 003 - ACEROS Y REFUERZOS METALICO,1.0,0,1.0,True,False,,
1977,"TUBERIA ESTRUCTURAL CUADRADA 220X220 1,5MM X6M",MATERIAL - M,UNIDAD - UND,003 - 003 - ACEROS Y REFUERZOS METALICO,1.0,0,1.0,True,False,,
1978,TUBERIA ESTRUCTURAL CUADRADA 220X220 10MM X6M,MATERIAL - M,UNIDAD - UND,003 - 003 - ACEROS Y REFUERZOS METALICO,1.0,0,1.0,True,False,,
1979,"TUBERIA ESTRUCTURAL CUADRADA 220X220 2,5MM X6M",MATERIAL - M,UNIDAD - UND,003 - 003 - ACEROS Y REFUERZOS METALICO,1.0,0,1.0,True,False,,
1980,TUBERIA ESTRUCTURAL CUADRADA 220X220 2MM X6M,MATERIAL - M,UNIDAD - UND,003 - 003 - ACEROS Y REFUERZOS METALICO,1.0,0,1.0,True,False,,
1981,TUBERIA ESTRUCTURAL CUADRADA 220X220 3MM X6M,MATERIAL - M,UNIDAD - UND,003 - 003 - ACEROS Y REFUERZOS METALICO,1.0,0,1.0,True,False,,
1982,"TUBERIA ESTRUCTURAL CUADRADA 220X220 4,5MM X6M",MATERIAL - M,UNIDAD - UND,003 - 003 - ACEROS Y REFUERZOS METALICO,1.0,0,1.0,True,False,,
1983,TUBERIA ESTRUCTURAL CUADRADA 220X220 4MM X6M,MATERIAL - M,UNIDAD - UND,003 - 003 - ACEROS Y REFUERZOS METALICO,1.0,0,1.0,True,False,,
1984,TUBERIA ESTRUCTURAL CUADRADA 220X220 5MM X6M,MATERIAL - M,UNIDAD - UND,003 - 003 - ACEROS Y REFUERZOS METALICO,1.0,0,1.0,True,False,,
1985,TUBERIA ESTRUCTURAL CUADRADA 220X220 6MM X6M,MATERIAL - M,UNIDAD - UND,003 - 003 - ACEROS Y REFUERZOS METALICO,1.0,0,1.0,True,False,,
1986,TUBERIA ESTRUCTURAL CUADRADA 220X220 7MM X6M,MATERIAL - M,UNIDAD - UND,003 - 003 - ACEROS Y REFUERZOS METALICO,1.0,0,1.0,True,False,,
1987,TUBERIA ESTRUCTURAL CUADRADA 220X220 8MM X6M,MATERIAL - M,UNIDAD - UND,003 - 003 - ACEROS Y REFUERZOS METALICO,1.0,0,1.0,True,False,,
1988,TUBERIA ESTRUCTURAL CUADRADA 220X220 9MM X6M,MATERIAL - M,UNIDAD - UND,003 - 003 - ACEROS Y REFUERZOS METALICO,1.0,0,1.0,True,False,,
1989,"TUBERIA ESTRUCTURAL CUADRADA 250X250 1,5MM X6M",MATERIAL - M,UNIDAD - UND,003 - 003 - ACEROS Y REFUERZOS METALICO,1.0,0,1.0,True,False,,
1990,TUBERIA ESTRUCTURAL CUADRADA 250X250 10MM X6M,MATERIAL - M,UNIDAD - UND,003 - 003 - ACEROS Y REFUERZOS METALICO,1.0,0,1.0,True,False,,
1991,"TUBERIA ESTRUCTURAL CUADRADA 250X250 2,5MM X6M",MATERIAL - M,UNIDAD - UND,003 - 003 - ACEROS Y REFUERZOS METALICO,1.0,0,1.0,True,False,,
1992,TUBERIA ESTRUCTURAL CUADRADA 250X250 2MM X6M,MATERIAL - M,UNIDAD - UND,003 - 003 - ACEROS Y REFUERZOS METALICO,1.0,0,1.0,True,False,,
1993,TUBERIA ESTRUCTURAL CUADRADA 250X250 3MM X6M,MATERIAL - M,UNIDAD - UND,003 - 003 - ACEROS Y REFUERZOS METALICO,1.0,0,1.0,True,False,,
1994,"TUBERIA ESTRUCTURAL CUADRADA 250X250 4,5MM X6M",MATERIAL - M,UNIDAD - UND,003 - 003 - ACEROS Y REFUERZOS METALICO,1.0,0,1.0,True,False,,
1995,TUBERIA ESTRUCTURAL CUADRADA 250X250 4MM X6M,MATERIAL - M,UNIDAD - UND,003 - 003 - ACEROS Y REFUERZOS METALICO,1.0,0,1.0,True,False,,
1996,TUBERIA ESTRUCTURAL CUADRADA 250X250 5MM X6M,MATERIAL - M,UNIDAD - UND,003 - 003 - ACEROS Y REFUERZOS METALICO,1.0,0,1.0,True,False,,
1997,TUBERIA ESTRUCTURAL CUADRADA 250X250 6MM X6M,MATERIAL - M,UNIDAD - UND,003 - 003 - ACEROS Y REFUERZOS METALICO,1.0,0,1.0,True,False,,
1998,TUBERIA ESTRUCTURAL CUADRADA 250X250 7MM X6M,MATERIAL - M,UNIDAD - UND,003 - 003 - ACEROS Y REFUERZOS METALICO,1.0,0,1.0,True,False,,
1999,TUBERIA ESTRUCTURAL CUADRADA 250X250 8MM X6M,MATERIAL - M,UNIDAD - UND,003 - 003 - ACEROS Y REFUERZOS METALICO,1.0,0,1.0,True,False,,
2000,TUBERIA ESTRUCTURAL CUADRADA 250X250 9MM X6M,MATERIAL - M,UNIDAD - UND,003 - 003 - ACEROS Y REFUERZOS METALICO,1.0,0,1.0,True,False,,
2001,"TUBERIA ESTRUCTURAL CUADRADA 260X260 1,5MM X6M",MATERIAL - M,UNIDAD - UND,003 - 003 - ACEROS Y REFUERZOS METALICO,1.0,0,1.0,True,False,,
2002,TUBERIA ESTRUCTURAL CUADRADA 260X260 10MM X6M,MATERIAL - M,UNIDAD - UND,003 - 003 - ACEROS Y REFUERZOS METALICO,1.0,0,1.0,True,False,,
2003,"TUBERIA ESTRUCTURAL CUADRADA 260X260 2,5MM X6M",MATERIAL - M,UNIDAD - UND,003 - 003 - ACEROS Y REFUERZOS METALICO,1.0,0,1.0,True,False,,
2004,TUBERIA ESTRUCTURAL CUADRADA 260X260 2MM X6M,MATERIAL - M,UNIDAD - UND,003 - 003 - ACEROS Y REFUERZOS METALICO,1.0,0,1.0,True,False,,
2005,TUBERIA ESTRUCTURAL CUADRADA 260X260 3MM X6M,MATERIAL - M,UNIDAD - UND,003 - 003 - ACEROS Y REFUERZOS METALICO,1.0,0,1.0,True,False,,
2006,"TUBERIA ESTRUCTURAL CUADRADA 260X260 4,5MM X6M",MATERIAL - M,UNIDAD - UND,003 - 003 - ACEROS Y REFUERZOS METALICO,1.0,0,1.0,True,False,,
2007,TUBERIA ESTRUCTURAL CUADRADA 260X260 4MM X6M,MATERIAL - M,UNIDAD - UND,003 - 003 - ACEROS Y REFUERZOS METALICO,1.0,0,1.0,True,False,,
2008,TUBERIA ESTRUCTURAL CUADRADA 260X260 5MM X6M,MATERIAL - M,UNIDAD - UND,003 - 003 - ACEROS Y REFUERZOS METALICO,1.0,0,1.0,True,False,,
2009,TUBERIA ESTRUCTURAL CUADRADA 260X260 6MM X6M,MATERIAL - M,UNIDAD - UND,003 - 003 - ACEROS Y REFUERZOS METALICO,1.0,0,1.0,True,False,,
2010,TUBERIA ESTRUCTURAL CUADRADA 260X260 7MM X6M,MATERIAL - M,UNIDAD - UND,003 - 003 - ACEROS Y REFUERZOS METALICO,1.0,0,1.0,True,False,,
2011,TUBERIA ESTRUCTURAL CUADRADA 260X260 8MM X6M,MATERIAL - M,UNIDAD - UND,003 - 003 - ACEROS Y REFUERZOS METALICO,1.0,0,1.0,True,False,,
2012,TUBERIA ESTRUCTURAL CUADRADA 260X260 9MM X6M,MATERIAL - M,UNIDAD - UND,003 - 003 - ACEROS Y REFUERZOS METALICO,1.0,0,1.0,True,False,,
2013,"TUBERIA ESTRUCTURAL CUADRADA 300X300 1,5MM X6M",MATERIAL - M,UNIDAD - UND,003 - 003 - ACEROS Y REFUERZOS METALICO,1.0,0,1.0,True,False,,
2014,TUBERIA ESTRUCTURAL CUADRADA 300X300 10MM X6M,MATERIAL - M,UNIDAD - UND,003 - 003 - ACEROS Y REFUERZOS METALICO,1.0,0,1.0,True,False,,
2015,"TUBERIA ESTRUCTURAL CUADRADA 300X300 2,5MM X6M",MATERIAL - M,UNIDAD - UND,003 - 003 - ACEROS Y REFUERZOS METALICO,1.0,0,1.0,True,False,,
2016,TUBERIA ESTRUCTURAL CUADRADA 300X300 2MM X6M,MATERIAL - M,UNIDAD - UND,003 - 003 - ACEROS Y REFUERZOS METALICO,1.0,0,1.0,True,False,,
2017,TUBERIA ESTRUCTURAL CUADRADA 300X300 3MM X6M,MATERIAL - M,UNIDAD - UND,003 - 003 - ACEROS Y REFUERZOS METALICO,1.0,0,1.0,True,False,,
2018,"TUBERIA ESTRUCTURAL CUADRADA 300X300 4,5MM X6M",MATERIAL - M,UNIDAD - UND,003 - 003 - ACEROS Y REFUERZOS METALICO,1.0,0,1.0,True,False,,
2019,TUBERIA ESTRUCTURAL CUADRADA 300X300 4MM X6M,MATERIAL - M,UNIDAD - UND,003 - 003 - ACEROS Y REFUERZOS METALICO,1.0,0,1.0,True,False,,
2020,TUBERIA ESTRUCTURAL CUADRADA 300X300 5MM X6M,MATERIAL - M,UNIDAD - UND,003 - 003 - ACEROS Y REFUERZOS METALICO,1.0,0,1.0,True,False,,
2021,TUBERIA ESTRUCTURAL CUADRADA 300X300 6MM X6M,MATERIAL - M,UNIDAD - UND,003 - 003 - ACEROS Y REFUERZOS METALICO,1.0,0,1.0,True,False,,
2022,TUBERIA ESTRUCTURAL CUADRADA 300X300 7MM X6M,MATERIAL - M,UNIDAD - UND,003 - 003 - ACEROS Y REFUERZOS METALICO,1.0,0,1.0,True,False,,
2023,TUBERIA ESTRUCTURAL CUADRADA 300X300 8MM X6M,MATERIAL - M,UNIDAD - UND,003 - 003 - ACEROS Y REFUERZOS METALICO,1.0,0,1.0,True,False,,
2024,TUBERIA ESTRUCTURAL CUADRADA 300X300 9MM X6M,MATERIAL - M,UNIDAD - UND,003 - 003 - ACEROS Y REFUERZOS METALICO,1.0,0,1.0,True,False,,
2025,"TUBERIA ESTRUCTURAL CUADRADA 40X40 1,5MM X6M",MATERIAL - M,UNIDAD - UND,003 - 003 - ACEROS Y REFUERZOS METALICO,1.0,0,1.0,True,False,,
2026,TUBERIA ESTRUCTURAL CUADRADA 40X40 10MM X6M,MATERIAL - M,UNIDAD - UND,003 - 003 - ACEROS Y REFUERZOS METALICO,1.0,0,1.0,True,False,,
2027,"TUBERIA ESTRUCTURAL CUADRADA 40X40 2,5MM X6M",MATERIAL - M,UNIDAD - UND,003 - 003 - ACEROS Y REFUERZOS METALICO,1.0,0,1.0,True,False,,
2028,TUBERIA ESTRUCTURAL CUADRADA 40X40 2MM X6M,MATERIAL - M,UNIDAD - UND,003 - 003 - ACEROS Y REFUERZOS METALICO,1.0,0,1.0,True,False,,
2029,TUBERIA ESTRUCTURAL CUADRADA 40X40 3MM X6M,MATERIAL - M,UNIDAD - UND,003 - 003 - ACEROS Y REFUERZOS METALICO,1.0,0,1.0,True,False,,
2030,"TUBERIA ESTRUCTURAL CUADRADA 40X40 4,5MM X6M",MATERIAL - M,UNIDAD - UND,003 - 003 - ACEROS Y REFUERZOS METALICO,1.0,0,1.0,True,False,,
2031,TUBERIA ESTRUCTURAL CUADRADA 40X40 4MM X6M,MATERIAL - M,UNIDAD - UND,003 - 003 - ACEROS Y REFUERZOS METALICO,1.0,0,1.0,True,False,,
2032,TUBERIA ESTRUCTURAL CUADRADA 40X40 5MM X6M,MATERIAL - M,UNIDAD - UND,003 - 003 - ACEROS Y REFUERZOS METALICO,1.0,0,1.0,True,False,,
2033,TUBERIA ESTRUCTURAL CUADRADA 40X40 6MM X6M,MATERIAL - M,UNIDAD - UND,003 - 003 - ACEROS Y REFUERZOS METALICO,1.0,0,1.0,True,False,,
2034,TUBERIA ESTRUCTURAL CUADRADA 40X40 7MM X6M,MATERIAL - M,UNIDAD - UND,003 - 003 - ACEROS Y REFUERZOS METALICO,1.0,0,1.0,True,False,,
2035,TUBERIA ESTRUCTURAL CUADRADA 40X40 8MM X6M,MATERIAL - M,UNIDAD - UND,003 - 003 - ACEROS Y REFUERZOS METALICO,1.0,0,1.0,True,False,,
2036,TUBERIA ESTRUCTURAL CUADRADA 40X40 9MM X6M,MATERIAL - M,UNIDAD - UND,003 - 003 - ACEROS Y REFUERZOS METALICO,1.0,0,1.0,True,False,,
2037,"TUBERIA ESTRUCTURAL CUADRADA 50X50 1,5MM X6M",MATERIAL - M,UNIDAD - UND,003 - 003 - ACEROS Y REFUERZOS METALICO,1.0,0,1.0,True,False,,
2038,TUBERIA ESTRUCTURAL CUADRADA 50X50 10MM X6M,MATERIAL - M,UNIDAD - UND,003 - 003 - ACEROS Y REFUERZOS METALICO,1.0,0,1.0,True,False,,
2039,"TUBERIA ESTRUCTURAL CUADRADA 50X50 2,5MM X6M",MATERIAL - M,UNIDAD - UND,003 - 003 - ACEROS Y REFUERZOS METALICO,1.0,0,1.0,True,False,,
2040,TUBERIA ESTRUCTURAL CUADRADA 50X50 2MM X6M,MATERIAL - M,UNIDAD - UND,003 - 003 - ACEROS Y REFUERZOS METALICO,1.0,0,1.0,True,False,,
2041,TUBERIA ESTRUCTURAL CUADRADA 50X50 3MM X6M,MATERIAL - M,UNIDAD - UND,003 - 003 - ACEROS Y REFUERZOS METALICO,1.0,0,1.0,True,False,,
2042,"TUBERIA ESTRUCTURAL CUADRADA 50X50 4,5MM X6M",MATERIAL - M,UNIDAD - UND,003 - 003 - ACEROS Y REFUERZOS METALICO,1.0,0,1.0,True,False,,
2043,TUBERIA ESTRUCTURAL CUADRADA 50X50 4MM X6M,MATERIAL - M,UNIDAD - UND,003 - 003 - ACEROS Y REFUERZOS METALICO,131499.76,0,131499.76,True,False,,
2044,TUBERIA ESTRUCTURAL CUADRADA 50X50 5MM X6M,MATERIAL - M,UNIDAD - UND,003 - 003 - ACEROS Y REFUERZOS METALICO,1.0,0,1.0,True,False,,
2045,TUBERIA ESTRUCTURAL CUADRADA 50X50 6MM X6M,MATERIAL - M,UNIDAD - UND,003 - 003 - ACEROS Y REFUERZOS METALICO,1.0,0,1.0,True,False,,
2046,TUBERIA ESTRUCTURAL CUADRADA 50X50 7MM X6M,MATERIAL - M,UNIDAD - UND,003 - 003 - ACEROS Y REFUERZOS METALICO,1.0,0,1.0,True,False,,
2047,TUBERIA ESTRUCTURAL CUADRADA 50X50 8MM X6M,MATERIAL - M,UNIDAD - UND,003 - 003 - ACEROS Y REFUERZOS METALICO,1.0,0,1.0,True,False,,
2048,TUBERIA ESTRUCTURAL CUADRADA 50X50 9MM X6M,MATERIAL - M,UNIDAD - UND,003 - 003 - ACEROS Y REFUERZOS METALICO,1.0,0,1.0,True,False,,
2049,"TUBERIA ESTRUCTURAL CUADRADA 60X60 1,5MM X6M",MATERIAL - M,UNIDAD - UND,003 - 003 - ACEROS Y REFUERZOS METALICO,1.0,0,1.0,True,False,,
2050,TUBERIA ESTRUCTURAL CUADRADA 60X60 10MM X6M,MATERIAL - M,UNIDAD - UND,003 - 003 - ACEROS Y REFUERZOS METALICO,1.0,0,1.0,True,False,,
2051,"TUBERIA ESTRUCTURAL CUADRADA 60X60 2,5MM X6M",MATERIAL - M,UNIDAD - UND,003 - 003 - ACEROS Y REFUERZOS METALICO,1.0,0,1.0,True,False,,
2052,TUBERIA ESTRUCTURAL CUADRADA 60X60 2MM X6M,MATERIAL - M,UNIDAD - UND,003 - 003 - ACEROS Y REFUERZOS METALICO,1.0,0,1.0,True,False,,
2053,TUBERIA ESTRUCTURAL CUADRADA 60X60 3MM X6M,MATERIAL - M,UNIDAD - UND,003 - 003 - ACEROS Y REFUERZOS METALICO,1.0,0,1.0,True,False,,
2054,"TUBERIA ESTRUCTURAL CUADRADA 60X60 4,5MM X6M",MATERIAL - M,UNIDAD - UND,003 - 003 - ACEROS Y REFUERZOS METALICO,1.0,0,1.0,True,False,,
2055,TUBERIA ESTRUCTURAL CUADRADA 60X60 4MM X6M,MATERIAL - M,UNIDAD - UND,003 - 003 - ACEROS Y REFUERZOS METALICO,1.0,0,1.0,True,False,,
2056,TUBERIA ESTRUCTURAL CUADRADA 60X60 5MM X6M,MATERIAL - M,UNIDAD - UND,003 - 003 - ACEROS Y REFUERZOS METALICO,1.0,0,1.0,True,False,,
2057,TUBERIA ESTRUCTURAL CUADRADA 60X60 6MM X6M,MATERIAL - M,UNIDAD - UND,003 - 003 - ACEROS Y REFUERZOS METALICO,1.0,0,1.0,True,False,,
2058,TUBERIA ESTRUCTURAL CUADRADA 60X60 7MM X6M,MATERIAL - M,UNIDAD - UND,003 - 003 - ACEROS Y REFUERZOS METALICO,1.0,0,1.0,True,False,,
2059,TUBERIA ESTRUCTURAL CUADRADA 60X60 8MM X6M,MATERIAL - M,UNIDAD - UND,003 - 003 - ACEROS Y REFUERZOS METALICO,1.0,0,1.0,True,False,,
2060,TUBERIA ESTRUCTURAL CUADRADA 60X60 9MM X6M,MATERIAL - M,UNIDAD - UND,003 - 003 - ACEROS Y REFUERZOS METALICO,1.0,0,1.0,True,False,,
2061,"TUBERIA ESTRUCTURAL CUADRADA 70X70 1,5MM X6M",MATERIAL - M,UNIDAD - UND,003 - 003 - ACEROS Y REFUERZOS METALICO,1.0,0,1.0,True,False,,
2062,TUBERIA ESTRUCTURAL CUADRADA 70X70 10MM X6M,MATERIAL - M,UNIDAD - UND,003 - 003 - ACEROS Y REFUERZOS METALICO,1.0,0,1.0,True,False,,
2063,"TUBERIA ESTRUCTURAL CUADRADA 70X70 2,5MM X6M",MATERIAL - M,UNIDAD - UND,003 - 003 - ACEROS Y REFUERZOS METALICO,1.0,0,1.0,True,False,,
2064,TUBERIA ESTRUCTURAL CUADRADA 70X70 2MM X6M,MATERIAL - M,UNIDAD - UND,003 - 003 - ACEROS Y REFUERZOS METALICO,1.0,0,1.0,True,False,,
2065,TUBERIA ESTRUCTURAL CUADRADA 70X70 3MM X6M,MATERIAL - M,UNIDAD - UND,003 - 003 - ACEROS Y REFUERZOS METALICO,1.0,0,1.0,True,False,,
2066,"TUBERIA ESTRUCTURAL CUADRADA 70X70 4,5MM X6M",MATERIAL - M,UNIDAD - UND,003 - 003 - ACEROS Y REFUERZOS METALICO,1.0,0,1.0,True,False,,
2067,TUBERIA ESTRUCTURAL CUADRADA 70X70 4MM X6M,MATERIAL - M,UNIDAD - UND,003 - 003 - ACEROS Y REFUERZOS METALICO,1.0,0,1.0,True,False,,
2068,TUBERIA ESTRUCTURAL CUADRADA 70X70 5MM X6M,MATERIAL - M,UNIDAD - UND,003 - 003 - ACEROS Y REFUERZOS METALICO,1.0,0,1.0,True,False,,
2069,TUBERIA ESTRUCTURAL CUADRADA 70X70 6MM X6M,MATERIAL - M,UNIDAD - UND,003 - 003 - ACEROS Y REFUERZOS METALICO,1.0,0,1.0,True,False,,
2070,TUBERIA ESTRUCTURAL CUADRADA 70X70 7MM X6M,MATERIAL - M,UNIDAD - UND,003 - 003 - ACEROS Y REFUERZOS METALICO,1.0,0,1.0,True,False,,
2071,TUBERIA ESTRUCTURAL CUADRADA 70X70 8MM X6M,MATERIAL - M,UNIDAD - UND,003 - 003 - ACEROS Y REFUERZOS METALICO,1.0,0,1.0,True,False,,
2072,TUBERIA ESTRUCTURAL CUADRADA 70X70 9MM X6M,MATERIAL - M,UNIDAD - UND,003 - 003 - ACEROS Y REFUERZOS METALICO,1.0,0,1.0,True,False,,
2073,"TUBERIA ESTRUCTURAL CUADRADA 75X75 1,5MM X6M",MATERIAL - M,UNIDAD - UND,003 - 003 - ACEROS Y REFUERZOS METALICO,1.0,0,1.0,True,False,,
2074,TUBERIA ESTRUCTURAL CUADRADA 75X75 10MM X6M,MATERIAL - M,UNIDAD - UND,003 - 003 - ACEROS Y REFUERZOS METALICO,1.0,0,1.0,True,False,,
2075,"TUBERIA ESTRUCTURAL CUADRADA 75X75 2,5MM X6M",MATERIAL - M,UNIDAD - UND,003 - 003 - ACEROS Y REFUERZOS METALICO,1.0,0,1.0,True,False,,
2076,TUBERIA ESTRUCTURAL CUADRADA 75X75 2MM X6M,MATERIAL - M,UNIDAD - UND,003 - 003 - ACEROS Y REFUERZOS METALICO,1.0,0,1.0,True,False,,
2077,TUBERIA ESTRUCTURAL CUADRADA 75X75 3MM X6M,MATERIAL - M,UNIDAD - UND,003 - 003 - ACEROS Y REFUERZOS METALICO,1.0,0,1.0,True,False,,
2078,"TUBERIA ESTRUCTURAL CUADRADA 75X75 4,5MM X6M",MATERIAL - M,UNIDAD - UND,003 - 003 - ACEROS Y REFUERZOS METALICO,1.0,0,1.0,True,False,,
2079,TUBERIA ESTRUCTURAL CUADRADA 75X75 4MM X6M,MATERIAL - M,UNIDAD - UND,003 - 003 - ACEROS Y REFUERZOS METALICO,1.0,0,1.0,True,False,,
2080,TUBERIA ESTRUCTURAL CUADRADA 75X75 5MM X6M,MATERIAL - M,UNIDAD - UND,003 - 003 - ACEROS Y REFUERZOS METALICO,1.0,0,1.0,True,False,,
2081,TUBERIA ESTRUCTURAL CUADRADA 75X75 6MM X6M,MATERIAL - M,UNIDAD - UND,003 - 003 - ACEROS Y REFUERZOS METALICO,1.0,0,1.0,True,False,,
2082,TUBERIA ESTRUCTURAL CUADRADA 75X75 7MM X6M,MATERIAL - M,UNIDAD - UND,003 - 003 - ACEROS Y REFUERZOS METALICO,1.0,0,1.0,True,False,,
2083,TUBERIA ESTRUCTURAL CUADRADA 75X75 8MM X6M,MATERIAL - M,UNIDAD - UND,003 - 003 - ACEROS Y REFUERZOS METALICO,1.0,0,1.0,True,False,,
2084,TUBERIA ESTRUCTURAL CUADRADA 75X75 9MM X6M,MATERIAL - M,UNIDAD - UND,003 - 003 - ACEROS Y REFUERZOS METALICO,1.0,0,1.0,True,False,,
2085,"TUBERIA ESTRUCTURAL CUADRADA 9""X9"" 1,5MM X6M",MATERIAL - M,UNIDAD - UND,003 - 003 - ACEROS Y REFUERZOS METALICO,1.0,0,1.0,True,False,,
2086,"TUBERIA ESTRUCTURAL CUADRADA 9""X9"" 10MM X6M",MATERIAL - M,UNIDAD - UND,003 - 003 - ACEROS Y REFUERZOS METALICO,1.0,0,1.0,True,False,,
2087,"TUBERIA ESTRUCTURAL CUADRADA 9""X9"" 2,5MM X6M",MATERIAL - M,UNIDAD - UND,003 - 003 - ACEROS Y REFUERZOS METALICO,1.0,0,1.0,True,False,,
2088,"TUBERIA ESTRUCTURAL CUADRADA 9""X9"" 2MM X6M",MATERIAL - M,UNIDAD - UND,003 - 003 - ACEROS Y REFUERZOS METALICO,1.0,0,1.0,True,False,,
2089,"TUBERIA ESTRUCTURAL CUADRADA 9""X9"" 3MM X6M",MATERIAL - M,UNIDAD - UND,003 - 003 - ACEROS Y REFUERZOS METALICO,1.0,0,1.0,True,False,,
2090,"TUBERIA ESTRUCTURAL CUADRADA 9""X9"" 4,5MM X6M",MATERIAL - M,UNIDAD - UND,003 - 003 - ACEROS Y REFUERZOS METALICO,1.0,0,1.0,True,False,,
2091,"TUBERIA ESTRUCTURAL CUADRADA 9""X9"" 4MM X6M",MATERIAL - M,UNIDAD - UND,003 - 003 - ACEROS Y REFUERZOS METALICO,1.0,0,1.0,True,False,,
2092,"TUBERIA ESTRUCTURAL CUADRADA 9""X9"" 5MM X6M",MATERIAL - M,UNIDAD - UND,003 - 003 - ACEROS Y REFUERZOS METALICO,1.0,0,1.0,True,False,,
2093,"TUBERIA ESTRUCTURAL CUADRADA 9""X9"" 6MM X6M",MATERIAL - M,UNIDAD - UND,003 - 003 - ACEROS Y REFUERZOS METALICO,1.0,0,1.0,True,False,,
2094,"TUBERIA ESTRUCTURAL CUADRADA 9""X9"" 7MM X6M",MATERIAL - M,UNIDAD - UND,003 - 003 - ACEROS Y REFUERZOS METALICO,1.0,0,1.0,True,False,,
2095,"TUBERIA ESTRUCTURAL CUADRADA 9""X9"" 8MM X6M",MATERIAL - M,UNIDAD - UND,003 - 003 - ACEROS Y REFUERZOS METALICO,1.0,0,1.0,True,False,,
2096,"TUBERIA ESTRUCTURAL CUADRADA 9""X9"" 9MM X6M",MATERIAL - M,UNIDAD - UND,003 - 003 - ACEROS Y REFUERZOS METALICO,1.0,0,1.0,True,False,,
2097,"TUBERIA ESTRUCTURAL CUADRADA 90X90 1,5MM X6M",MATERIAL - M,UNIDAD - UND,003 - 003 - ACEROS Y REFUERZOS METALICO,1.0,0,1.0,True,False,,
2098,TUBERIA ESTRUCTURAL CUADRADA 90X90 10MM X6M,MATERIAL - M,UNIDAD - UND,003 - 003 - ACEROS Y REFUERZOS METALICO,1.0,0,1.0,True,False,,
2099,"TUBERIA ESTRUCTURAL CUADRADA 90X90 2,5MM X6M",MATERIAL - M,UNIDAD - UND,003 - 003 - ACEROS Y REFUERZOS METALICO,1.0,0,1.0,True,False,,
2100,TUBERIA ESTRUCTURAL CUADRADA 90X90 2MM X6M,MATERIAL - M,UNIDAD - UND,003 - 003 - ACEROS Y REFUERZOS METALICO,1.0,0,1.0,True,False,,
2101,TUBERIA ESTRUCTURAL CUADRADA 90X90 3MM X6M,MATERIAL - M,UNIDAD - UND,003 - 003 - ACEROS Y REFUERZOS METALICO,248299.45,0,248299.45,True,False,,
2102,"TUBERIA ESTRUCTURAL CUADRADA 90X90 4,5MM X6M",MATERIAL - M,UNIDAD - UND,003 - 003 - ACEROS Y REFUERZOS METALICO,1.0,0,1.0,True,False,,
2103,TUBERIA ESTRUCTURAL CUADRADA 90X90 4MM X6M,MATERIAL - M,UNIDAD - UND,003 - 003 - ACEROS Y REFUERZOS METALICO,1.0,0,1.0,True,False,,
2104,TUBERIA ESTRUCTURAL CUADRADA 90X90 5MM X6M,MATERIAL - M,UNIDAD - UND,003 - 003 - ACEROS Y REFUERZOS METALICO,1.0,0,1.0,True,False,,
2105,TUBERIA ESTRUCTURAL CUADRADA 90X90 6MM X6M,MATERIAL - M,UNIDAD - UND,003 - 003 - ACEROS Y REFUERZOS METALICO,1.0,0,1.0,True,False,,
2106,TUBERIA ESTRUCTURAL CUADRADA 90X90 7MM X6M,MATERIAL - M,UNIDAD - UND,003 - 003 - ACEROS Y REFUERZOS METALICO,1.0,0,1.0,True,False,,
2107,TUBERIA ESTRUCTURAL CUADRADA 90X90 8MM X6M,MATERIAL - M,UNIDAD - UND,003 - 003 - ACEROS Y REFUERZOS METALICO,1.0,0,1.0,True,False,,
2108,TUBERIA ESTRUCTURAL CUADRADA 90X90 9MM X6M,MATERIAL - M,UNIDAD - UND,003 - 003 - ACEROS Y REFUERZOS METALICO,1.0,0,1.0,True,False,,
2109,"TUBERIA ESTRUCTURAL REDONDA 1 1/2"" 1,5MM 6M",MATERIAL - M,UNIDAD - UND,003 - 003 - ACEROS Y REFUERZOS METALICO,1.0,0,1.0,True,False,,
2110,"TUBERIA ESTRUCTURAL REDONDA 1 1/2"" 10,3MM 6M",MATERIAL - M,UNIDAD - UND,003 - 003 - ACEROS Y REFUERZOS METALICO,1.0,0,1.0,True,False,,
2111,"TUBERIA ESTRUCTURAL REDONDA 1 1/2"" 11MM 6M",MATERIAL - M,UNIDAD - UND,003 - 003 - ACEROS Y REFUERZOS METALICO,1.0,0,1.0,True,False,,
2112,"TUBERIA ESTRUCTURAL REDONDA 1 1/2"" 2,5MM 6M",MATERIAL - M,UNIDAD - UND,003 - 003 - ACEROS Y REFUERZOS METALICO,1.0,0,1.0,True,False,,
2113,"TUBERIA ESTRUCTURAL REDONDA 1 1/2"" 2MM 6M",MATERIAL - M,UNIDAD - UND,003 - 003 - ACEROS Y REFUERZOS METALICO,1.0,0,1.0,True,False,,
2114,"TUBERIA ESTRUCTURAL REDONDA 1 1/2"" 3MM 6M",MATERIAL - M,UNIDAD - UND,003 - 003 - ACEROS Y REFUERZOS METALICO,1.0,0,1.0,True,False,,
2115,"TUBERIA ESTRUCTURAL REDONDA 1 1/2"" 4,5MM 6M",MATERIAL - M,UNIDAD - UND,003 - 003 - ACEROS Y REFUERZOS METALICO,1.0,0,1.0,True,False,,
2116,"TUBERIA ESTRUCTURAL REDONDA 1 1/2"" 4MM 6M",MATERIAL - M,UNIDAD - UND,003 - 003 - ACEROS Y REFUERZOS METALICO,1.0,0,1.0,True,False,,
2117,"TUBERIA ESTRUCTURAL REDONDA 1 1/2"" 5MM 6M",MATERIAL - M,UNIDAD - UND,003 - 003 - ACEROS Y REFUERZOS METALICO,1.0,0,1.0,True,False,,
2118,"TUBERIA ESTRUCTURAL REDONDA 1 1/2"" 6MM 6M",MATERIAL - M,UNIDAD - UND,003 - 003 - ACEROS Y REFUERZOS METALICO,1.0,0,1.0,True,False,,
2119,"TUBERIA ESTRUCTURAL REDONDA 1 1/2"" 7,11MM 6M",MATERIAL - M,UNIDAD - UND,003 - 003 - ACEROS Y REFUERZOS METALICO,1.0,0,1.0,True,False,,
2120,"TUBERIA ESTRUCTURAL REDONDA 1 1/2"" 7MM 6M",MATERIAL - M,UNIDAD - UND,003 - 003 - ACEROS Y REFUERZOS METALICO,1.0,0,1.0,True,False,,
2121,"TUBERIA ESTRUCTURAL REDONDA 1 1/2"" 8MM 6M",MATERIAL - M,UNIDAD - UND,003 - 003 - ACEROS Y REFUERZOS METALICO,1.0,0,1.0,True,False,,
2122,"TUBERIA ESTRUCTURAL REDONDA 1 1/2"" 9MM 6M",MATERIAL - M,UNIDAD - UND,003 - 003 - ACEROS Y REFUERZOS METALICO,1.0,0,1.0,True,False,,
2123,"TUBERIA ESTRUCTURAL REDONDA 1 1/4"" 1,5MM 6M",MATERIAL - M,UNIDAD - UND,003 - 003 - ACEROS Y REFUERZOS METALICO,1.0,0,1.0,True,False,,
2124,"TUBERIA ESTRUCTURAL REDONDA 1 1/4"" 10,3MM 6M",MATERIAL - M,UNIDAD - UND,003 - 003 - ACEROS Y REFUERZOS METALICO,1.0,0,1.0,True,False,,
2125,"TUBERIA ESTRUCTURAL REDONDA 1 1/4"" 11MM 6M",MATERIAL - M,UNIDAD - UND,003 - 003 - ACEROS Y REFUERZOS METALICO,1.0,0,1.0,True,False,,
2126,"TUBERIA ESTRUCTURAL REDONDA 1 1/4"" 2,5MM 6M",MATERIAL - M,UNIDAD - UND,003 - 003 - ACEROS Y REFUERZOS METALICO,1.0,0,1.0,True,False,,
2127,"TUBERIA ESTRUCTURAL REDONDA 1 1/4"" 2MM 6M",MATERIAL - M,UNIDAD - UND,003 - 003 - ACEROS Y REFUERZOS METALICO,1.0,0,1.0,True,False,,
2128,"TUBERIA ESTRUCTURAL REDONDA 1 1/4"" 3MM 6M",MATERIAL - M,UNIDAD - UND,003 - 003 - ACEROS Y REFUERZOS METALICO,1.0,0,1.0,True,False,,
2129,"TUBERIA ESTRUCTURAL REDONDA 1 1/4"" 4,5MM 6M",MATERIAL - M,UNIDAD - UND,003 - 003 - ACEROS Y REFUERZOS METALICO,1.0,0,1.0,True,False,,
2130,"TUBERIA ESTRUCTURAL REDONDA 1 1/4"" 4MM 6M",MATERIAL - M,UNIDAD - UND,003 - 003 - ACEROS Y REFUERZOS METALICO,1.0,0,1.0,True,False,,
2131,"TUBERIA ESTRUCTURAL REDONDA 1 1/4"" 5MM 6M",MATERIAL - M,UNIDAD - UND,003 - 003 - ACEROS Y REFUERZOS METALICO,1.0,0,1.0,True,False,,
2132,"TUBERIA ESTRUCTURAL REDONDA 1 1/4"" 6MM 6M",MATERIAL - M,UNIDAD - UND,003 - 003 - ACEROS Y REFUERZOS METALICO,1.0,0,1.0,True,False,,
2133,"TUBERIA ESTRUCTURAL REDONDA 1 1/4"" 7,11MM 6M",MATERIAL - M,UNIDAD - UND,003 - 003 - ACEROS Y REFUERZOS METALICO,1.0,0,1.0,True,False,,
2134,"TUBERIA ESTRUCTURAL REDONDA 1 1/4"" 7MM 6M",MATERIAL - M,UNIDAD - UND,003 - 003 - ACEROS Y REFUERZOS METALICO,1.0,0,1.0,True,False,,
2135,"TUBERIA ESTRUCTURAL REDONDA 1 1/4"" 8MM 6M",MATERIAL - M,UNIDAD - UND,003 - 003 - ACEROS Y REFUERZOS METALICO,1.0,0,1.0,True,False,,
2136,"TUBERIA ESTRUCTURAL REDONDA 1 1/4"" 9MM 6M",MATERIAL - M,UNIDAD - UND,003 - 003 - ACEROS Y REFUERZOS METALICO,1.0,0,1.0,True,False,,
2137,"TUBERIA ESTRUCTURAL REDONDA 1"" 1,5MM 6M",MATERIAL - M,UNIDAD - UND,003 - 003 - ACEROS Y REFUERZOS METALICO,1.0,0,1.0,True,False,,
2138,"TUBERIA ESTRUCTURAL REDONDA 1"" 10,3MM 6M",MATERIAL - M,UNIDAD - UND,003 - 003 - ACEROS Y REFUERZOS METALICO,1.0,0,1.0,True,False,,
2139,"TUBERIA ESTRUCTURAL REDONDA 1"" 11MM 6M",MATERIAL - M,UNIDAD - UND,003 - 003 - ACEROS Y REFUERZOS METALICO,1.0,0,1.0,True,False,,
2140,"TUBERIA ESTRUCTURAL REDONDA 1"" 2,5MM 6M",MATERIAL - M,UNIDAD - UND,003 - 003 - ACEROS Y REFUERZOS METALICO,1.0,0,1.0,True,False,,
2141,"TUBERIA ESTRUCTURAL REDONDA 1"" 2MM 6M",MATERIAL - M,UNIDAD - UND,003 - 003 - ACEROS Y REFUERZOS METALICO,1.0,0,1.0,True,False,,
2142,"TUBERIA ESTRUCTURAL REDONDA 1"" 3MM 6M",MATERIAL - M,UNIDAD - UND,003 - 003 - ACEROS Y REFUERZOS METALICO,1.0,0,1.0,True,False,,
2143,"TUBERIA ESTRUCTURAL REDONDA 1"" 4,5MM 6M",MATERIAL - M,UNIDAD - UND,003 - 003 - ACEROS Y REFUERZOS METALICO,1.0,0,1.0,True,False,,
2144,"TUBERIA ESTRUCTURAL REDONDA 1"" 4MM 6M",MATERIAL - M,UNIDAD - UND,003 - 003 - ACEROS Y REFUERZOS METALICO,1.0,0,1.0,True,False,,
2145,"TUBERIA ESTRUCTURAL REDONDA 1"" 5MM 6M",MATERIAL - M,UNIDAD - UND,003 - 003 - ACEROS Y REFUERZOS METALICO,1.0,0,1.0,True,False,,
2146,"TUBERIA ESTRUCTURAL REDONDA 1"" 6MM 6M",MATERIAL - M,UNIDAD - UND,003 - 003 - ACEROS Y REFUERZOS METALICO,1.0,0,1.0,True,False,,
2147,"TUBERIA ESTRUCTURAL REDONDA 1"" 7,11MM 6M",MATERIAL - M,UNIDAD - UND,003 - 003 - ACEROS Y REFUERZOS METALICO,1.0,0,1.0,True,False,,
2148,"TUBERIA ESTRUCTURAL REDONDA 1"" 7MM 6M",MATERIAL - M,UNIDAD - UND,003 - 003 - ACEROS Y REFUERZOS METALICO,1.0,0,1.0,True,False,,
2149,"TUBERIA ESTRUCTURAL REDONDA 1"" 8MM 6M",MATERIAL - M,UNIDAD - UND,003 - 003 - ACEROS Y REFUERZOS METALICO,1.0,0,1.0,True,False,,
2150,"TUBERIA ESTRUCTURAL REDONDA 1"" 9MM 6M",MATERIAL - M,UNIDAD - UND,003 - 003 - ACEROS Y REFUERZOS METALICO,1.0,0,1.0,True,False,,
2151,"TUBERIA ESTRUCTURAL REDONDA 10"" 1,5MM 6M",MATERIAL - M,UNIDAD - UND,003 - 003 - ACEROS Y REFUERZOS METALICO,1.0,0,1.0,True,False,,
2152,"TUBERIA ESTRUCTURAL REDONDA 10"" 10,3MM 6M",MATERIAL - M,UNIDAD - UND,003 - 003 - ACEROS Y REFUERZOS METALICO,1.0,0,1.0,True,False,,
2153,"TUBERIA ESTRUCTURAL REDONDA 10"" 11MM 6M",MATERIAL - M,UNIDAD - UND,003 - 003 - ACEROS Y REFUERZOS METALICO,1.0,0,1.0,True,False,,
2154,"TUBERIA ESTRUCTURAL REDONDA 10"" 2,5MM 6M",MATERIAL - M,UNIDAD - UND,003 - 003 - ACEROS Y REFUERZOS METALICO,1.0,0,1.0,True,False,,
2155,"TUBERIA ESTRUCTURAL REDONDA 10"" 2MM 6M",MATERIAL - M,UNIDAD - UND,003 - 003 - ACEROS Y REFUERZOS METALICO,1.0,0,1.0,True,False,,
2156,"TUBERIA ESTRUCTURAL REDONDA 10"" 3MM 6M",MATERIAL - M,UNIDAD - UND,003 - 003 - ACEROS Y REFUERZOS METALICO,1.0,0,1.0,True,False,,
2157,"TUBERIA ESTRUCTURAL REDONDA 10"" 4,5MM 6M",MATERIAL - M,UNIDAD - UND,003 - 003 - ACEROS Y REFUERZOS METALICO,1.0,0,1.0,True,False,,
2158,"TUBERIA ESTRUCTURAL REDONDA 10"" 4MM 6M",MATERIAL - M,UNIDAD - UND,003 - 003 - ACEROS Y REFUERZOS METALICO,1.0,0,1.0,True,False,,
2159,"TUBERIA ESTRUCTURAL REDONDA 10"" 5MM 6M",MATERIAL - M,UNIDAD - UND,003 - 003 - ACEROS Y REFUERZOS METALICO,1.0,0,1.0,True,False,,
2160,"TUBERIA ESTRUCTURAL REDONDA 10"" 6MM 6M",MATERIAL - M,UNIDAD - UND,003 - 003 - ACEROS Y REFUERZOS METALICO,1.0,0,1.0,True,False,,
2161,"TUBERIA ESTRUCTURAL REDONDA 10"" 7,11MM 6M",MATERIAL - M,UNIDAD - UND,003 - 003 - ACEROS Y REFUERZOS METALICO,1.0,0,1.0,True,False,,
2162,"TUBERIA ESTRUCTURAL REDONDA 10"" 7MM 6M",MATERIAL - M,UNIDAD - UND,003 - 003 - ACEROS Y REFUERZOS METALICO,1.0,0,1.0,True,False,,
2163,"TUBERIA ESTRUCTURAL REDONDA 10"" 8MM 6M",MATERIAL - M,UNIDAD - UND,003 - 003 - ACEROS Y REFUERZOS METALICO,1.0,0,1.0,True,False,,
2164,"TUBERIA ESTRUCTURAL REDONDA 10"" 9MM 6M",MATERIAL - M,UNIDAD - UND,003 - 003 - ACEROS Y REFUERZOS METALICO,1.0,0,1.0,True,False,,
2165,"TUBERIA ESTRUCTURAL REDONDA 12"" 1,5MM 6M",MATERIAL - M,UNIDAD - UND,003 - 003 - ACEROS Y REFUERZOS METALICO,1.0,0,1.0,True,False,,
2166,"TUBERIA ESTRUCTURAL REDONDA 12"" 10,3MM 6M",MATERIAL - M,UNIDAD - UND,003 - 003 - ACEROS Y REFUERZOS METALICO,1.0,0,1.0,True,False,,
2167,"TUBERIA ESTRUCTURAL REDONDA 12"" 11MM 6M",MATERIAL - M,UNIDAD - UND,003 - 003 - ACEROS Y REFUERZOS METALICO,1.0,0,1.0,True,False,,
2168,"TUBERIA ESTRUCTURAL REDONDA 12"" 2,5MM 6M",MATERIAL - M,UNIDAD - UND,003 - 003 - ACEROS Y REFUERZOS METALICO,1.0,0,1.0,True,False,,
2169,"TUBERIA ESTRUCTURAL REDONDA 12"" 2MM 6M",MATERIAL - M,UNIDAD - UND,003 - 003 - ACEROS Y REFUERZOS METALICO,1.0,0,1.0,True,False,,
2170,"TUBERIA ESTRUCTURAL REDONDA 12"" 3MM 6M",MATERIAL - M,UNIDAD - UND,003 - 003 - ACEROS Y REFUERZOS METALICO,1.0,0,1.0,True,False,,
2171,"TUBERIA ESTRUCTURAL REDONDA 12"" 4,5MM 6M",MATERIAL - M,UNIDAD - UND,003 - 003 - ACEROS Y REFUERZOS METALICO,1.0,0,1.0,True,False,,
2172,"TUBERIA ESTRUCTURAL REDONDA 12"" 4MM 6M",MATERIAL - M,UNIDAD - UND,003 - 003 - ACEROS Y REFUERZOS METALICO,1.0,0,1.0,True,False,,
2173,"TUBERIA ESTRUCTURAL REDONDA 12"" 5MM 6M",MATERIAL - M,UNIDAD - UND,003 - 003 - ACEROS Y REFUERZOS METALICO,1.0,0,1.0,True,False,,
2174,"TUBERIA ESTRUCTURAL REDONDA 12"" 6MM 6M",MATERIAL - M,UNIDAD - UND,003 - 003 - ACEROS Y REFUERZOS METALICO,1.0,0,1.0,True,False,,
2175,"TUBERIA ESTRUCTURAL REDONDA 12"" 7,11MM 6M",MATERIAL - M,UNIDAD - UND,003 - 003 - ACEROS Y REFUERZOS METALICO,1.0,0,1.0,True,False,,
2176,"TUBERIA ESTRUCTURAL REDONDA 12"" 7MM 6M",MATERIAL - M,UNIDAD - UND,003 - 003 - ACEROS Y REFUERZOS METALICO,1.0,0,1.0,True,False,,
2177,"TUBERIA ESTRUCTURAL REDONDA 12"" 8MM 6M",MATERIAL - M,UNIDAD - UND,003 - 003 - ACEROS Y REFUERZOS METALICO,1.0,0,1.0,True,False,,
2178,"TUBERIA ESTRUCTURAL REDONDA 12"" 9MM 6M",MATERIAL - M,UNIDAD - UND,003 - 003 - ACEROS Y REFUERZOS METALICO,1.0,0,1.0,True,False,,
2179,"TUBERIA ESTRUCTURAL REDONDA 16"" 1,5MM 6M",MATERIAL - M,UNIDAD - UND,003 - 003 - ACEROS Y REFUERZOS METALICO,1.0,0,1.0,True,False,,
2180,"TUBERIA ESTRUCTURAL REDONDA 16"" 10,3MM 6M",MATERIAL - M,UNIDAD - UND,003 - 003 - ACEROS Y REFUERZOS METALICO,1.0,0,1.0,True,False,,
2181,"TUBERIA ESTRUCTURAL REDONDA 16"" 11MM 6M",MATERIAL - M,UNIDAD - UND,003 - 003 - ACEROS Y REFUERZOS METALICO,1.0,0,1.0,True,False,,
2182,"TUBERIA ESTRUCTURAL REDONDA 16"" 2,5MM 6M",MATERIAL - M,UNIDAD - UND,003 - 003 - ACEROS Y REFUERZOS METALICO,1.0,0,1.0,True,False,,
2183,"TUBERIA ESTRUCTURAL REDONDA 16"" 2MM 6M",MATERIAL - M,UNIDAD - UND,003 - 003 - ACEROS Y REFUERZOS METALICO,1.0,0,1.0,True,False,,
2184,"TUBERIA ESTRUCTURAL REDONDA 16"" 3MM 6M",MATERIAL - M,UNIDAD - UND,003 - 003 - ACEROS Y REFUERZOS METALICO,1.0,0,1.0,True,False,,
2185,"TUBERIA ESTRUCTURAL REDONDA 16"" 4,5MM 6M",MATERIAL - M,UNIDAD - UND,003 - 003 - ACEROS Y REFUERZOS METALICO,1.0,0,1.0,True,False,,
2186,"TUBERIA ESTRUCTURAL REDONDA 16"" 4MM 6M",MATERIAL - M,UNIDAD - UND,003 - 003 - ACEROS Y REFUERZOS METALICO,1.0,0,1.0,True,False,,
2187,"TUBERIA ESTRUCTURAL REDONDA 16"" 5MM 6M",MATERIAL - M,UNIDAD - UND,003 - 003 - ACEROS Y REFUERZOS METALICO,1.0,0,1.0,True,False,,
2188,"TUBERIA ESTRUCTURAL REDONDA 16"" 6MM 6M",MATERIAL - M,UNIDAD - UND,003 - 003 - ACEROS Y REFUERZOS METALICO,1.0,0,1.0,True,False,,
2189,"TUBERIA ESTRUCTURAL REDONDA 16"" 7,11MM 6M",MATERIAL - M,UNIDAD - UND,003 - 003 - ACEROS Y REFUERZOS METALICO,1.0,0,1.0,True,False,,
2190,"TUBERIA ESTRUCTURAL REDONDA 16"" 7MM 6M",MATERIAL - M,UNIDAD - UND,003 - 003 - ACEROS Y REFUERZOS METALICO,1.0,0,1.0,True,False,,
2191,"TUBERIA ESTRUCTURAL REDONDA 16"" 8MM 6M",MATERIAL - M,UNIDAD - UND,003 - 003 - ACEROS Y REFUERZOS METALICO,1.0,0,1.0,True,False,,
2192,"TUBERIA ESTRUCTURAL REDONDA 16"" 9MM 6M",MATERIAL - M,UNIDAD - UND,003 - 003 - ACEROS Y REFUERZOS METALICO,1.0,0,1.0,True,False,,
2193,"TUBERIA ESTRUCTURAL REDONDA 2 1/2"" 1,5MM 6M",MATERIAL - M,UNIDAD - UND,003 - 003 - ACEROS Y REFUERZOS METALICO,1.0,0,1.0,True,False,,
2194,"TUBERIA ESTRUCTURAL REDONDA 2 1/2"" 10,3MM 6M",MATERIAL - M,UNIDAD - UND,003 - 003 - ACEROS Y REFUERZOS METALICO,1.0,0,1.0,True,False,,
2195,"TUBERIA ESTRUCTURAL REDONDA 2 1/2"" 11MM 6M",MATERIAL - M,UNIDAD - UND,003 - 003 - ACEROS Y REFUERZOS METALICO,1.0,0,1.0,True,False,,
2196,"TUBERIA ESTRUCTURAL REDONDA 2 1/2"" 2,5MM 6M",MATERIAL - M,UNIDAD - UND,003 - 003 - ACEROS Y REFUERZOS METALICO,1.0,0,1.0,True,False,,
2197,"TUBERIA ESTRUCTURAL REDONDA 2 1/2"" 2MM 6M",MATERIAL - M,UNIDAD - UND,003 - 003 - ACEROS Y REFUERZOS METALICO,1.0,0,1.0,True,False,,
2198,"TUBERIA ESTRUCTURAL REDONDA 2 1/2"" 3MM 6M",MATERIAL - M,UNIDAD - UND,003 - 003 - ACEROS Y REFUERZOS METALICO,1.0,0,1.0,True,False,,
2199,"TUBERIA ESTRUCTURAL REDONDA 2 1/2"" 4,5MM 6M",MATERIAL - M,UNIDAD - UND,003 - 003 - ACEROS Y REFUERZOS METALICO,1.0,0,1.0,True,False,,
2200,"TUBERIA ESTRUCTURAL REDONDA 2 1/2"" 4MM 6M",MATERIAL - M,UNIDAD - UND,003 - 003 - ACEROS Y REFUERZOS METALICO,1.0,0,1.0,True,False,,
2201,"TUBERIA ESTRUCTURAL REDONDA 2 1/2"" 5MM 6M",MATERIAL - M,UNIDAD - UND,003 - 003 - ACEROS Y REFUERZOS METALICO,1.0,0,1.0,True,False,,
2202,"TUBERIA ESTRUCTURAL REDONDA 2 1/2"" 6MM 6M",MATERIAL - M,UNIDAD - UND,003 - 003 - ACEROS Y REFUERZOS METALICO,1.0,0,1.0,True,False,,
2203,"TUBERIA ESTRUCTURAL REDONDA 2 1/2"" 7,11MM 6M",MATERIAL - M,UNIDAD - UND,003 - 003 - ACEROS Y REFUERZOS METALICO,1.0,0,1.0,True,False,,
2204,"TUBERIA ESTRUCTURAL REDONDA 2 1/2"" 7MM 6M",MATERIAL - M,UNIDAD - UND,003 - 003 - ACEROS Y REFUERZOS METALICO,1.0,0,1.0,True,False,,
2205,"TUBERIA ESTRUCTURAL REDONDA 2 1/2"" 8MM 6M",MATERIAL - M,UNIDAD - UND,003 - 003 - ACEROS Y REFUERZOS METALICO,1.0,0,1.0,True,False,,
2206,"TUBERIA ESTRUCTURAL REDONDA 2 1/2"" 9MM 6M",MATERIAL - M,UNIDAD - UND,003 - 003 - ACEROS Y REFUERZOS METALICO,1.0,0,1.0,True,False,,
2207,"TUBERIA ESTRUCTURAL REDONDA 2"" 1,5MM 6M",MATERIAL - M,UNIDAD - UND,003 - 003 - ACEROS Y REFUERZOS METALICO,1.0,0,1.0,True,False,,
2208,"TUBERIA ESTRUCTURAL REDONDA 2"" 10,3MM 6M",MATERIAL - M,UNIDAD - UND,003 - 003 - ACEROS Y REFUERZOS METALICO,1.0,0,1.0,True,False,,
2209,"TUBERIA ESTRUCTURAL REDONDA 2"" 11MM 6M",MATERIAL - M,UNIDAD - UND,003 - 003 - ACEROS Y REFUERZOS METALICO,1.0,0,1.0,True,False,,
2210,"TUBERIA ESTRUCTURAL REDONDA 2"" 2,5MM 6M",MATERIAL - M,UNIDAD - UND,003 - 003 - ACEROS Y REFUERZOS METALICO,1.0,0,1.0,True,False,,
2211,"TUBERIA ESTRUCTURAL REDONDA 2"" 2MM 6M",MATERIAL - M,UNIDAD - UND,003 - 003 - ACEROS Y REFUERZOS METALICO,1.0,0,1.0,True,False,,
2212,"TUBERIA ESTRUCTURAL REDONDA 2"" 3MM 6M",MATERIAL - M,UNIDAD - UND,003 - 003 - ACEROS Y REFUERZOS METALICO,1.0,0,1.0,True,False,,
2213,"TUBERIA ESTRUCTURAL REDONDA 2"" 4,5MM 6M",MATERIAL - M,UNIDAD - UND,003 - 003 - ACEROS Y REFUERZOS METALICO,1.0,0,1.0,True,False,,
2214,"TUBERIA ESTRUCTURAL REDONDA 2"" 4MM 6M",MATERIAL - M,UNIDAD - UND,003 - 003 - ACEROS Y REFUERZOS METALICO,1.0,0,1.0,True,False,,
2215,"TUBERIA ESTRUCTURAL REDONDA 2"" 5MM 6M",MATERIAL - M,UNIDAD - UND,003 - 003 - ACEROS Y REFUERZOS METALICO,1.0,0,1.0,True,False,,
2216,"TUBERIA ESTRUCTURAL REDONDA 2"" 6MM 6M",MATERIAL - M,UNIDAD - UND,003 - 003 - ACEROS Y REFUERZOS METALICO,1.0,0,1.0,True,False,,
2217,"TUBERIA ESTRUCTURAL REDONDA 2"" 7,11MM 6M",MATERIAL - M,UNIDAD - UND,003 - 003 - ACEROS Y REFUERZOS METALICO,1.0,0,1.0,True,False,,
2218,"TUBERIA ESTRUCTURAL REDONDA 2"" 7MM 6M",MATERIAL - M,UNIDAD - UND,003 - 003 - ACEROS Y REFUERZOS METALICO,1.0,0,1.0,True,False,,
2219,"TUBERIA ESTRUCTURAL REDONDA 2"" 8MM 6M",MATERIAL - M,UNIDAD - UND,003 - 003 - ACEROS Y REFUERZOS METALICO,1.0,0,1.0,True,False,,
2220,"TUBERIA ESTRUCTURAL REDONDA 2"" 9MM 6M",MATERIAL - M,UNIDAD - UND,003 - 003 - ACEROS Y REFUERZOS METALICO,1.0,0,1.0,True,False,,
2221,"TUBERIA ESTRUCTURAL REDONDA 20"" 1,5MM 6M",MATERIAL - M,UNIDAD - UND,003 - 003 - ACEROS Y REFUERZOS METALICO,1.0,0,1.0,True,False,,
2222,"TUBERIA ESTRUCTURAL REDONDA 20"" 10,3MM 6M",MATERIAL - M,UNIDAD - UND,003 - 003 - ACEROS Y REFUERZOS METALICO,1.0,0,1.0,True,False,,
2223,"TUBERIA ESTRUCTURAL REDONDA 20"" 11MM 6M",MATERIAL - M,UNIDAD - UND,003 - 003 - ACEROS Y REFUERZOS METALICO,1.0,0,1.0,True,False,,
2224,"TUBERIA ESTRUCTURAL REDONDA 20"" 2,5MM 6M",MATERIAL - M,UNIDAD - UND,003 - 003 - ACEROS Y REFUERZOS METALICO,1.0,0,1.0,True,False,,
2225,"TUBERIA ESTRUCTURAL REDONDA 20"" 2MM 6M",MATERIAL - M,UNIDAD - UND,003 - 003 - ACEROS Y REFUERZOS METALICO,1.0,0,1.0,True,False,,
2226,"TUBERIA ESTRUCTURAL REDONDA 20"" 3MM 6M",MATERIAL - M,UNIDAD - UND,003 - 003 - ACEROS Y REFUERZOS METALICO,1.0,0,1.0,True,False,,
2227,"TUBERIA ESTRUCTURAL REDONDA 20"" 4,5MM 6M",MATERIAL - M,UNIDAD - UND,003 - 003 - ACEROS Y REFUERZOS METALICO,1.0,0,1.0,True,False,,
2228,"TUBERIA ESTRUCTURAL REDONDA 20"" 4MM 6M",MATERIAL - M,UNIDAD - UND,003 - 003 - ACEROS Y REFUERZOS METALICO,1.0,0,1.0,True,False,,
2229,"TUBERIA ESTRUCTURAL REDONDA 20"" 5MM 6M",MATERIAL - M,UNIDAD - UND,003 - 003 - ACEROS Y REFUERZOS METALICO,1.0,0,1.0,True,False,,
2230,"TUBERIA ESTRUCTURAL REDONDA 20"" 6MM 6M",MATERIAL - M,UNIDAD - UND,003 - 003 - ACEROS Y REFUERZOS METALICO,1.0,0,1.0,True,False,,
2231,"TUBERIA ESTRUCTURAL REDONDA 20"" 7,11MM 6M",MATERIAL - M,UNIDAD - UND,003 - 003 - ACEROS Y REFUERZOS METALICO,1.0,0,1.0,True,False,,
2232,"TUBERIA ESTRUCTURAL REDONDA 20"" 7MM 6M",MATERIAL - M,UNIDAD - UND,003 - 003 - ACEROS Y REFUERZOS METALICO,1.0,0,1.0,True,False,,
2233,"TUBERIA ESTRUCTURAL REDONDA 20"" 8MM 6M",MATERIAL - M,UNIDAD - UND,003 - 003 - ACEROS Y REFUERZOS METALICO,1.0,19,1.19,True,False,MARIA PAULA BALLEN MANOSALVA,2025-07-29
2234,"TUBERIA ESTRUCTURAL REDONDA 20"" 9MM 6M",MATERIAL - M,UNIDAD - UND,003 - 003 - ACEROS Y REFUERZOS METALICO,1.0,19,1.19,True,False,MARIA PAULA BALLEN MANOSALVA,2025-07-29
2235,"TUBERIA ESTRUCTURAL REDONDA 24"" 1,5MM 6M",MATERIAL - M,UNIDAD - UND,003 - 003 - ACEROS Y REFUERZOS METALICO,1.0,19,1.19,True,False,MARIA PAULA BALLEN MANOSALVA,2025-07-29
2236,"TUBERIA ESTRUCTURAL REDONDA 24"" 10,3MM 6M",MATERIAL - M,UNIDAD - UND,003 - 003 - ACEROS Y REFUERZOS METALICO,1.0,19,1.19,True,False,MARIA PAULA BALLEN MANOSALVA,2025-07-29
2237,"TUBERIA ESTRUCTURAL REDONDA 24"" 11MM 6M",MATERIAL - M,UNIDAD - UND,003 - 003 - ACEROS Y REFUERZOS METALICO,1.0,19,1.19,True,False,MARIA PAULA BALLEN MANOSALVA,2025-07-29
2238,"TUBERIA ESTRUCTURAL REDONDA 24"" 2,5MM 6M",MATERIAL - M,UNIDAD - UND,003 - 003 - ACEROS Y REFUERZOS METALICO,1.0,19,1.19,True,False,MARIA PAULA BALLEN MANOSALVA,2025-07-29
2239,"TUBERIA ESTRUCTURAL REDONDA 24"" 2MM 6M",MATERIAL - M,UNIDAD - UND,003 - 003 - ACEROS Y REFUERZOS METALICO,1.0,19,1.19,True,False,MARIA PAULA BALLEN MANOSALVA,2025-07-29
2240,"TUBERIA ESTRUCTURAL REDONDA 24"" 3MM 6M",MATERIAL - M,UNIDAD - UND,003 - 003 - ACEROS Y REFUERZOS METALICO,1.0,19,1.19,True,False,MARIA PAULA BALLEN MANOSALVA,2025-07-29
2241,"TUBERIA ESTRUCTURAL REDONDA 24"" 4,5MM 6M",MATERIAL - M,UNIDAD - UND,003 - 003 - ACEROS Y REFUERZOS METALICO,1.0,19,1.19,True,False,MARIA PAULA BALLEN MANOSALVA,2025-07-29
2242,"TUBERIA ESTRUCTURAL REDONDA 24"" 4MM 6M",MATERIAL - M,UNIDAD - UND,003 - 003 - ACEROS Y REFUERZOS METALICO,1.0,19,1.19,True,False,MARIA PAULA BALLEN MANOSALVA,2025-07-29
2243,"TUBERIA ESTRUCTURAL REDONDA 24"" 5MM 6M",MATERIAL - M,UNIDAD - UND,003 - 003 - ACEROS Y REFUERZOS METALICO,1.0,19,1.19,True,False,MARIA PAULA BALLEN MANOSALVA,2025-07-29
2244,"TUBERIA ESTRUCTURAL REDONDA 24"" 6MM 6M",MATERIAL - M,UNIDAD - UND,003 - 003 - ACEROS Y REFUERZOS METALICO,1.0,19,1.19,True,False,MARIA PAULA BALLEN MANOSALVA,2025-07-29
2245,"TUBERIA ESTRUCTURAL REDONDA 24"" 7,11MM 6M",MATERIAL - M,UNIDAD - UND,003 - 003 - ACEROS Y REFUERZOS METALICO,1.0,19,1.19,True,False,MARIA PAULA BALLEN MANOSALVA,2025-07-29
2246,"TUBERIA ESTRUCTURAL REDONDA 24"" 7MM 6M",MATERIAL - M,UNIDAD - UND,003 - 003 - ACEROS Y REFUERZOS METALICO,1.0,19,1.19,True,False,MARIA PAULA BALLEN MANOSALVA,2025-07-29
2247,"TUBERIA ESTRUCTURAL REDONDA 24"" 8MM 6M",MATERIAL - M,UNIDAD - UND,003 - 003 - ACEROS Y REFUERZOS METALICO,1.0,19,1.19,True,False,MARIA PAULA BALLEN MANOSALVA,2025-07-29
2248,"TUBERIA ESTRUCTURAL REDONDA 24"" 9MM 6M",MATERIAL - M,UNIDAD - UND,003 - 003 - ACEROS Y REFUERZOS METALICO,1.0,19,1.19,True,False,MARIA PAULA BALLEN MANOSALVA,2025-07-29
2249,"TUBERIA ESTRUCTURAL REDONDA 3"" 1,5MM 6M",MATERIAL - M,UNIDAD - UND,003 - 003 - ACEROS Y REFUERZOS METALICO,1.0,19,1.19,True,False,MARIA PAULA BALLEN MANOSALVA,2025-07-29
2250,"TUBERIA ESTRUCTURAL REDONDA 3"" 10,3MM 6M",MATERIAL - M,UNIDAD - UND,003 - 003 - ACEROS Y REFUERZOS METALICO,1.0,19,1.19,True,False,MARIA PAULA BALLEN MANOSALVA,2025-07-29
2251,"TUBERIA ESTRUCTURAL REDONDA 3"" 11MM 6M",MATERIAL - M,UNIDAD - UND,003 - 003 - ACEROS Y REFUERZOS METALICO,1.0,19,1.19,True,False,MARIA PAULA BALLEN MANOSALVA,2025-07-29
2252,"TUBERIA ESTRUCTURAL REDONDA 3"" 2,5MM 6M",MATERIAL - M,UNIDAD - UND,003 - 003 - ACEROS Y REFUERZOS METALICO,1.0,0,1.0,True,False,,
2253,"TUBERIA ESTRUCTURAL REDONDA 3"" 2MM 6M",MATERIAL - M,UNIDAD - UND,003 - 003 - ACEROS Y REFUERZOS METALICO,1.0,0,1.0,True,False,,
2254,"TUBERIA ESTRUCTURAL REDONDA 3"" 3MM 6M",MATERIAL - M,UNIDAD - UND,003 - 003 - ACEROS Y REFUERZOS METALICO,1.0,0,1.0,True,False,,
2255,"TUBERIA ESTRUCTURAL REDONDA 3"" 4,5MM 6M",MATERIAL - M,UNIDAD - UND,003 - 003 - ACEROS Y REFUERZOS METALICO,1.0,0,1.0,True,False,,
2256,"TUBERIA ESTRUCTURAL REDONDA 3"" 4MM 6M",MATERIAL - M,UNIDAD - UND,003 - 003 - ACEROS Y REFUERZOS METALICO,1.0,0,1.0,True,False,,
2257,"TUBERIA ESTRUCTURAL REDONDA 3"" 5MM 6M",MATERIAL - M,UNIDAD - UND,003 - 003 - ACEROS Y REFUERZOS METALICO,1.0,0,1.0,True,False,,
2258,"TUBERIA ESTRUCTURAL REDONDA 3"" 6MM 6M",MATERIAL - M,UNIDAD - UND,003 - 003 - ACEROS Y REFUERZOS METALICO,1.0,0,1.0,True,False,,
2259,"TUBERIA ESTRUCTURAL REDONDA 3"" 7,11MM 6M",MATERIAL - M,UNIDAD - UND,003 - 003 - ACEROS Y REFUERZOS METALICO,1.0,0,1.0,True,False,,
2260,"TUBERIA ESTRUCTURAL REDONDA 3"" 7MM 6M",MATERIAL - M,UNIDAD - UND,003 - 003 - ACEROS Y REFUERZOS METALICO,1.0,0,1.0,True,False,,
2261,"TUBERIA ESTRUCTURAL REDONDA 3"" 8MM 6M",MATERIAL - M,UNIDAD - UND,003 - 003 - ACEROS Y REFUERZOS METALICO,1.0,0,1.0,True,False,,
2262,"TUBERIA ESTRUCTURAL REDONDA 3"" 9MM 6M",MATERIAL - M,UNIDAD - UND,003 - 003 - ACEROS Y REFUERZOS METALICO,1.0,0,1.0,True,False,,
2263,"TUBERIA ESTRUCTURAL REDONDA 3/4"" 1,5MM 6M",MATERIAL - M,UNIDAD - UND,003 - 003 - ACEROS Y REFUERZOS METALICO,1.0,0,1.0,True,False,,
2264,"TUBERIA ESTRUCTURAL REDONDA 3/4"" 10,3MM 6M",MATERIAL - M,UNIDAD - UND,003 - 003 - ACEROS Y REFUERZOS METALICO,1.0,0,1.0,True,False,,
2265,"TUBERIA ESTRUCTURAL REDONDA 3/4"" 11MM 6M",MATERIAL - M,UNIDAD - UND,003 - 003 - ACEROS Y REFUERZOS METALICO,1.0,0,1.0,True,False,,
2266,"TUBERIA ESTRUCTURAL REDONDA 3/4"" 2,5MM 6M",MATERIAL - M,UNIDAD - UND,003 - 003 - ACEROS Y REFUERZOS METALICO,1.0,0,1.0,True,False,,
2267,"TUBERIA ESTRUCTURAL REDONDA 3/4"" 2MM 6M",MATERIAL - M,UNIDAD - UND,003 - 003 - ACEROS Y REFUERZOS METALICO,1.0,0,1.0,True,False,,
2268,"TUBERIA ESTRUCTURAL REDONDA 3/4"" 3MM 6M",MATERIAL - M,UNIDAD - UND,003 - 003 - ACEROS Y REFUERZOS METALICO,1.0,0,1.0,True,False,,
2269,"TUBERIA ESTRUCTURAL REDONDA 3/4"" 4,5MM 6M",MATERIAL - M,UNIDAD - UND,003 - 003 - ACEROS Y REFUERZOS METALICO,1.0,0,1.0,True,False,,
2270,"TUBERIA ESTRUCTURAL REDONDA 3/4"" 4MM 6M",MATERIAL - M,UNIDAD - UND,003 - 003 - ACEROS Y REFUERZOS METALICO,1.0,0,1.0,True,False,,
2271,"TUBERIA ESTRUCTURAL REDONDA 3/4"" 5MM 6M",MATERIAL - M,UNIDAD - UND,003 - 003 - ACEROS Y REFUERZOS METALICO,1.0,0,1.0,True,False,,
2272,"TUBERIA ESTRUCTURAL REDONDA 3/4"" 6MM 6M",MATERIAL - M,UNIDAD - UND,003 - 003 - ACEROS Y REFUERZOS METALICO,1.0,0,1.0,True,False,,
2273,"TUBERIA ESTRUCTURAL REDONDA 3/4"" 7,11MM 6M",MATERIAL - M,UNIDAD - UND,003 - 003 - ACEROS Y REFUERZOS METALICO,1.0,0,1.0,True,False,,
2274,"TUBERIA ESTRUCTURAL REDONDA 3/4"" 7MM 6M",MATERIAL - M,UNIDAD - UND,003 - 003 - ACEROS Y REFUERZOS METALICO,1.0,0,1.0,True,False,,
2275,"TUBERIA ESTRUCTURAL REDONDA 3/4"" 8MM 6M",MATERIAL - M,UNIDAD - UND,003 - 003 - ACEROS Y REFUERZOS METALICO,1.0,0,1.0,True,False,,
2276,"TUBERIA ESTRUCTURAL REDONDA 3/4"" 9MM 6M",MATERIAL - M,UNIDAD - UND,003 - 003 - ACEROS Y REFUERZOS METALICO,1.0,0,1.0,True,False,,
2277,"TUBERIA ESTRUCTURAL REDONDA 4"" 1,5MM 6M",MATERIAL - M,UNIDAD - UND,003 - 003 - ACEROS Y REFUERZOS METALICO,1.0,0,1.0,True,False,,
2278,"TUBERIA ESTRUCTURAL REDONDA 4"" 10,3MM 6M",MATERIAL - M,UNIDAD - UND,003 - 003 - ACEROS Y REFUERZOS METALICO,1.0,0,1.0,True,False,,
2279,"TUBERIA ESTRUCTURAL REDONDA 4"" 11MM 6M",MATERIAL - M,UNIDAD - UND,003 - 003 - ACEROS Y REFUERZOS METALICO,1.0,0,1.0,True,False,,
2280,"TUBERIA ESTRUCTURAL REDONDA 4"" 2,5MM 6M",MATERIAL - M,UNIDAD - UND,003 - 003 - ACEROS Y REFUERZOS METALICO,1.0,0,1.0,True,False,,
2281,"TUBERIA ESTRUCTURAL REDONDA 4"" 2MM 6M",MATERIAL - M,UNIDAD - UND,003 - 003 - ACEROS Y REFUERZOS METALICO,1.0,0,1.0,True,False,,
2282,"TUBERIA ESTRUCTURAL REDONDA 4"" 3MM 6M",MATERIAL - M,UNIDAD - UND,003 - 003 - ACEROS Y REFUERZOS METALICO,1.0,0,1.0,True,False,,
2283,"TUBERIA ESTRUCTURAL REDONDA 4"" 4,5MM 6M",MATERIAL - M,UNIDAD - UND,003 - 003 - ACEROS Y REFUERZOS METALICO,1.0,0,1.0,True,False,,
2284,"TUBERIA ESTRUCTURAL REDONDA 4"" 4MM 6M",MATERIAL - M,UNIDAD - UND,003 - 003 - ACEROS Y REFUERZOS METALICO,1.0,0,1.0,True,False,,
2285,"TUBERIA ESTRUCTURAL REDONDA 4"" 5MM 6M",MATERIAL - M,UNIDAD - UND,003 - 003 - ACEROS Y REFUERZOS METALICO,1.0,0,1.0,True,False,,
2286,"TUBERIA ESTRUCTURAL REDONDA 4"" 6MM 6M",MATERIAL - M,UNIDAD - UND,003 - 003 - ACEROS Y REFUERZOS METALICO,1.0,0,1.0,True,False,,
2287,"TUBERIA ESTRUCTURAL REDONDA 4"" 7,11MM 6M",MATERIAL - M,UNIDAD - UND,003 - 003 - ACEROS Y REFUERZOS METALICO,1.0,0,1.0,True,False,,
2288,"TUBERIA ESTRUCTURAL REDONDA 4"" 7MM 6M",MATERIAL - M,UNIDAD - UND,003 - 003 - ACEROS Y REFUERZOS METALICO,1.0,0,1.0,True,False,,
2289,"TUBERIA ESTRUCTURAL REDONDA 4"" 8MM 6M",MATERIAL - M,UNIDAD - UND,003 - 003 - ACEROS Y REFUERZOS METALICO,1.0,0,1.0,True,False,,
2290,"TUBERIA ESTRUCTURAL REDONDA 4"" 9MM 6M",MATERIAL - M,UNIDAD - UND,003 - 003 - ACEROS Y REFUERZOS METALICO,1.0,0,1.0,True,False,,
2291,"TUBERIA ESTRUCTURAL REDONDA 6"" 1,5MM 6M",MATERIAL - M,UNIDAD - UND,003 - 003 - ACEROS Y REFUERZOS METALICO,1.0,0,1.0,True,False,,
2292,"TUBERIA ESTRUCTURAL REDONDA 6"" 10,3MM 6M",MATERIAL - M,UNIDAD - UND,003 - 003 - ACEROS Y REFUERZOS METALICO,1.0,0,1.0,True,False,,
2293,"TUBERIA ESTRUCTURAL REDONDA 6"" 11MM 6M",MATERIAL - M,UNIDAD - UND,003 - 003 - ACEROS Y REFUERZOS METALICO,1.0,0,1.0,True,False,,
2294,"TUBERIA ESTRUCTURAL REDONDA 6"" 2,5MM 6M",MATERIAL - M,UNIDAD - UND,003 - 003 - ACEROS Y REFUERZOS METALICO,1.0,0,1.0,True,False,,
2295,"TUBERIA ESTRUCTURAL REDONDA 6"" 2MM 6M",MATERIAL - M,UNIDAD - UND,003 - 003 - ACEROS Y REFUERZOS METALICO,1.0,0,1.0,True,False,,
2296,"TUBERIA ESTRUCTURAL REDONDA 6"" 3MM 6M",MATERIAL - M,UNIDAD - UND,003 - 003 - ACEROS Y REFUERZOS METALICO,1.0,0,1.0,True,False,,
2297,"TUBERIA ESTRUCTURAL REDONDA 6"" 4,5MM 6M",MATERIAL - M,UNIDAD - UND,003 - 003 - ACEROS Y REFUERZOS METALICO,1.0,0,1.0,True,False,,
2298,"TUBERIA ESTRUCTURAL REDONDA 6"" 4MM 6M",MATERIAL - M,UNIDAD - UND,003 - 003 - ACEROS Y REFUERZOS METALICO,1.0,0,1.0,True,False,,
2299,"TUBERIA ESTRUCTURAL REDONDA 6"" 5MM 6M",MATERIAL - M,UNIDAD - UND,003 - 003 - ACEROS Y REFUERZOS METALICO,1.0,0,1.0,True,False,,
2300,"TUBERIA ESTRUCTURAL REDONDA 6"" 6MM 6M",MATERIAL - M,UNIDAD - UND,003 - 003 - ACEROS Y REFUERZOS METALICO,1.0,0,1.0,True,False,,
2301,"TUBERIA ESTRUCTURAL REDONDA 6"" 7,11MM 6M",MATERIAL - M,UNIDAD - UND,003 - 003 - ACEROS Y REFUERZOS METALICO,1.0,0,1.0,True,False,,
2302,"TUBERIA ESTRUCTURAL REDONDA 6"" 7MM 6M",MATERIAL - M,UNIDAD - UND,003 - 003 - ACEROS Y REFUERZOS METALICO,1.0,0,1.0,True,False,,
2303,"TUBERIA ESTRUCTURAL REDONDA 6"" 8MM 6M",MATERIAL - M,UNIDAD - UND,003 - 003 - ACEROS Y REFUERZOS METALICO,1.0,0,1.0,True,False,,
2304,"TUBERIA ESTRUCTURAL REDONDA 6"" 9MM 6M",MATERIAL - M,UNIDAD - UND,003 - 003 - ACEROS Y REFUERZOS METALICO,1.0,0,1.0,True,False,,
2305,"TUBERIA ESTRUCTURAL REDONDA 8"" 1,5MM 6M",MATERIAL - M,UNIDAD - UND,003 - 003 - ACEROS Y REFUERZOS METALICO,1.0,0,1.0,True,False,,
2306,"TUBERIA ESTRUCTURAL REDONDA 8"" 10,3MM 6M",MATERIAL - M,UNIDAD - UND,003 - 003 - ACEROS Y REFUERZOS METALICO,1.0,0,1.0,True,False,,
2307,"TUBERIA ESTRUCTURAL REDONDA 8"" 11MM 6M",MATERIAL - M,UNIDAD - UND,003 - 003 - ACEROS Y REFUERZOS METALICO,1.0,0,1.0,True,False,,
2308,"TUBERIA ESTRUCTURAL REDONDA 8"" 2,5MM 6M",MATERIAL - M,UNIDAD - UND,003 - 003 - ACEROS Y REFUERZOS METALICO,1.0,0,1.0,True,False,,
2309,"TUBERIA ESTRUCTURAL REDONDA 8"" 2MM 6M",MATERIAL - M,UNIDAD - UND,003 - 003 - ACEROS Y REFUERZOS METALICO,1.0,0,1.0,True,False,,
2310,"TUBERIA ESTRUCTURAL REDONDA 8"" 3MM 6M",MATERIAL - M,UNIDAD - UND,003 - 003 - ACEROS Y REFUERZOS METALICO,1.0,0,1.0,True,False,,
2311,"TUBERIA ESTRUCTURAL REDONDA 8"" 4,5MM 6M",MATERIAL - M,UNIDAD - UND,003 - 003 - ACEROS Y REFUERZOS METALICO,1.0,0,1.0,True,False,,
2312,"TUBERIA ESTRUCTURAL REDONDA 8"" 4MM 6M",MATERIAL - M,UNIDAD - UND,003 - 003 - ACEROS Y REFUERZOS METALICO,1.0,0,1.0,True,False,,
2313,"TUBERIA ESTRUCTURAL REDONDA 8"" 5MM 6M",MATERIAL - M,UNIDAD - UND,003 - 003 - ACEROS Y REFUERZOS METALICO,1.0,0,1.0,True,False,,
2314,"TUBERIA ESTRUCTURAL REDONDA 8"" 6MM 6M",MATERIAL - M,UNIDAD - UND,003 - 003 - ACEROS Y REFUERZOS METALICO,1.0,0,1.0,True,False,,
2315,"TUBERIA ESTRUCTURAL REDONDA 8"" 7,11MM 6M",MATERIAL - M,UNIDAD - UND,003 - 003 - ACEROS Y REFUERZOS METALICO,1.0,0,1.0,True,False,,
2316,"TUBERIA ESTRUCTURAL REDONDA 8"" 7MM 6M",MATERIAL - M,UNIDAD - UND,003 - 003 - ACEROS Y REFUERZOS METALICO,1.0,0,1.0,True,False,,
2317,"TUBERIA ESTRUCTURAL REDONDA 8"" 8MM 6M",MATERIAL - M,UNIDAD - UND,003 - 003 - ACEROS Y REFUERZOS METALICO,1.0,0,1.0,True,False,,
2318,"TUBERIA ESTRUCTURAL REDONDA 8"" 9MM 6M",MATERIAL - M,UNIDAD - UND,003 - 003 - ACEROS Y REFUERZOS METALICO,1.0,0,1.0,True,False,,
2319,TUBERIA GALVANIZADA 2 PULG. NORMA CAL. 40 NORMA ASTM-A53,MATERIAL - M,METRO LINEAL - ML,"014 - 014 - INSTALACIONES ELECTRICAS, VOZ Y DATOS",1.0,19,1.19,True,False,DIEGO ANDRES RODRIGUEZ RODRIGUEZ,2025-09-22
2320,"TUBERIA IMC 3/4""",MATERIAL - M,METRO LINEAL - ML,"014 - 014 - INSTALACIONES ELECTRICAS, VOZ Y DATOS",1.0,19,1.19,True,False,DIEGO ANDRES RODRIGUEZ RODRIGUEZ,2025-09-22
2321,"TUBERIA PVC NOVAFORT DE 4"" X 6M",MATERIAL - M,METRO LINEAL - ML,012 - 012 - INSTALACIONES HIDRAULICAS,1.0,0,1.0,True,False,,
2322,"TUBERIA PVC NOVAFORT DE 6"" X 6M",MATERIAL - M,METRO LINEAL - ML,012 - 012 - INSTALACIONES HIDRAULICAS,1.0,0,1.0,True,False,,
2323,TUBERIA PVC RDE 13.5-315 PSI 1/2 PULG.,MATERIAL - M,METRO LINEAL - ML,012 - 012 - INSTALACIONES HIDRAULICAS,1800.91,0,1800.91,True,False,,
2325,TUBERIA PVC RDE 21-200 PSI 3/4 PULG. EXT. LISO,MATERIAL - M,METRO LINEAL - ML,012 - 012 - INSTALACIONES HIDRAULICAS,1.0,0,1.0,True,False,,
2326,"TUBERIA PVC SANITARIA 1 1/2 "" DE 6 ML",MATERIAL - M,UNIDAD - UND,013 - 013 - INSTALACIONES HIDROSANITARIAS,21460.16,0,21460.16,True,False,NOLYS ALEYDA ACOSTA MORALES,2025-05-29
2327,"TUBERIA PVC SANITARIA 2"" DE 6 ML",MATERIAL - M,UNIDAD - UND,013 - 013 - INSTALACIONES HIDROSANITARIAS,23056.8,0,23056.8,True,False,NOLYS ALEYDA ACOSTA MORALES,2025-05-29
2328,"TUBERIA PVC SANITARIA 3"" DE 6 ML",MATERIAL - M,METRO LINEAL - ML,013 - 013 - INSTALACIONES HIDROSANITARIAS,1.0,0,1.0,True,False,,
2329,"TUBERIA PVC SANITARIA 4"" DE 6 ML",MATERIAL - M,UNIDAD - UND,013 - 013 - INSTALACIONES HIDROSANITARIAS,42708.43,0,42708.43,True,False,MARIA PAULA BALLEN MANOSALVA,2025-08-01
2330,"TUBERIA PVC SANITARIA DE 2"" X 6M",MATERIAL - M,UNIDAD - UND,013 - 013 - INSTALACIONES HIDROSANITARIAS,25581.97,0,25581.97,True,False,DIEGO ANDRES RODRIGUEZ RODRIGUEZ,2025-10-31
2331,"TUBERIA PVC SANITARIA DE 3"" X 6M",MATERIAL - M,UNIDAD - UND,013 - 013 - INSTALACIONES HIDROSANITARIAS,45233.47,0,45233.47,True,False,DIEGO ANDRES RODRIGUEZ RODRIGUEZ,2025-10-31
2332,"TUBERIA PVC SANITARIA DE 4"" X 6M",MATERIAL - M,UNIDAD - UND,013 - 013 - INSTALACIONES HIDROSANITARIAS,54465.0,0,54465.0,True,False,DIEGO ANDRES RODRIGUEZ RODRIGUEZ,2025-10-31
2333,"TUBERIA PVC SANITARIA DE 6"" X 6M",MATERIAL - M,UNIDAD - UND,013 - 013 - INSTALACIONES HIDROSANITARIAS,108572.98,0,108572.98,True,False,DIEGO ANDRES RODRIGUEZ RODRIGUEZ,2025-10-31
2335,"TUBERIA PVC-PRESION RDE-13.5 DE 1/2"" X 6M",MATERIAL - M,UNIDAD - UND,012 - 012 - INSTALACIONES HIDRAULICAS,10771.09,0,10771.09,True,False,NOLYS ALEYDA ACOSTA MORALES,2025-07-01
2336,"TUBERIA PVC-PRESION RDE-21 DE 1"" X 6M",MATERIAL - M,METRO LINEAL - ML,012 - 012 - INSTALACIONES HIDRAULICAS,1.0,0,1.0,True,False,,
2337,"TUBERIA PVC-PRESION RDE-21 DE 1""-1/2 X 6M",MATERIAL - M,METRO LINEAL - ML,012 - 012 - INSTALACIONES HIDRAULICAS,1.0,0,1.0,True,False,,
2338,"TUBERIA PVC-PRESION RDE-21 DE 1""-1/4 X 6M",MATERIAL - M,METRO LINEAL - ML,012 - 012 - INSTALACIONES HIDRAULICAS,1.0,0,1.0,True,False,,
2339,"TUBERIA PVC-PRESION RDE-21 DE 2"" X 6M",MATERIAL - M,METRO LINEAL - ML,012 - 012 - INSTALACIONES HIDRAULICAS,1.0,0,1.0,True,False,,
2341,"TUBERIA PVC-PRESION RDE-21 DE 3/4"" X 6M",MATERIAL - M,METRO LINEAL - ML,012 - 012 - INSTALACIONES HIDRAULICAS,1.0,0,1.0,True,False,,
2342,"TUBERIA PVC-PRESION RDE-21 DE 4"" X 6M",MATERIAL - M,METRO LINEAL - ML,012 - 012 - INSTALACIONES HIDRAULICAS,59999.99,0,59999.99,True,False,,
2343,"TUBERIA SIN COSTURA ACERO CARBON A 106 GR B DE 1""-1/2 SCH 40",MATERIAL - M,METRO LINEAL - ML,016 - 016 - REDES CONTRA INCENDIO,1.0,0,1.0,True,False,,
2344,"TUBERIA SIN COSTURA ACERO CARBON A 106 GR B DE 2""-1/2 SCH 40",MATERIAL - M,METRO LINEAL - ML,016 - 016 - REDES CONTRA INCENDIO,1.0,0,1.0,True,False,,
2345,"TUBERIA SIN COSTURA ACERO CARBON A 106 GR B DE 3"" SCH 40",MATERIAL - M,METRO LINEAL - ML,016 - 016 - REDES CONTRA INCENDIO,1.0,0,1.0,True,False,,
2346,"TUBERIA SIN COSTURA ACERO CARBON A 106 GR B DE 4"" SCH 40",MATERIAL - M,METRO LINEAL - ML,016 - 016 - REDES CONTRA INCENDIO,1.0,0,1.0,True,False,,
2347,"TUBERIA SIN COSTURA ACERO CARBON A 106 GR B DE 6"" SCH 40",MATERIAL - M,METRO LINEAL - ML,016 - 016 - REDES CONTRA INCENDIO,1.0,0,1.0,True,False,,
2348,"TUBO 4"" PE 100 110 MM RDE-11 CLASE 200 FM",MATERIAL - M,METRO LINEAL - ML,016 - 016 - REDES CONTRA INCENDIO,1.0,0,1.0,True,False,,
2349,TUBO AJUSTABLE,MATERIAL - M,UNIDAD - UND,020 - 020 - FERRETERIA MENOR,1.0,19,1.19,True,False,DIEGO ANDRES RODRIGUEZ RODRIGUEZ,2025-09-16
2350,"TUBO ALCANTARILLADO S4 315MM 12X6M NOVAFORT 12""",MATERIAL - M,METRO LINEAL - ML,012 - 012 - INSTALACIONES HIDRAULICAS,1.0,0,1.0,True,False,,
2351,TUBO CONCRETO REFORZADO 900 MM (CLASE II),MATERIAL - M,UNIDAD - UND,021 - 021 - PAVIMENTOS,1.0,0,1.0,True,False,,
2352,"TUBO CONDUIT PVC 3/4"" X 3MTS",MATERIAL - M,UNIDAD - UND,"014 - 014 - INSTALACIONES ELECTRICAS, VOZ Y DATOS",4680.26,19,5569.51,True,False,DIEGO ANDRES RODRIGUEZ RODRIGUEZ,2025-09-22
2353,TUBO CPVC 1/2X3M,MATERIAL - M,METRO - M,012 - 012 - INSTALACIONES HIDRAULICAS,1.0,0,1.0,True,False,,
2354,"TUBO EMT DE 1/2"" X 1.5 MTS",MATERIAL - M,UNIDAD - UND,015 - 015 - REDES ELECTRICAS,10700.21,19,12733.25,True,False,DIEGO ANDRES RODRIGUEZ RODRIGUEZ,2025-09-22
2355,"TUBO EMT DE 1/2"" X 3 MTS",MATERIAL - M,UNIDAD - UND,015 - 015 - REDES ELECTRICAS,12371.71,19,14722.33,True,False,DIEGO ANDRES RODRIGUEZ RODRIGUEZ,2025-09-22
2356,"TUBO GALVANIZADO DE 1/2"" X 3 MTS",MATERIAL - M,UNIDAD - UND,015 - 015 - REDES ELECTRICAS,1.0,19,1.19,True,False,DIEGO ANDRES RODRIGUEZ RODRIGUEZ,2025-09-22
2357,"TUBO GALVANIZADO DE 3/4"" X 3 MTS",MATERIAL - M,UNIDAD - UND,015 - 015 - REDES ELECTRICAS,1.0,19,1.19,True,False,DIEGO ANDRES RODRIGUEZ RODRIGUEZ,2025-09-22
2358,TUBO METALICO IMC CONDUIT GALVANIZADO DE 2 PULGADAS X 3 MTS CON UNION,MATERIAL - M,UNIDAD - UND,015 - 015 - REDES ELECTRICAS,105729.12,19,125817.65,True,False,DIEGO ANDRES RODRIGUEZ RODRIGUEZ,2025-09-22
2359,"TUBO PRESION PVC 1 1/4"".",MATERIAL - M,UNIDAD - UND,012 - 012 - INSTALACIONES HIDRAULICAS,28502.14,0,28502.14,True,False,MARIA PAULA BALLEN MANOSALVA,2026-05-19
2360,"TUBO PVC 3""",MATERIAL - M,METRO - M,004 - 004 - CUBIERTA Y CANALES,1.0,19,1.19,True,False,MARIA PAULA BALLEN MANOSALVA,2025-07-29
2361,"TUBO PVC 3"" X 3M CONDUIT",MATERIAL - M,METRO LINEAL - ML,"014 - 014 - INSTALACIONES ELECTRICAS, VOZ Y DATOS",1.0,19,1.19,True,False,DIEGO ANDRES RODRIGUEZ RODRIGUEZ,2025-09-22
2362,"TUBO PVC 4""",MATERIAL - M,METRO - M,004 - 004 - CUBIERTA Y CANALES,9991.54,19,11889.93,True,False,MARIA PAULA BALLEN MANOSALVA,2025-07-29
2363,TUBO RECTANGULAR 120 X 60 X 2.0MM,MATERIAL - M,METRO - M,003 - 003 - ACEROS Y REFUERZOS METALICO,1.0,0,1.0,True,False,,
2364,TUBO RECTANGULAR 80 X 40 X 2.0MM X 6M ESTRUCTURAL HR50,MATERIAL - M,UNIDAD - UND,003 - 003 - ACEROS Y REFUERZOS METALICO,73876.0,0,73876.0,True,False,DIEGO ANDRES RODRIGUEZ RODRIGUEZ,2025-06-14
2365,"TUBO RECTANGULAR DE 3 X 1 1/2"" - CAL.20 - X 6 MTS",MATERIAL - M,METRO - M,003 - 003 - ACEROS Y REFUERZOS METALICO,1.0,0,1.0,True,False,,
2366,TUBO SALIDA UNIVERSAL CLARABOYA,MATERIAL - M,UNIDAD - UND,004 - 004 - CUBIERTA Y CANALES,1.0,19,1.19,True,False,MARIA PAULA BALLEN MANOSALVA,2025-07-29
2367,"TUBO SANITARIO 1 1/2 "" X 6 ML",MATERIAL - M,METRO - M,013 - 013 - INSTALACIONES HIDROSANITARIAS,20000.0,0,20000.0,True,False,NOLYS ALEYDA ACOSTA MORALES,2025-08-01
2368,"TUERCA DE OJO ALARGADO DE 5/8""",MATERIAL - M,UNIDAD - UND,015 - 015 - REDES ELECTRICAS,12732.4,19,15151.56,True,False,DIEGO ANDRES RODRIGUEZ RODRIGUEZ,2025-09-22
2369,"UNIDADES ACONDICIONADORAS DE AIRE TIPO PARED MARCA GREE CAPACIDAD DE 24.000 BTU/H, INCLUYE TODOS LOS ACCESORIOS QUE SE INDICAN EN LOS PLANOS DE DETALLE DE MONTAJE, COMO VALVULAS DE CORTE, ELIMINADORES DE VIBRACION",EQUIPO - E,UNIDAD - UND,028 - 028 - EQUIPOS TECNOLOGICOS,1.0,0,1.0,True,False,,
2370,"UNIDADES ACONDICIONADORAS DE AIRE TIPO PARED MARCA GREE CAPACIDAD DE 30.000 BTU/H, INCLUYE TODOS LOS ACCESORIOS QUE SE INDICAN EN LOS PLANOS DE DETALLE DE MONTAJE, COMO VALVULAS DE CORTE, ELIMINADORES DE VIBRACION.",EQUIPO - E,UNIDAD - UND,028 - 028 - EQUIPOS TECNOLOGICOS,1.0,0,1.0,True,False,,
2371,"UNION 1"" CONDUIT SCH40",MATERIAL - M,UNIDAD - UND,"014 - 014 - INSTALACIONES ELECTRICAS, VOZ Y DATOS",1.0,19,1.19,True,False,DIEGO ANDRES RODRIGUEZ RODRIGUEZ,2025-09-22
2372,UNION 1.1/2 SANITARIA,MATERIAL - M,UNIDAD - UND,013 - 013 - INSTALACIONES HIDROSANITARIAS,1.0,0,1.0,True,False,,
2373,UNION 1/2 CPVC,MATERIAL - M,UNIDAD - UND,012 - 012 - INSTALACIONES HIDRAULICAS,353.78,0,353.78,True,False,,
2374,UNION 1/2 PULG PRESION PAVCO,MATERIAL - M,UNIDAD - UND,012 - 012 - INSTALACIONES HIDRAULICAS,494.19,0,494.19,True,False,,
2375,"UNION 2"" CONDUIT SCH40",MATERIAL - M,UNIDAD - UND,"014 - 014 - INSTALACIONES ELECTRICAS, VOZ Y DATOS",1.0,19,1.19,True,False,DIEGO ANDRES RODRIGUEZ RODRIGUEZ,2025-09-22
2376,"UNION 3/4"" CONDUIT SCH40",MATERIAL - M,UNIDAD - UND,"014 - 014 - INSTALACIONES ELECTRICAS, VOZ Y DATOS",1.0,19,1.19,True,False,DIEGO ANDRES RODRIGUEZ RODRIGUEZ,2025-09-22
2377,"UNION 4"" CONDUIT SCH40",MATERIAL - M,UNIDAD - UND,"014 - 014 - INSTALACIONES ELECTRICAS, VOZ Y DATOS",1.0,19,1.19,True,False,DIEGO ANDRES RODRIGUEZ RODRIGUEZ,2025-09-22
2378,"UNION 6"" CONDUIT SCH40",MATERIAL - M,UNIDAD - UND,"014 - 014 - INSTALACIONES ELECTRICAS, VOZ Y DATOS",1.0,19,1.19,True,False,DIEGO ANDRES RODRIGUEZ RODRIGUEZ,2025-09-22
2379,UNION BAJANTE CANAL AMAZONAS PAVCO,MATERIAL - M,UNIDAD - UND,004 - 004 - CUBIERTA Y CANALES,1.0,19,1.19,True,False,MARIA PAULA BALLEN MANOSALVA,2025-07-29
2380,UNION BAJANTE PVC,MATERIAL - M,UNIDAD - UND,004 - 004 - CUBIERTA Y CANALES,1.0,19,1.19,True,False,MARIA PAULA BALLEN MANOSALVA,2025-07-29
2381,UNION CANAL AMAZONAS,MATERIAL - M,UNIDAD - UND,004 - 004 - CUBIERTA Y CANALES,17502.52,19,20828.0,True,False,MARIA PAULA BALLEN MANOSALVA,2025-07-29
2382,UNION CANAL BAJANTE AMAZONAS,MATERIAL - M,UNIDAD - UND,004 - 004 - CUBIERTA Y CANALES,1.0,19,1.19,True,False,MARIA PAULA BALLEN MANOSALVA,2025-07-29
2383,UNION CANAL PVC,MATERIAL - M,UNIDAD - UND,004 - 004 - CUBIERTA Y CANALES,1.0,19,1.19,True,False,MARIA PAULA BALLEN MANOSALVA,2025-07-29
2384,"UNION COBRE 1/2""",MATERIAL - M,UNIDAD - UND,012 - 012 - INSTALACIONES HIDRAULICAS,1.0,0,1.0,True,False,,
2385,"UNION COBRE 1-1/4""",MATERIAL - M,UNIDAD - UND,012 - 012 - INSTALACIONES HIDRAULICAS,1.0,0,1.0,True,False,,
2386,"UNION COBRE 3/8""",MATERIAL - M,UNIDAD - UND,012 - 012 - INSTALACIONES HIDRAULICAS,1.0,0,1.0,True,False,,
2387,"UNION COBRE 5/8""",MATERIAL - M,UNIDAD - UND,012 - 012 - INSTALACIONES HIDRAULICAS,1.0,0,1.0,True,False,,
2388,UNION CONDUIT GALVANIZADA IMC 1/2 PULG.,MATERIAL - M,UNIDAD - UND,"014 - 014 - INSTALACIONES ELECTRICAS, VOZ Y DATOS",1368.5,19,1628.52,True,False,DIEGO ANDRES RODRIGUEZ RODRIGUEZ,2025-09-22
2389,"UNION CONDUIT PVC 1""",MATERIAL - M,UNIDAD - UND,"014 - 014 - INSTALACIONES ELECTRICAS, VOZ Y DATOS",1.0,19,1.19,True,False,DIEGO ANDRES RODRIGUEZ RODRIGUEZ,2025-09-22
2390,"UNION CONDUIT PVC 2""",MATERIAL - M,UNIDAD - UND,"014 - 014 - INSTALACIONES ELECTRICAS, VOZ Y DATOS",1.0,19,1.19,True,False,DIEGO ANDRES RODRIGUEZ RODRIGUEZ,2025-09-22
2391,"UNION CONDUIT PVC 3/4""",MATERIAL - M,UNIDAD - UND,"014 - 014 - INSTALACIONES ELECTRICAS, VOZ Y DATOS",1.0,19,1.19,True,False,DIEGO ANDRES RODRIGUEZ RODRIGUEZ,2025-09-22
2392,UNION DE PRESION PVC SENCILLA 1 PULG.DE SOLDAR,MATERIAL - M,UNIDAD - UND,012 - 012 - INSTALACIONES HIDRAULICAS,1.0,0,1.0,True,False,,
2393,"UNION EMT 1""",MATERIAL - M,UNIDAD - UND,"014 - 014 - INSTALACIONES ELECTRICAS, VOZ Y DATOS",1619.99,19,1927.79,True,False,DIEGO ANDRES RODRIGUEZ RODRIGUEZ,2025-09-22
2394,"UNION EMT 2""",MATERIAL - M,UNIDAD - UND,"014 - 014 - INSTALACIONES ELECTRICAS, VOZ Y DATOS",1.0,19,1.19,True,False,DIEGO ANDRES RODRIGUEZ RODRIGUEZ,2025-09-22
2395,"UNION EMT 3/4""",MATERIAL - M,UNIDAD - UND,"014 - 014 - INSTALACIONES ELECTRICAS, VOZ Y DATOS",1214.99,19,1445.84,True,False,DIEGO ANDRES RODRIGUEZ RODRIGUEZ,2025-09-22
2396,"UNION IMC 3/4""",MATERIAL - M,UNIDAD - UND,"014 - 014 - INSTALACIONES ELECTRICAS, VOZ Y DATOS",1.0,19,1.19,True,False,DIEGO ANDRES RODRIGUEZ RODRIGUEZ,2025-09-22
2397,UNION PVC DE PRESION DE 1/2 PULG.DE SOLDAR,MATERIAL - M,UNIDAD - UND,012 - 012 - INSTALACIONES HIDRAULICAS,1.0,0,1.0,True,False,,
2398,UNION PVC DE PRESION DE 3/4 PULG.DE SOLDAR,MATERIAL - M,UNIDAD - UND,012 - 012 - INSTALACIONES HIDRAULICAS,1.0,0,1.0,True,False,,
2399,"UNION PVC PRESION EXTREMO LISO 1""",MATERIAL - M,UNIDAD - UND,012 - 012 - INSTALACIONES HIDRAULICAS,1.0,0,1.0,True,False,,
2400,"UNION PVC PRESION EXTREMO LISO 1-1/2""",MATERIAL - M,UNIDAD - UND,012 - 012 - INSTALACIONES HIDRAULICAS,1.0,0,1.0,True,False,,
2401,"UNION PVC PRESION EXTREMO LISO 2""",MATERIAL - M,UNIDAD - UND,012 - 012 - INSTALACIONES HIDRAULICAS,1.0,0,1.0,True,False,HENRY DE JESUS TABORDA ZAPATA,2026-07-27
2402,"UNION PVC PRESION EXTREMO LISO 3/4""",MATERIAL - M,UNIDAD - UND,012 - 012 - INSTALACIONES HIDRAULICAS,1.0,0,1.0,True,False,,
2403,"UNION PVC SANITARIA DE 1 1/2""",MATERIAL - M,UNIDAD - UND,013 - 013 - INSTALACIONES HIDROSANITARIAS,1933.33,0,1933.33,True,False,,
2404,"UNION PVC SANITARIA DE 2""",MATERIAL - M,UNIDAD - UND,013 - 013 - INSTALACIONES HIDROSANITARIAS,1448.64,0,1448.64,True,False,,
2405,"UNION PVC SANITARIA DE 3""",MATERIAL - M,UNIDAD - UND,013 - 013 - INSTALACIONES HIDROSANITARIAS,2507.85,0,2507.85,True,False,,
2406,"UNION PVC SANITARIA DE 4""",MATERIAL - M,UNIDAD - UND,013 - 013 - INSTALACIONES HIDROSANITARIAS,3453.82,0,3453.82,True,False,,
2407,"UNION RIGIDA RANURADA UL/FM DE 1""-1/2",MATERIAL - M,UNIDAD - UND,012 - 012 - INSTALACIONES HIDRAULICAS,1.0,0,1.0,True,False,,
2408,"UNION RIGIDA RANURADA UL/FM DE 3""",MATERIAL - M,UNIDAD - UND,012 - 012 - INSTALACIONES HIDRAULICAS,1.0,0,1.0,True,False,,
2409,"UNION RIGIDA RANURADA UL/FM DE 4""",MATERIAL - M,UNIDAD - UND,012 - 012 - INSTALACIONES HIDRAULICAS,1.0,0,1.0,True,False,,
2410,"UNION RIGIDA RANURADA UL/FM DE 6""",MATERIAL - M,UNIDAD - UND,012 - 012 - INSTALACIONES HIDRAULICAS,1.0,0,1.0,True,False,,
2411,UNION TEE CIELO RASO PVC,MATERIAL - M,UNIDAD - UND,004 - 004 - CUBIERTA Y CANALES,1.0,19,1.19,True,False,MARIA PAULA BALLEN MANOSALVA,2025-07-29
2412,UNION.ELECT.EMT 1/2 PULG,MATERIAL - M,UNIDAD - UND,"014 - 014 - INSTALACIONES ELECTRICAS, VOZ Y DATOS",1.0,19,1.19,True,False,DIEGO ANDRES RODRIGUEZ RODRIGUEZ,2025-09-22
2413,UNIONES SANIT. 2 PULG PAVCO O SIMILAR,MATERIAL - M,UNIDAD - UND,013 - 013 - INSTALACIONES HIDROSANITARIAS,2500.0,0,2500.0,True,False,,
2414,UNIONES SANIT. 3 PULG PAVCO O SIMILAR,MATERIAL - M,UNIDAD - UND,013 - 013 - INSTALACIONES HIDROSANITARIAS,3250.0,0,3250.0,True,False,,
2415,UNIONES SANIT. 4 PULG PAVCO O SIMILAR,MATERIAL - M,UNIDAD - UND,013 - 013 - INSTALACIONES HIDROSANITARIAS,1.0,0,1.0,True,False,,
2416,UNIONES SANIT. 6 PULG PAVCO O SIMILAR,MATERIAL - M,UNIDAD - UND,013 - 013 - INSTALACIONES HIDROSANITARIAS,1.0,0,1.0,True,False,,
2417,"UNIVERSAL PRESION PVC 1 1/4"".",MATERIAL - M,UNIDAD - UND,012 - 012 - INSTALACIONES HIDRAULICAS,1.0,0,1.0,True,False,,
2418,UPS 3 KVA REF. PEI- INSTALADA,EQUIPO - E,UNIDAD - UND,028 - 028 - EQUIPOS TECNOLOGICOS,2185770.58,0,2185770.58,True,False,DIEGO ANDRES RODRIGUEZ RODRIGUEZ,2025-05-29
2419,"UPS DE 6 KVA BIFASICA, 240-120 V",EQUIPO - E,UNIDAD - UND,028 - 028 - EQUIPOS TECNOLOGICOS,6406735.2,0,6406735.2,True,False,DIEGO ANDRES RODRIGUEZ RODRIGUEZ,2025-05-29
2420,UPS TRIFASICA ON LINE DE 15 KVA,EQUIPO - E,UNIDAD - UND,028 - 028 - EQUIPOS TECNOLOGICOS,1.0,0,1.0,True,False,DIEGO ANDRES RODRIGUEZ RODRIGUEZ,2025-05-29
2421,UPS TRIFASICA ON LINE DE 5 KVA,EQUIPO - E,UNIDAD - UND,028 - 028 - EQUIPOS TECNOLOGICOS,1.0,0,1.0,True,False,DIEGO ANDRES RODRIGUEZ RODRIGUEZ,2025-05-29
2422,USB 16GB,CONSUMIBLES - C,UNIDAD - UND,005 - 005 - PAPELERIA,1.0,19,1.19,True,False,MARIA PAULA BALLEN MANOSALVA,2025-07-29
2423,USB 8GB,CONSUMIBLES - C,UNIDAD - UND,005 - 005 - PAPELERIA,1.0,19,1.19,True,False,MARIA PAULA BALLEN MANOSALVA,2025-07-29
2424,"V-0 VENTANA SUPERIOR DE BANOS Y CUARTO DE ASEO, SUMINISTRO E INSTALACION DE VENTANA FIJA SISTEMA CON ROTURA DE PUENTE TERMICO CON PINTURA ELECTROESTATICA PARA CONDICIONES DE ALTA SALINIDAD (SISTEMA EUROPEO) CON VIDRIO DVH TEMPER DUAL",MATERIAL - M,UNIDAD - UND,018 - 018 - CARPINTERIA METALICA,1.0,0,1.0,True,False,,
2425,V1 ACCESO A BUITRON PISO 1 COSTADO NORTE: SUMINISTRO E INSTALACION DE VENTANA TIPO PERSIANA EN ALUMINIO COLOR BLANCO MATE Y/O NATURAL CON ANCLAJE REMOVIBLE PARA ACCESO (DIMENSIONES 700X1250),MATERIAL - M,UNIDAD - UND,018 - 018 - CARPINTERIA METALICA,1.0,0,1.0,True,False,,
2426,"V-2 VENTANA FACHADA ORIENTAL Y SUR, SUMINISTRO E INSTALACION DE VENTANA FIJA SISTEMA CON ROTURA DE PUENTE TERMICO CON PINTURA ELECTROESTATICA PARA CONDICIONES DE ALTA SALINIDAD (SISTEMA EUROPEO) CON VIDRIO DVH TEMPER DUAL HS",MATERIAL - M,UNIDAD - UND,018 - 018 - CARPINTERIA METALICA,1.0,0,1.0,True,False,,
2427,"V-3 VENTANA FACHADA ORIENTAL SUR, SUMINISTRO E INSTALACION DE VENTANA FIJA SISTEMA CON ROTURA DE PUENTE TERMICO CON PINTURA ELECTROESTATICA PARA CONDICIONES DE ALTA SALINIDAD (SISTEMA EUROPEO) CON VIDRIO DVH TEMPER DUAL HS",MATERIAL - M,UNIDAD - UND,018 - 018 - CARPINTERIA METALICA,1.0,0,1.0,True,False,,
2428,"V-4 VENTANA INFERIOR BANOS Y CUARTO DE ASEO CON PELICULA SANDBLASTING, SUMINISTRO E INSTALACION DE VENTANA FIJA SISTEMA CON ROTURA DE PUENTE TERMICO CON PINTURA ELECTROESTATICA PARA CONDICIONES DE ALTA SALINIDAD CON VIDRIO DVH TEMPER DUAL HS)",MATERIAL - M,UNIDAD - UND,018 - 018 - CARPINTERIA METALICA,1.0,0,1.0,True,False,,
2429,V-5 VENTANA FACHADA ORIENTAL SUR PISOS 2 - 3 SUMINISTRO E INSTALACION DE VENTANA FIJA SISTEMA CON ROTURA DE PUENTE TERMICO CON PINTURA ELECTROESTATICA PARA CONDICIONES DE ALTA SALINIDAD (SISTEMA EUROPEO) CON VIDRIO DVH TEMPER DUAL HS,MATERIAL - M,UNIDAD - UND,018 - 018 - CARPINTERIA METALICA,1.0,0,1.0,True,False,,
2430,V-6 VENTANA FACHADA ORIENTAL SUR PISO 3 SUMINISTRO E INSTALACION DE VENTANA FIJA SISTEMA CON ROTURA DE PUENTE TERMICO CON PINTURA ELECTROESTATICA PARA CONDICIONES DE ALTA SALINIDAD (SISTEMA EUROPEO) CON VIDRIO DVH TEMPER DUAL HS,MATERIAL - M,UNIDAD - UND,018 - 018 - CARPINTERIA METALICA,1.0,0,1.0,True,False,,
2431,VALORACION MEDICA,SERVICIOS - Q,UNIDAD - UND,031 - 031 - SERVICIOS MEDICOS,1.0,0,1.0,True,False,,
2432,VALORACION PSICOLOGICA PARA ALTURAS Y ESPACIOS CONFINADOS,SERVICIOS - Q,UNIDAD - UND,031 - 031 - SERVICIOS MEDICOS,1.0,0,1.0,True,False,,
2433,VALV.REGULACION 1/2 PULG METAL.AL.SAT. G ACOME,MATERIAL - M,UNIDAD - UND,012 - 012 - INSTALACIONES HIDRAULICAS,1.0,0,1.0,True,False,,
2434,VALV.REGULACION 1/2 PULG METAL.AL.SAT. G CORTE,MATERIAL - M,UNIDAD - UND,012 - 012 - INSTALACIONES HIDRAULICAS,1.0,0,1.0,True,False,,
2435,"VALVULA 3 VIAS BELINO 1"" ACTUADOR EN-OFF",MATERIAL - M,UNIDAD - UND,011 - 011 - GRIFERIA Y APARATOS HIDROSANITARIOS,1.0,0,1.0,True,False,,
2436,"VALVULA ANGULAR EN BRONCE NPT DE 2 1/2"" CON TAPA",MATERIAL - M,UNIDAD - UND,011 - 011 - GRIFERIA Y APARATOS HIDROSANITARIOS,1.0,0,1.0,True,False,,
2437,"VALVULA ANTIRETORNO UL/FM BRIDADA DE 4"" X 150 LBS",MATERIAL - M,UNIDAD - UND,011 - 011 - GRIFERIA Y APARATOS HIDROSANITARIOS,1.0,0,1.0,True,False,,
2438,"VALVULA ANTIRRETORNO EN PVC DE 6"", CON TAPA ROSCADA",MATERIAL - M,UNIDAD - UND,011 - 011 - GRIFERIA Y APARATOS HIDROSANITARIOS,1.0,0,1.0,True,False,,
2439,VALVULA BOLA 1/2 PULGADA AGUA O SIMILAR,MATERIAL - M,UNIDAD - UND,011 - 011 - GRIFERIA Y APARATOS HIDROSANITARIOS,1.0,0,1.0,True,False,,
2440,"VALVULA CORTINA EN BRONCE NPT DE 1 1/2"" X 125 LBS MARCA RED WHITE",MATERIAL - M,UNIDAD - UND,011 - 011 - GRIFERIA Y APARATOS HIDROSANITARIOS,1.0,0,1.0,True,False,,
2441,"VALVULA CORTINA EN BRONCE NPT DE 2 1/2"" X 125 LBS MARCA RED WHITE",MATERIAL - M,UNIDAD - UND,011 - 011 - GRIFERIA Y APARATOS HIDROSANITARIOS,1.0,0,1.0,True,False,,
2442,"VALVULA CORTINA VASTAGO ASCENDENTE UL/FM BRIDA DE 3"" X 150 LBS",MATERIAL - M,UNIDAD - UND,011 - 011 - GRIFERIA Y APARATOS HIDROSANITARIOS,1.0,0,1.0,True,False,,
2443,"VALVULA CORTINA VASTAGO ASCENDENTE UL/FM BRIDA DE 4"" X 150 LBS",MATERIAL - M,UNIDAD - UND,011 - 011 - GRIFERIA Y APARATOS HIDROSANITARIOS,1.0,0,1.0,True,False,,
2444,"VALVULA CORTINA VASTAGO ASCENDENTE UL/FM BRIDA DE 6"" X 150 LBS",MATERIAL - M,UNIDAD - UND,011 - 011 - GRIFERIA Y APARATOS HIDROSANITARIOS,1.0,19,1.19,True,False,DIEGO ANDRES RODRIGUEZ RODRIGUEZ,2025-09-16
2445,"VALVULA DE ALIVIO EN BRONCE NPT DE 1"" X 150 LBS (950 LBS HORAS ) HELBERT",MATERIAL - M,UNIDAD - UND,011 - 011 - GRIFERIA Y APARATOS HIDROSANITARIOS,1.0,19,1.19,True,False,DIEGO ANDRES RODRIGUEZ RODRIGUEZ,2025-09-16
2446,"VALVULA DE BOLA 1 1/4"" O SIMILAR",MATERIAL - M,UNIDAD - UND,011 - 011 - GRIFERIA Y APARATOS HIDROSANITARIOS,8568.0,19,10195.92,True,False,DIEGO ANDRES RODRIGUEZ RODRIGUEZ,2025-09-16
2447,"VALVULA DE BOLA RED WHITE 1"" ROSCADA",MATERIAL - M,UNIDAD - UND,011 - 011 - GRIFERIA Y APARATOS HIDROSANITARIOS,1.0,19,1.19,True,False,DIEGO ANDRES RODRIGUEZ RODRIGUEZ,2025-09-16
2448,"VALVULA DE BOLA RED WHITE 3/4"" ROSCADA",MATERIAL - M,UNIDAD - UND,011 - 011 - GRIFERIA Y APARATOS HIDROSANITARIOS,1.0,19,1.19,True,False,DIEGO ANDRES RODRIGUEZ RODRIGUEZ,2025-09-16
2449,"VALVULA DE PASO RED WHITE 1 1/2""",MATERIAL - M,UNIDAD - UND,011 - 011 - GRIFERIA Y APARATOS HIDROSANITARIOS,1.0,19,1.19,True,False,DIEGO ANDRES RODRIGUEZ RODRIGUEZ,2025-09-16
2450,"VALVULA DE PASO RED WHITE 1""",MATERIAL - M,UNIDAD - UND,011 - 011 - GRIFERIA Y APARATOS HIDROSANITARIOS,1.0,0,1.0,True,False,,
2451,"VALVULA DE PASO RED WHITE 2""",MATERIAL - M,UNIDAD - UND,011 - 011 - GRIFERIA Y APARATOS HIDROSANITARIOS,1.0,0,1.0,True,False,,
2452,"VALVULA MARIPOSA RED WHITE 3"" BRIADA",MATERIAL - M,UNIDAD - UND,011 - 011 - GRIFERIA Y APARATOS HIDROSANITARIOS,1.0,0,1.0,True,False,,
2453,"VALVULA TOMA DE FONDO CON REJILLA BRONCE DE CLASE 125 1 1/2""",MATERIAL - M,UNIDAD - UND,011 - 011 - GRIFERIA Y APARATOS HIDROSANITARIOS,1.0,0,1.0,True,False,,
2454,"VALVULA TOMA DE FONDO CON REJILLA BRONCE DE CLASE 125 2""",MATERIAL - M,UNIDAD - UND,011 - 011 - GRIFERIA Y APARATOS HIDROSANITARIOS,1.0,0,1.0,True,False,,
2455,"VALVULA UNIVERSAL DE 1"" EN PVC",MATERIAL - M,UNIDAD - UND,011 - 011 - GRIFERIA Y APARATOS HIDROSANITARIOS,1.0,0,1.0,True,False,,
2456,"VALVULA UNIVERSAL DE 1""-1/4 EN PVC",MATERIAL - M,UNIDAD - UND,011 - 011 - GRIFERIA Y APARATOS HIDROSANITARIOS,1.0,0,1.0,True,False,,
2457,"VALVULA UNIVERSAL DE 1/2"" EN PVC",MATERIAL - M,UNIDAD - UND,011 - 011 - GRIFERIA Y APARATOS HIDROSANITARIOS,1.0,0,1.0,True,False,,
2458,"VALVULA UNIVERSAL DE 3/4"" EN PVC",MATERIAL - M,UNIDAD - UND,011 - 011 - GRIFERIA Y APARATOS HIDROSANITARIOS,1.0,0,1.0,True,False,,
2459,"VARILLA 1 1/2"" X 6M",MATERIAL - M,UNIDAD - UND,003 - 003 - ACEROS Y REFUERZOS METALICO,1.0,0,1.0,True,False,,
2460,"VARILLA 1 1/4"" X 6M",MATERIAL - M,UNIDAD - UND,003 - 003 - ACEROS Y REFUERZOS METALICO,1.0,0,1.0,True,False,,
2461,"VARILLA 1 1/8"" X 6M",MATERIAL - M,UNIDAD - UND,003 - 003 - ACEROS Y REFUERZOS METALICO,1.0,0,1.0,True,False,,
2462,"VARILLA 1"" X 6M",MATERIAL - M,UNIDAD - UND,003 - 003 - ACEROS Y REFUERZOS METALICO,93800.56,0,93800.56,True,False,,
2463,VARILLA 1.80 X 1.80 RETENIDA,MATERIAL - M,UNIDAD - UND,015 - 015 - REDES ELECTRICAS,1.0,19,1.19,True,False,DIEGO ANDRES RODRIGUEZ RODRIGUEZ,2025-09-22
2464,"VARILLA 1/2"" X 6M",MATERIAL - M,UNIDAD - UND,003 - 003 - ACEROS Y REFUERZOS METALICO,24057.07,0,24057.07,True,False,,
2465,"VARILLA 1/4"" X 6M",MATERIAL - M,UNIDAD - UND,003 - 003 - ACEROS Y REFUERZOS METALICO,7909.63,0,7909.63,True,False,,
2466,"VARILLA 3/4"" X 6M",MATERIAL - M,UNIDAD - UND,003 - 003 - ACEROS Y REFUERZOS METALICO,56778.5,0,56778.5,True,False,,
2467,"VARILLA 3/8"" X 6M",MATERIAL - M,UNIDAD - UND,003 - 003 - ACEROS Y REFUERZOS METALICO,14485.84,0,14485.84,True,False,,
2468,"VARILLA 5/8"" X 6M",MATERIAL - M,UNIDAD - UND,003 - 003 - ACEROS Y REFUERZOS METALICO,39249.46,19,46706.86,True,False,MARIA PAULA BALLEN MANOSALVA,2025-07-29
2469,VARILLA COOPER WELD DE 5/8 X 240 MTS COBRE-COBRE. (NO INCLUYE BARRENO),MATERIAL - M,UNIDAD - UND,015 - 015 - REDES ELECTRICAS,248963.03,19,296266.01,True,False,DIEGO ANDRES RODRIGUEZ RODRIGUEZ,2025-09-22
2470,VARILLA COOPER WELL CU-CU 5/8 PULG.*2.44 M,MATERIAL - M,UNIDAD - UND,015 - 015 - REDES ELECTRICAS,234523.09,19,279082.48,True,False,DIEGO ANDRES RODRIGUEZ RODRIGUEZ,2025-09-22
2472,VARILLA DE 14 28MM X 2 40 DE COBRE MACIZO PUESTA A TIERRA O SIMILAR,MATERIAL - M,UNIDAD - UND,"014 - 014 - INSTALACIONES ELECTRICAS, VOZ Y DATOS",1.0,19,1.19,True,False,DIEGO ANDRES RODRIGUEZ RODRIGUEZ,2025-09-22
2473,VARILLA DE ANCLAJE DE 5/8 * 2.4 MTS,MATERIAL - M,UNIDAD - UND,015 - 015 - REDES ELECTRICAS,1.0,19,1.19,True,False,DIEGO ANDRES RODRIGUEZ RODRIGUEZ,2025-09-22
2474,"VARILLA DE ARMAR PREFORMADA BLINDAJE CONDUCTOR DESNUDO ACSR 336,4 MCM",MATERIAL - M,UNIDAD - UND,015 - 015 - REDES ELECTRICAS,1.0,19,1.19,True,False,DIEGO ANDRES RODRIGUEZ RODRIGUEZ,2025-09-22
2475,VARILLA DE ARMAR PREFORMADA BLINDAJE CONDUCTOR DESNUDO ACSR DE 2/0,MATERIAL - M,UNIDAD - UND,015 - 015 - REDES ELECTRICAS,1.0,19,1.19,True,False,DIEGO ANDRES RODRIGUEZ RODRIGUEZ,2025-09-22
2476,VARILLA DE ARMAR PREFORMADA BLINDAJE CONDUCTOR DESNUDO ACSR DE 4/0,MATERIAL - M,UNIDAD - UND,015 - 015 - REDES ELECTRICAS,1.0,19,1.19,True,False,DIEGO ANDRES RODRIGUEZ RODRIGUEZ,2025-09-22
2477,"VARILLA DE COBRE SOLIDO DE 2.4 M X 5/8 """,MATERIAL - M,UNIDAD - UND,015 - 015 - REDES ELECTRICAS,263030.09,19,313005.81,True,False,DIEGO ANDRES RODRIGUEZ RODRIGUEZ,2025-09-22
2478,VARILLA DE DILATACION ALUMINIO 3MM,MATERIAL - M,METRO - M,003 - 003 - ACEROS Y REFUERZOS METALICO,1.0,19,1.19,True,False,MARIA PAULA BALLEN MANOSALVA,2025-07-29
2479,"VARILLA ZINCADA ROSCADA 1/4""",MATERIAL - M,METRO LINEAL - ML,003 - 003 - ACEROS Y REFUERZOS METALICO,1.0,19,1.19,True,False,MARIA PAULA BALLEN MANOSALVA,2025-07-29
2480,"VARILLA ZINCADA ROSCADA 3/8""",MATERIAL - M,METRO LINEAL - ML,003 - 003 - ACEROS Y REFUERZOS METALICO,1.0,19,1.19,True,False,MARIA PAULA BALLEN MANOSALVA,2025-07-29
2481,VEHICULO DELINEADOR PARA APLICACION DE PINTURA. MINIMO 2 BOQUILLAS,TRANSPORTE - T,HORA - HR,023 - 023 - TRANSPORTE,1.0,19,1.19,True,False,DIEGO ANDRES RODRIGUEZ RODRIGUEZ,2025-09-16
2482,VENDA DE ALGODON,CONSUMIBLES - C,UNIDAD - UND,029 - 029 - SG-SST,1.0,19,1.19,True,False,DIEGO ANDRES RODRIGUEZ RODRIGUEZ,2025-09-15
2483,VENT.AL. FIJO,EQUIPO - E,UNIDAD - UND,041 - 041 - MUEBLES Y ENSERES,1.0,0,1.0,True,False,,
2484,VENT.AL.CORR.1.20X1.20 ESPECIFICACION 50/20 O SIMILAR,EQUIPO - E,UNIDAD - UND,041 - 041 - MUEBLES Y ENSERES,1.0,0,1.0,True,False,,
2485,"VENTANA CORREDIZA OFICINAS ATS: SUMINISTRO E INSTALACION DE VENTANA EN SISTEMA 2.6 DE VITRAL COLOR BLANCO MATE, CON VIDRIO LAMINADO TEMPLADO 4+4 CON PVB 0.76 INCOLORO",MATERIAL - M,UNIDAD - UND,018 - 018 - CARPINTERIA METALICA,1.0,0,1.0,True,False,,
2486,"CODO SANITARIO 4""",MATERIAL - M,UNIDAD - UND,013 - 013 - INSTALACIONES HIDROSANITARIAS,7309.68,0,7309.68,True,False,DIEGO ANDRES RODRIGUEZ RODRIGUEZ,2025-06-14
2487,VENTANA FIJA TIPO PERSIANA CASETA PLANTA ELECTRICA: SUMINISTRO E INSTALACION DE VENTANA FIJA PROYECTANTE CON PERFIL ALN 315 EN COLOR BLANCO MATE (DIMENSIONES 2000X400),MATERIAL - M,UNIDAD - UND,018 - 018 - CARPINTERIA METALICA,1.0,0,1.0,True,False,,
2488,VENTANA PERSIANA EN ALUMINIO,MATERIAL - M,METRO CUADRADO - M2,018 - 018 - CARPINTERIA METALICA,1.0,0,1.0,True,False,,
2489,"VENTANA PROYECTANTE OFICINAS ATS: SUMINISTRO E INSTALACION DE VENTANA EN SISTEMA 2.6 DE VITRAL COLOR BLANCO MATE, VIDRIO LAMINADO TEMPLADO 4+4 CON PVB 0.76 INCOLORO, CERRADURA TIPO MEDIA LUNA (DIMENSIONES 500X900)",MATERIAL - M,UNIDAD - UND,018 - 018 - CARPINTERIA METALICA,1.0,0,1.0,True,False,,
2490,"VENTANA, ALUMINIO CRUDO DE CALIBRE 16 (MENOR A 1,00 M) O SIMILAR",MATERIAL - M,METRO CUADRADO - M2,018 - 018 - CARPINTERIA METALICA,1.0,0,1.0,True,False,,
2491,"VENTANA, LAMINA COLD ROLED CALIBRE 16 (MENOR A 1,00 M) O SIMILAR",MATERIAL - M,UNIDAD - UND,018 - 018 - CARPINTERIA METALICA,1.0,0,1.0,True,False,,
2492,VENTILADOR DE PARED,EQUIPO - E,UNIDAD - UND,041 - 041 - MUEBLES Y ENSERES,1.0,0,1.0,True,False,,
2493,VENTILADOR DE PEDESTAL,EQUIPO - E,UNIDAD - UND,041 - 041 - MUEBLES Y ENSERES,199999.99,0,199999.99,True,False,MARIA PAULA BALLEN MANOSALVA,2025-07-08
2494,"VENTILADOR DE TECHO DE 52"", MINIMO 4700 CFM, 5 ASPAS, ANGULO DE LAS ASPAS CON 13 GRADOS DE INCLINACION, MOTOR REVERSIBLE DE 3 VELOCIDADES",EQUIPO - E,UNIDAD - UND,041 - 041 - MUEBLES Y ENSERES,1.0,0,1.0,True,False,,
2495,"VENTILADOR DE TECHO DE 56"" LINEA INSTITUCIONAL, DOBLE BALINERA",EQUIPO - E,UNIDAD - UND,041 - 041 - MUEBLES Y ENSERES,1.0,0,1.0,True,False,,
2496,"VENTILADORES HELICOCENTRIFUGOS DE 50 CFM, A 220 V, MARCA SOLER&PALAU",EQUIPO - E,UNIDAD - UND,041 - 041 - MUEBLES Y ENSERES,1.0,0,1.0,True,False,,
2497,VF PISO 4 FANAL CABINA DE CONTROL: SUMINISTRO E INSTALACION DE VENTANA SERIE 0942 SISTEMA CON ROTURA DE PUENTE TERMICO CON PINTURA ELECTROESTATICA PARA CONDICIONES DE ALTA SALINIDAD (SISTEMA EUROPEO) CON VIDRIO DVH TEMPER FT,MATERIAL - M,UNIDAD - UND,018 - 018 - CARPINTERIA METALICA,1.0,0,1.0,True,False,,
2498,VIATICOS,CONSUMIBLES - C,DIA - DIA,036 - 036 - GASTOS DE REPRESENTACION,1.0,19,1.19,True,False,DIEGO ANDRES RODRIGUEZ RODRIGUEZ,2025-09-15
2499,VIBRADOR PARA CONCRETO CON MOTOR A GASOLINA 7HP CON GUAYA DE 6 METROS,EQUIPO - E,UNIDAD - UND,022 - 022 - MAQUINARIA Y EQUIPO,1400000.49,0,1400000.49,True,False,HECTOR ENRIQUE OVIEDO SOSA,2025-06-12
2500,VIBROCOMPACTADOR BITELLI C-100,EQUIPO - E,HORA - HR,022 - 022 - MAQUINARIA Y EQUIPO,1.0,0,1.0,True,False,,
2501,VIBROCOMPACTADOR DE 10-15 TON.,EQUIPO - E,HORA - HR,022 - 022 - MAQUINARIA Y EQUIPO,1.0,0,1.0,True,False,,
2502,VIBROCOMPACTADOR DE LLANTAS NEUMATICAS,EQUIPO - E,HORA - HR,022 - 022 - MAQUINARIA Y EQUIPO,1.0,0,1.0,True,False,,
2503,"VIBROCOMPACTADOR, POTENCIA 153 HP, PESO 10 TON",EQUIPO - E,HORA - HR,022 - 022 - MAQUINARIA Y EQUIPO,1.0,0,1.0,True,False,,
2504,"VID.PLANO,ESTIRADO CLARO 4 MM O SIMILAR",MATERIAL - M,METRO CUADRADO - M2,018 - 018 - CARPINTERIA METALICA,1.0,0,1.0,True,False,,
2505,VIGA HEA 100 X12M,MATERIAL - M,UNIDAD - UND,003 - 003 - ACEROS Y REFUERZOS METALICO,1.0,19,1.19,True,False,MARIA PAULA BALLEN MANOSALVA,2025-07-29
2506,VIGA HEA 100 X6M,MATERIAL - M,UNIDAD - UND,003 - 003 - ACEROS Y REFUERZOS METALICO,1.0,19,1.19,True,False,MARIA PAULA BALLEN MANOSALVA,2025-07-29
2507,VIGA HEA 120 X12M,MATERIAL - M,UNIDAD - UND,003 - 003 - ACEROS Y REFUERZOS METALICO,1.0,19,1.19,True,False,MARIA PAULA BALLEN MANOSALVA,2025-07-29
2508,VIGA HEA 120 X6M,MATERIAL - M,UNIDAD - UND,003 - 003 - ACEROS Y REFUERZOS METALICO,1.0,19,1.19,True,False,MARIA PAULA BALLEN MANOSALVA,2025-07-29
2509,VIGA HEA 140 X12M,MATERIAL - M,UNIDAD - UND,003 - 003 - ACEROS Y REFUERZOS METALICO,1.0,19,1.19,True,False,MARIA PAULA BALLEN MANOSALVA,2025-07-29
2510,VIGA HEA 140 X6M,MATERIAL - M,UNIDAD - UND,003 - 003 - ACEROS Y REFUERZOS METALICO,1.0,19,1.19,True,False,MARIA PAULA BALLEN MANOSALVA,2025-07-29
2511,VIGA HEA 160 X12M,MATERIAL - M,UNIDAD - UND,003 - 003 - ACEROS Y REFUERZOS METALICO,1.0,19,1.19,True,False,MARIA PAULA BALLEN MANOSALVA,2025-07-29
2512,VIGA HEA 160 X6M,MATERIAL - M,UNIDAD - UND,003 - 003 - ACEROS Y REFUERZOS METALICO,1.0,19,1.19,True,False,MARIA PAULA BALLEN MANOSALVA,2025-07-29
2513,VIGA HEA 180 X12M,MATERIAL - M,UNIDAD - UND,003 - 003 - ACEROS Y REFUERZOS METALICO,1.0,19,1.19,True,False,MARIA PAULA BALLEN MANOSALVA,2025-07-29
2514,VIGA HEA 180 X6M,MATERIAL - M,UNIDAD - UND,003 - 003 - ACEROS Y REFUERZOS METALICO,1.0,19,1.19,True,False,MARIA PAULA BALLEN MANOSALVA,2025-07-29
2515,VIGA HEA 200 X12M,MATERIAL - M,UNIDAD - UND,003 - 003 - ACEROS Y REFUERZOS METALICO,1.0,19,1.19,True,False,MARIA PAULA BALLEN MANOSALVA,2025-07-29
2516,VIGA HEA 200 X6M,MATERIAL - M,UNIDAD - UND,003 - 003 - ACEROS Y REFUERZOS METALICO,1.0,19,1.19,True,False,MARIA PAULA BALLEN MANOSALVA,2025-07-29
2517,VIGA HEA 220 X12M,MATERIAL - M,UNIDAD - UND,003 - 003 - ACEROS Y REFUERZOS METALICO,1.0,19,1.19,True,False,MARIA PAULA BALLEN MANOSALVA,2025-07-29
2518,VIGA HEA 220 X6M,MATERIAL - M,UNIDAD - UND,003 - 003 - ACEROS Y REFUERZOS METALICO,1.0,19,1.19,True,False,MARIA PAULA BALLEN MANOSALVA,2025-07-29
2519,VIGA HEA 240 X12M,MATERIAL - M,UNIDAD - UND,003 - 003 - ACEROS Y REFUERZOS METALICO,1.0,19,1.19,True,False,MARIA PAULA BALLEN MANOSALVA,2025-07-29
2520,VIGA HEA 240 X6M,MATERIAL - M,UNIDAD - UND,003 - 003 - ACEROS Y REFUERZOS METALICO,1.0,19,1.19,True,False,MARIA PAULA BALLEN MANOSALVA,2025-07-29
2521,VIGA HEA 260 X12M,MATERIAL - M,UNIDAD - UND,003 - 003 - ACEROS Y REFUERZOS METALICO,1.0,19,1.19,True,False,MARIA PAULA BALLEN MANOSALVA,2025-07-29
2522,VIGA HEA 260 X6M,MATERIAL - M,UNIDAD - UND,003 - 003 - ACEROS Y REFUERZOS METALICO,1.0,19,1.19,True,False,MARIA PAULA BALLEN MANOSALVA,2025-07-29
2523,VIGA HEA 280 X12M,MATERIAL - M,UNIDAD - UND,003 - 003 - ACEROS Y REFUERZOS METALICO,1.0,19,1.19,True,False,MARIA PAULA BALLEN MANOSALVA,2025-07-29
2524,VIGA HEA 280 X6M,MATERIAL - M,UNIDAD - UND,003 - 003 - ACEROS Y REFUERZOS METALICO,1.0,19,1.19,True,False,MARIA PAULA BALLEN MANOSALVA,2025-07-29
2525,VIGA HEA 300 X12M,MATERIAL - M,UNIDAD - UND,003 - 003 - ACEROS Y REFUERZOS METALICO,1.0,19,1.19,True,False,MARIA PAULA BALLEN MANOSALVA,2025-07-29
2526,VIGA HEA 300 X6M,MATERIAL - M,UNIDAD - UND,003 - 003 - ACEROS Y REFUERZOS METALICO,1.0,19,1.19,True,False,MARIA PAULA BALLEN MANOSALVA,2025-07-29
2527,VIGA HEA 320 X12M,MATERIAL - M,UNIDAD - UND,003 - 003 - ACEROS Y REFUERZOS METALICO,1.0,19,1.19,True,False,MARIA PAULA BALLEN MANOSALVA,2025-07-29
2528,VIGA HEA 320 X6M,MATERIAL - M,UNIDAD - UND,003 - 003 - ACEROS Y REFUERZOS METALICO,1.0,19,1.19,True,False,MARIA PAULA BALLEN MANOSALVA,2025-07-29
2529,VIGA HEA 340 X12M,MATERIAL - M,UNIDAD - UND,003 - 003 - ACEROS Y REFUERZOS METALICO,1.0,19,1.19,True,False,MARIA PAULA BALLEN MANOSALVA,2025-07-29
2530,VIGA HEA 340 X6M,MATERIAL - M,UNIDAD - UND,003 - 003 - ACEROS Y REFUERZOS METALICO,1.0,19,1.19,True,False,MARIA PAULA BALLEN MANOSALVA,2025-07-29
2531,VIGA HEA 360 X12M,MATERIAL - M,UNIDAD - UND,003 - 003 - ACEROS Y REFUERZOS METALICO,1.0,19,1.19,True,False,MARIA PAULA BALLEN MANOSALVA,2025-07-29
2532,VIGA HEA 360 X6M,MATERIAL - M,UNIDAD - UND,003 - 003 - ACEROS Y REFUERZOS METALICO,1.0,19,1.19,True,False,MARIA PAULA BALLEN MANOSALVA,2025-07-29
2533,VIGA HEA 400 X12M,MATERIAL - M,UNIDAD - UND,003 - 003 - ACEROS Y REFUERZOS METALICO,1.0,19,1.19,True,False,MARIA PAULA BALLEN MANOSALVA,2025-07-29
2534,VIGA HEA 400 X6M,MATERIAL - M,UNIDAD - UND,003 - 003 - ACEROS Y REFUERZOS METALICO,1.0,19,1.19,True,False,MARIA PAULA BALLEN MANOSALVA,2025-07-29
2535,VIGA HEA 450 X12M,MATERIAL - M,UNIDAD - UND,003 - 003 - ACEROS Y REFUERZOS METALICO,1.0,19,1.19,True,False,MARIA PAULA BALLEN MANOSALVA,2025-07-29
2536,VIGA HEA 450 X6M,MATERIAL - M,UNIDAD - UND,003 - 003 - ACEROS Y REFUERZOS METALICO,1.0,19,1.19,True,False,MARIA PAULA BALLEN MANOSALVA,2025-07-29
2537,VIGA HEA 500 X12M,MATERIAL - M,UNIDAD - UND,003 - 003 - ACEROS Y REFUERZOS METALICO,1.0,19,1.19,True,False,MARIA PAULA BALLEN MANOSALVA,2025-07-29
2538,VIGA HEA 500 X6M,MATERIAL - M,UNIDAD - UND,003 - 003 - ACEROS Y REFUERZOS METALICO,1.0,19,1.19,True,False,MARIA PAULA BALLEN MANOSALVA,2025-07-29
2539,VIGA HEA 550 X12M,MATERIAL - M,UNIDAD - UND,003 - 003 - ACEROS Y REFUERZOS METALICO,1.0,19,1.19,True,False,MARIA PAULA BALLEN MANOSALVA,2025-07-29
2540,VIGA HEA 550 X6M,MATERIAL - M,UNIDAD - UND,003 - 003 - ACEROS Y REFUERZOS METALICO,1.0,19,1.19,True,False,MARIA PAULA BALLEN MANOSALVA,2025-07-29
2541,VIGA HEA 600 X12M,MATERIAL - M,UNIDAD - UND,003 - 003 - ACEROS Y REFUERZOS METALICO,1.0,19,1.19,True,False,MARIA PAULA BALLEN MANOSALVA,2025-07-29
2542,VIGA HEA 600 X6M,MATERIAL - M,UNIDAD - UND,003 - 003 - ACEROS Y REFUERZOS METALICO,1.0,19,1.19,True,False,MARIA PAULA BALLEN MANOSALVA,2025-07-29
2543,VIGA IPE 100 X12M,MATERIAL - M,UNIDAD - UND,003 - 003 - ACEROS Y REFUERZOS METALICO,1.0,19,1.19,True,False,MARIA PAULA BALLEN MANOSALVA,2025-07-29
2544,VIGA IPE 100 X6M,MATERIAL - M,UNIDAD - UND,003 - 003 - ACEROS Y REFUERZOS METALICO,1.0,19,1.19,True,False,MARIA PAULA BALLEN MANOSALVA,2025-07-29
2545,VIGA IPE 120 X12M,MATERIAL - M,UNIDAD - UND,003 - 003 - ACEROS Y REFUERZOS METALICO,1.0,19,1.19,True,False,MARIA PAULA BALLEN MANOSALVA,2025-07-29
2547,VIGA IPE 120 X6M,MATERIAL - M,UNIDAD - UND,003 - 003 - ACEROS Y REFUERZOS METALICO,1.0,19,1.19,True,False,MARIA PAULA BALLEN MANOSALVA,2025-07-29
2548,VIGA IPE 140 X12M,MATERIAL - M,UNIDAD - UND,003 - 003 - ACEROS Y REFUERZOS METALICO,1.0,19,1.19,True,False,MARIA PAULA BALLEN MANOSALVA,2025-07-29
2550,VIGA IPE 140 X6M,MATERIAL - M,UNIDAD - UND,003 - 003 - ACEROS Y REFUERZOS METALICO,1.0,19,1.19,True,False,MARIA PAULA BALLEN MANOSALVA,2025-07-29
2551,VIGA IPE 160 X12M,MATERIAL - M,UNIDAD - UND,003 - 003 - ACEROS Y REFUERZOS METALICO,1.0,19,1.19,True,False,MARIA PAULA BALLEN MANOSALVA,2025-07-29
2553,VIGA IPE 160 X6M,MATERIAL - M,UNIDAD - UND,003 - 003 - ACEROS Y REFUERZOS METALICO,1.0,19,1.19,True,False,MARIA PAULA BALLEN MANOSALVA,2025-07-29
2554,VIGA IPE 180 X12M,MATERIAL - M,UNIDAD - UND,003 - 003 - ACEROS Y REFUERZOS METALICO,1.0,19,1.19,True,False,MARIA PAULA BALLEN MANOSALVA,2025-07-29
2555,VIGA IPE 180 X6M,MATERIAL - M,UNIDAD - UND,003 - 003 - ACEROS Y REFUERZOS METALICO,1.0,19,1.19,True,False,MARIA PAULA BALLEN MANOSALVA,2025-07-29
2556,VIGA IPE 200 X12M,MATERIAL - M,UNIDAD - UND,003 - 003 - ACEROS Y REFUERZOS METALICO,1.0,19,1.19,True,False,MARIA PAULA BALLEN MANOSALVA,2025-07-29
2558,VIGA IPE 200 X6M,MATERIAL - M,UNIDAD - UND,003 - 003 - ACEROS Y REFUERZOS METALICO,1.0,19,1.19,True,False,MARIA PAULA BALLEN MANOSALVA,2025-07-29
2559,VIGA IPE 220 X12M,MATERIAL - M,UNIDAD - UND,003 - 003 - ACEROS Y REFUERZOS METALICO,1.0,19,1.19,True,False,MARIA PAULA BALLEN MANOSALVA,2025-07-29
2560,VIGA IPE 220 X6M,MATERIAL - M,UNIDAD - UND,003 - 003 - ACEROS Y REFUERZOS METALICO,1.0,19,1.19,True,False,MARIA PAULA BALLEN MANOSALVA,2025-07-29
2561,VIGA IPE 240 X12M,MATERIAL - M,UNIDAD - UND,003 - 003 - ACEROS Y REFUERZOS METALICO,1.0,19,1.19,True,False,MARIA PAULA BALLEN MANOSALVA,2025-07-29
2563,VIGA IPE 240 X6M,MATERIAL - M,UNIDAD - UND,003 - 003 - ACEROS Y REFUERZOS METALICO,1.0,19,1.19,True,False,MARIA PAULA BALLEN MANOSALVA,2025-07-29
2564,VIGA IPE 270 X12M,MATERIAL - M,UNIDAD - UND,003 - 003 - ACEROS Y REFUERZOS METALICO,1.0,19,1.19,True,False,MARIA PAULA BALLEN MANOSALVA,2025-07-29
2566,VIGA IPE 270 X6M,MATERIAL - M,UNIDAD - UND,003 - 003 - ACEROS Y REFUERZOS METALICO,1.0,19,1.19,True,False,MARIA PAULA BALLEN MANOSALVA,2025-07-29
2567,VIGA IPE 300 X12M,MATERIAL - M,UNIDAD - UND,003 - 003 - ACEROS Y REFUERZOS METALICO,1.0,19,1.19,True,False,MARIA PAULA BALLEN MANOSALVA,2025-07-29
2568,VIGA IPE 300 X6M,MATERIAL - M,UNIDAD - UND,003 - 003 - ACEROS Y REFUERZOS METALICO,1.0,19,1.19,True,False,MARIA PAULA BALLEN MANOSALVA,2025-07-29
2569,VIGA IPE 330 X12M,MATERIAL - M,UNIDAD - UND,003 - 003 - ACEROS Y REFUERZOS METALICO,1.0,19,1.19,True,False,MARIA PAULA BALLEN MANOSALVA,2025-07-29
2570,VIGA IPE 330 X6M,MATERIAL - M,UNIDAD - UND,003 - 003 - ACEROS Y REFUERZOS METALICO,1.0,19,1.19,True,False,MARIA PAULA BALLEN MANOSALVA,2025-07-29
2571,VIGA IPE 360 X12M,MATERIAL - M,UNIDAD - UND,003 - 003 - ACEROS Y REFUERZOS METALICO,1.0,19,1.19,True,False,MARIA PAULA BALLEN MANOSALVA,2025-07-29
2572,VIGA IPE 360 X6M,MATERIAL - M,UNIDAD - UND,003 - 003 - ACEROS Y REFUERZOS METALICO,1.0,19,1.19,True,False,MARIA PAULA BALLEN MANOSALVA,2025-07-29
2573,VIGA IPE 400 X12M,MATERIAL - M,UNIDAD - UND,003 - 003 - ACEROS Y REFUERZOS METALICO,1.0,19,1.19,True,False,MARIA PAULA BALLEN MANOSALVA,2025-07-29
2574,VIGA IPE 400 X6M,MATERIAL - M,UNIDAD - UND,003 - 003 - ACEROS Y REFUERZOS METALICO,1.0,19,1.19,True,False,MARIA PAULA BALLEN MANOSALVA,2025-07-29
2575,VIGA IPE 450 X12M,MATERIAL - M,UNIDAD - UND,003 - 003 - ACEROS Y REFUERZOS METALICO,1.0,19,1.19,True,False,MARIA PAULA BALLEN MANOSALVA,2025-07-29
2576,VIGA IPE 450 X6M,MATERIAL - M,UNIDAD - UND,003 - 003 - ACEROS Y REFUERZOS METALICO,1.0,19,1.19,True,False,MARIA PAULA BALLEN MANOSALVA,2025-07-29
2577,VIGA IPE 500 X12M,MATERIAL - M,UNIDAD - UND,003 - 003 - ACEROS Y REFUERZOS METALICO,1.0,19,1.19,True,False,MARIA PAULA BALLEN MANOSALVA,2025-07-29
2579,VIGA IPE 500 X6M,MATERIAL - M,UNIDAD - UND,003 - 003 - ACEROS Y REFUERZOS METALICO,1.0,19,1.19,True,False,MARIA PAULA BALLEN MANOSALVA,2025-07-29
2580,VIGA IPE 550 X12M,MATERIAL - M,UNIDAD - UND,003 - 003 - ACEROS Y REFUERZOS METALICO,1.0,19,1.19,True,False,MARIA PAULA BALLEN MANOSALVA,2025-07-29
2581,VIGA IPE 550 X6M,MATERIAL - M,UNIDAD - UND,003 - 003 - ACEROS Y REFUERZOS METALICO,1.0,19,1.19,True,False,MARIA PAULA BALLEN MANOSALVA,2025-07-29
2582,VIGA IPE 600 X12M,MATERIAL - M,UNIDAD - UND,003 - 003 - ACEROS Y REFUERZOS METALICO,1.0,19,1.19,True,False,MARIA PAULA BALLEN MANOSALVA,2025-07-29
2583,VIGA IPE 600 X6M,MATERIAL - M,UNIDAD - UND,003 - 003 - ACEROS Y REFUERZOS METALICO,1.0,19,1.19,True,False,MARIA PAULA BALLEN MANOSALVA,2025-07-29
2584,VIGA IPE 80 X12M,MATERIAL - M,UNIDAD - UND,003 - 003 - ACEROS Y REFUERZOS METALICO,1.0,19,1.19,True,False,MARIA PAULA BALLEN MANOSALVA,2025-07-29
2585,VIGA IPE 80 X6M,MATERIAL - M,UNIDAD - UND,003 - 003 - ACEROS Y REFUERZOS METALICO,1.0,19,1.19,True,False,MARIA PAULA BALLEN MANOSALVA,2025-07-29
2586,VIGILANTE,NOMINA - N,MES - MS,025 - 025 - PERSONAL ADMINISTRATIVO,1.0,0,1.0,True,False,,
2587,VIGUETA EN CONCRETO 15*15*60 CM.,MATERIAL - M,UNIDAD - UND,015 - 015 - REDES ELECTRICAS,1.0,19,1.19,True,False,DIEGO ANDRES RODRIGUEZ RODRIGUEZ,2025-09-22
2588,VIGUETA GALVANIZADA 2.44 M.,MATERIAL - M,UNIDAD - UND,004 - 004 - CUBIERTA Y CANALES,3815.12,19,4539.99,True,False,MARIA PAULA BALLEN MANOSALVA,2025-07-29
2589,VIGUETAS PARA CIELO RASO PVC 2.44 M,MATERIAL - M,UNIDAD - UND,004 - 004 - CUBIERTA Y CANALES,3475.64,19,4136.01,True,False,MARIA PAULA BALLEN MANOSALVA,2025-07-29
2590,VINIPEL ROLLO,CONSUMIBLES - C,UNIDAD - UND,005 - 005 - PAPELERIA,16000.0,19,19040.0,True,False,MARIA PAULA BALLEN MANOSALVA,2025-07-29
2591,VISIOMETRIA,SERVICIOS - Q,UNIDAD - UND,031 - 031 - SERVICIOS MEDICOS,1.0,0,1.0,True,False,,
2592,VOLQUETA 7 M3,EQUIPO - E,HORA - HR,022 - 022 - MAQUINARIA Y EQUIPO,1.0,0,1.0,True,False,,
2593,W10X12 X12M,MATERIAL - M,UNIDAD - UND,003 - 003 - ACEROS Y REFUERZOS METALICO,1.0,19,1.19,True,False,MARIA PAULA BALLEN MANOSALVA,2025-07-29
2594,W10X12 X6M,MATERIAL - M,UNIDAD - UND,003 - 003 - ACEROS Y REFUERZOS METALICO,1.0,19,1.19,True,False,MARIA PAULA BALLEN MANOSALVA,2025-07-29
2595,W10X26 X12M,MATERIAL - M,UNIDAD - UND,003 - 003 - ACEROS Y REFUERZOS METALICO,1.0,19,1.19,True,False,MARIA PAULA BALLEN MANOSALVA,2025-07-29
2596,W10X26 X6M,MATERIAL - M,UNIDAD - UND,003 - 003 - ACEROS Y REFUERZOS METALICO,1.0,19,1.19,True,False,MARIA PAULA BALLEN MANOSALVA,2025-07-29
2597,W12X16 X12M,MATERIAL - M,UNIDAD - UND,003 - 003 - ACEROS Y REFUERZOS METALICO,1.0,19,1.19,True,False,MARIA PAULA BALLEN MANOSALVA,2025-07-29
2598,W12X16 X6M,MATERIAL - M,UNIDAD - UND,003 - 003 - ACEROS Y REFUERZOS METALICO,1.0,19,1.19,True,False,MARIA PAULA BALLEN MANOSALVA,2025-07-29
2599,W12X65 X12M,MATERIAL - M,UNIDAD - UND,003 - 003 - ACEROS Y REFUERZOS METALICO,1.0,19,1.19,True,False,MARIA PAULA BALLEN MANOSALVA,2025-07-29
2600,W12X65 X6M,MATERIAL - M,UNIDAD - UND,003 - 003 - ACEROS Y REFUERZOS METALICO,1.0,19,1.19,True,False,MARIA PAULA BALLEN MANOSALVA,2025-07-29
2601,W14X22 X12M,MATERIAL - M,UNIDAD - UND,003 - 003 - ACEROS Y REFUERZOS METALICO,1.0,19,1.19,True,False,MARIA PAULA BALLEN MANOSALVA,2025-07-29
2602,W14X22 X6M,MATERIAL - M,UNIDAD - UND,003 - 003 - ACEROS Y REFUERZOS METALICO,1.0,19,1.19,True,False,MARIA PAULA BALLEN MANOSALVA,2025-07-29
2603,W16X26 X12M,MATERIAL - M,UNIDAD - UND,003 - 003 - ACEROS Y REFUERZOS METALICO,1.0,19,1.19,True,False,MARIA PAULA BALLEN MANOSALVA,2025-07-29
2604,W16X26 X6M,MATERIAL - M,UNIDAD - UND,003 - 003 - ACEROS Y REFUERZOS METALICO,1.0,19,1.19,True,False,MARIA PAULA BALLEN MANOSALVA,2025-07-29
2605,W21X44 X12M,MATERIAL - M,UNIDAD - UND,003 - 003 - ACEROS Y REFUERZOS METALICO,1.0,19,1.19,True,False,MARIA PAULA BALLEN MANOSALVA,2025-07-29
2606,W21X44 X6M,MATERIAL - M,UNIDAD - UND,003 - 003 - ACEROS Y REFUERZOS METALICO,1.0,19,1.19,True,False,MARIA PAULA BALLEN MANOSALVA,2025-07-29
2607,W6X15 X12M,MATERIAL - M,UNIDAD - UND,003 - 003 - ACEROS Y REFUERZOS METALICO,1.0,19,1.19,True,False,MARIA PAULA BALLEN MANOSALVA,2025-07-29
2608,W6X15 X6M,MATERIAL - M,UNIDAD - UND,003 - 003 - ACEROS Y REFUERZOS METALICO,1.0,19,1.19,True,False,MARIA PAULA BALLEN MANOSALVA,2025-07-29
2609,W6X20 X12M,MATERIAL - M,UNIDAD - UND,003 - 003 - ACEROS Y REFUERZOS METALICO,1.0,19,1.19,True,False,MARIA PAULA BALLEN MANOSALVA,2025-07-29
2610,W6X20 X6M,MATERIAL - M,UNIDAD - UND,003 - 003 - ACEROS Y REFUERZOS METALICO,1.0,19,1.19,True,False,MARIA PAULA BALLEN MANOSALVA,2025-07-29
2611,W6X9 X12M,MATERIAL - M,UNIDAD - UND,003 - 003 - ACEROS Y REFUERZOS METALICO,1.0,19,1.19,True,False,MARIA PAULA BALLEN MANOSALVA,2025-07-29
2612,W6X9 X6M,MATERIAL - M,UNIDAD - UND,003 - 003 - ACEROS Y REFUERZOS METALICO,1.0,19,1.19,True,False,MARIA PAULA BALLEN MANOSALVA,2025-07-29
2613,W8X13 X12M,MATERIAL - M,UNIDAD - UND,003 - 003 - ACEROS Y REFUERZOS METALICO,1.0,19,1.19,True,False,MARIA PAULA BALLEN MANOSALVA,2025-07-29
2614,W8X13 X6M,MATERIAL - M,UNIDAD - UND,003 - 003 - ACEROS Y REFUERZOS METALICO,1.0,19,1.19,True,False,MARIA PAULA BALLEN MANOSALVA,2025-07-29
2615,WIN EN ALUMINIO PLATA BRILLO 2.5 METROS,MATERIAL - M,UNIDAD - UND,009 - 009 - ENCHAPES,10000.0,19,11900.0,True,False,MARIA PAULA BALLEN MANOSALVA,2025-07-29
2616,WIN EN PLASTICO 2.5 METROS,MATERIAL - M,UNIDAD - UND,009 - 009 - ENCHAPES,1.0,19,1.19,True,False,MARIA PAULA BALLEN MANOSALVA,2025-07-29
2617,"YEE PVC SANITARIA DE 1 1/2""",MATERIAL - M,UNIDAD - UND,013 - 013 - INSTALACIONES HIDROSANITARIAS,1.0,0,1.0,True,False,,
2618,"YEE PVC SANITARIA DE 2""",MATERIAL - M,UNIDAD - UND,013 - 013 - INSTALACIONES HIDROSANITARIAS,4312.65,0,4312.65,True,False,,
2619,"YEE PVC SANITARIA DE 3""",MATERIAL - M,UNIDAD - UND,013 - 013 - INSTALACIONES HIDROSANITARIAS,10250.0,0,10250.0,True,False,,
2620,"YEE PVC SANITARIA DE 4""",MATERIAL - M,UNIDAD - UND,013 - 013 - INSTALACIONES HIDROSANITARIAS,18609.57,0,18609.57,True,False,,
2621,"YEE PVC SANITARIA DOBLE DE 1 1/2""",MATERIAL - M,UNIDAD - UND,013 - 013 - INSTALACIONES HIDROSANITARIAS,1.0,0,1.0,True,False,,
2622,"YEE PVC SANITARIA DOBLE DE 2""",MATERIAL - M,UNIDAD - UND,013 - 013 - INSTALACIONES HIDROSANITARIAS,1.0,0,1.0,True,False,,
2623,"YEE PVC SANITARIA DOBLE DE 3""",MATERIAL - M,UNIDAD - UND,013 - 013 - INSTALACIONES HIDROSANITARIAS,1.0,0,1.0,True,False,,
2624,"YEE PVC SANITARIA DOBLE DE 4""",MATERIAL - M,UNIDAD - UND,013 - 013 - INSTALACIONES HIDROSANITARIAS,1.0,0,1.0,True,False,,
2625,YEE SANIT.4X2 REDUCIDAS PVC PAVCO O SIMILAR,MATERIAL - M,UNIDAD - UND,013 - 013 - INSTALACIONES HIDROSANITARIAS,14977.34,0,14977.34,True,False,,
2626,YEES SANITARIAS 2 PULG PAVCO O SIMILAR,MATERIAL - M,UNIDAD - UND,013 - 013 - INSTALACIONES HIDROSANITARIAS,1.0,0,1.0,True,False,,
2627,YEES SANITARIAS 3 PULG PAVCO O SIMILAR,MATERIAL - M,UNIDAD - UND,013 - 013 - INSTALACIONES HIDROSANITARIAS,1.0,0,1.0,True,False,,
2628,YEES SANITARIAS 4 PULG PAVCO O SIMILAR,MATERIAL - M,UNIDAD - UND,013 - 013 - INSTALACIONES HIDROSANITARIAS,1.0,0,1.0,True,False,,
2629,TORNILLO,CONSUMIBLES - C,UNIDAD - UND,020 - 020 - FERRETERIA MENOR,200.0,19,238.0,True,False,DIEGO ANDRES RODRIGUEZ RODRIGUEZ,2025-09-15
2630,ARANDELA,CONSUMIBLES - C,UNIDAD - UND,020 - 020 - FERRETERIA MENOR,100.0,19,119.0,True,False,DIEGO ANDRES RODRIGUEZ RODRIGUEZ,2025-09-15
2631,"YEE PVC SANITARIA DE 5""",MATERIAL - M,UNIDAD - UND,013 - 013 - INSTALACIONES HIDROSANITARIAS,1.0,0,1.0,True,False,,
2632,AGUA LITRO,CONSUMIBLES - C,LITRO - LT,033 - 033 - REPUESTOS E INSUMOS,1.0,19,1.19,True,False,DIEGO ANDRES RODRIGUEZ RODRIGUEZ,2025-09-15
2633,CUADRILLA TIPO A,NOMINA - N,DIA - DIA,024 - 024 - PERSONAL OPERATIVO,0.0,0,0.0,True,False,,
2634,"POSTE DE MADERA INMUNIZADA 2,10 M 9X9 CM",MATERIAL - M,UNIDAD - UND,042 - 042 - AMBIENTAL,1.0,19,1.19,True,False,DIEGO ANDRES RODRIGUEZ RODRIGUEZ,2025-09-22
2635,"POSTE DE MADERA INMUNIZADA 2,10 M 10 X10 CM",MATERIAL - M,UNIDAD - UND,042 - 042 - AMBIENTAL,1.0,19,1.19,True,False,DIEGO ANDRES RODRIGUEZ RODRIGUEZ,2025-09-22
2636,"POSTE PLASTICO 2,10 M 8X8 CM",MATERIAL - M,UNIDAD - UND,042 - 042 - AMBIENTAL,1.0,19,1.19,True,False,DIEGO ANDRES RODRIGUEZ RODRIGUEZ,2025-09-22
2637,"POSTE PLASTICO 2,10 M 9X9 CM",MATERIAL - M,UNIDAD - UND,042 - 042 - AMBIENTAL,1.0,19,1.19,True,False,DIEGO ANDRES RODRIGUEZ RODRIGUEZ,2025-09-22
2638,"POSTE PLASTICO 2,10 M 10X10 CM",MATERIAL - M,UNIDAD - UND,042 - 042 - AMBIENTAL,1.0,19,1.19,True,False,DIEGO ANDRES RODRIGUEZ RODRIGUEZ,2025-09-22
2639,DISPOSICION DE RESIDUOS SOLIDOS,SERVICIOS - Q,KILOGRAMO - KG,042 - 042 - AMBIENTAL,1.0,19,1.19,True,False,DIEGO ANDRES RODRIGUEZ RODRIGUEZ,2025-09-22
2640,DISPOSICION DE RESIDUOS DE CONSTRUCCION Y DEMOLICION (RCD),SERVICIOS - Q,METRO CUBICO - M3,042 - 042 - AMBIENTAL,1.0,19,1.19,True,False,DIEGO ANDRES RODRIGUEZ RODRIGUEZ,2025-09-22
2641,DISPOSICION DE RESIDUOS PELIGROSOS,SERVICIOS - Q,KILOGRAMO - KG,042 - 042 - AMBIENTAL,1.0,19,1.19,True,False,DIEGO ANDRES RODRIGUEZ RODRIGUEZ,2025-09-22
2642,"ALAMBRE DE PUAS CALIBRE 12,5",SERVICIOS - Q,ROLLO - ROLL,042 - 042 - AMBIENTAL,1.0,19,1.19,True,False,DIEGO ANDRES RODRIGUEZ RODRIGUEZ,2025-09-22
2643,ALAMBRE DE PUAS CALIBRE 14,SERVICIOS - Q,ROLLO - ROLL,042 - 042 - AMBIENTAL,1.0,0,1.0,True,False,,
2644,COLMENA COMPLETA ESTANDAR TIPO LANSTROTH,MATERIAL - M,UNIDAD - UND,042 - 042 - AMBIENTAL,1.0,0,1.0,True,False,,
2645,"NUCLEOS DE ABEJAS DE 4 MARCOS, 2 DE ALIMENTO Y 2 DE CRIA EN DESARROLLO, CON REINA FECUNDADA.",MATERIAL - M,UNIDAD - UND,042 - 042 - AMBIENTAL,1.0,0,1.0,True,False,,
2646,ALZA MEDIA CON NUEVE (9) CUADROS,MATERIAL - M,UNIDAD - UND,042 - 042 - AMBIENTAL,1.0,0,1.0,True,False,,
2647,LAMINA DE CERA,MATERIAL - M,UNIDAD - UND,042 - 042 - AMBIENTAL,1.0,0,1.0,True,False,,
2648,SOPORTE METALICO ANTI-HORMIGAS Y OTRAS PLAGAS,MATERIAL - M,UNIDAD - UND,042 - 042 - AMBIENTAL,1.0,0,1.0,True,False,,
2649,TENEDOR DESOPERCULADOR,MATERIAL - M,UNIDAD - UND,042 - 042 - AMBIENTAL,1.0,0,1.0,True,False,,
2650,AHUMADOR. EN ACERO INOXIDABLE TAMANO MEDIANO,MATERIAL - M,UNIDAD - UND,042 - 042 - AMBIENTAL,1.0,0,1.0,True,False,,
2651,CEPILLO PARA BARRER ABEJAS,MATERIAL - M,UNIDAD - UND,042 - 042 - AMBIENTAL,1.0,0,1.0,True,False,,
2652,INCRUSTADOR DE ALAMBRE,MATERIAL - M,UNIDAD - UND,042 - 042 - AMBIENTAL,1.0,0,1.0,True,False,,
2653,PINZA PARA CUADRO,MATERIAL - M,UNIDAD - UND,042 - 042 - AMBIENTAL,1.0,0,1.0,True,False,,
2654,PALANCA EN ACERO,MATERIAL - M,UNIDAD - UND,042 - 042 - AMBIENTAL,1.0,0,1.0,True,False,,
2655,OVEROL ENTERIZO CON CARETA,MATERIAL - M,UNIDAD - UND,042 - 042 - AMBIENTAL,1.0,0,1.0,True,False,,
2656,GUANTES DE CUERO,MATERIAL - M,UNIDAD - UND,042 - 042 - AMBIENTAL,1.0,0,1.0,True,False,,
2657,CENTRIFUGA EN ACERO INOXIDABLE PARA TES CUADROS,MATERIAL - M,UNIDAD - UND,042 - 042 - AMBIENTAL,1.0,0,1.0,True,False,,
2658,ALIMENTADOR DE ABEJAS,MATERIAL - M,UNIDAD - UND,042 - 042 - AMBIENTAL,1.0,0,1.0,True,False,,
2659,VITAMINA PARA ABEJAS,MATERIAL - M,LITRO - LT,042 - 042 - AMBIENTAL,1.0,0,1.0,True,False,,
2660,AZUCAR,MATERIAL - M,KILOGRAMO - KG,042 - 042 - AMBIENTAL,1.0,0,1.0,True,False,,
2661,BATERIA SANITARIA,MATERIAL - M,UNIDAD - UND,042 - 042 - AMBIENTAL,1.0,0,1.0,True,False,,
2662,ALQUILER DE BATERIA SANITARIA,SERVICIOS - Q,UNIDAD - UND,042 - 042 - AMBIENTAL,1.0,0,1.0,True,False,,
2663,MANTENIMIENTO DE BATERIA SANITARIA,SERVICIOS - Q,UNIDAD - UND,042 - 042 - AMBIENTAL,1.0,0,1.0,True,False,,
2664,ABONO ORGANICO,MATERIAL - M,KILOGRAMO - KG,042 - 042 - AMBIENTAL,1.0,0,1.0,True,False,,
2665,FERTILIZANTE TRIPLE 15,MATERIAL - M,KILOGRAMO - KG,042 - 042 - AMBIENTAL,1.0,0,1.0,True,False,,
2666,HIDRORETENEDOR,MATERIAL - M,KILOGRAMO - KG,042 - 042 - AMBIENTAL,1.0,0,1.0,True,False,,
2667,PUNTO ECOLOGICO 3 PUESTOS 53 LITROS BLANCO/ NEGRO/VERDE,MATERIAL - M,UNIDAD - UND,042 - 042 - AMBIENTAL,1.0,0,1.0,True,False,MARIA PAULA BALLEN MANOSALVA,2026-06-04
2668,PUNTO ECOLOGICO 121 LTS CANECA TRIPLE,MATERIAL - M,UNIDAD - UND,042 - 042 - AMBIENTAL,1.0,0,1.0,True,False,,
2669,PLANTA ORNAMENTAL IXORA,MATERIAL - M,UNIDAD - UND,042 - 042 - AMBIENTAL,1.0,0,1.0,True,False,,
2670,PLANTA ORNAMENTAL DURANTA,MATERIAL - M,UNIDAD - UND,042 - 042 - AMBIENTAL,1.0,0,1.0,True,False,,
2671,PLANTA ORNAMENTAL LIMONCILLO,MATERIAL - M,UNIDAD - UND,042 - 042 - AMBIENTAL,1.0,0,1.0,True,False,,
2672,PUNTO ECOLOGICO CANECA DOBLE,MATERIAL - M,UNIDAD - UND,042 - 042 - AMBIENTAL,1.0,0,1.0,True,False,,
2673,KIT CONTROL DE DERRAMES UNIVERSAL 5GL CANECA,MATERIAL - M,UNIDAD - UND,042 - 042 - AMBIENTAL,1.0,0,1.0,True,False,,
2674,KIT CONTROL DE DERRAMES UNIVERSAL 60GL CANECA,MATERIAL - M,UNIDAD - UND,042 - 042 - AMBIENTAL,1.0,0,1.0,True,False,,
2675,PAQUETE DE BOLSAS DE BASURA 50X70 PAQUETE X 10 UND,CONSUMIBLES - C,UNIDAD - UND,042 - 042 - AMBIENTAL,5281.47,19,6284.95,True,False,DIEGO ANDRES RODRIGUEZ RODRIGUEZ,2025-09-15
2676,"BOLSA ECOLOGICA PARA RESIDUOS 121 LTS CALIBRE 2"" NEGRA",MATERIAL - M,UNIDAD - UND,042 - 042 - AMBIENTAL,1.0,0,1.0,True,False,,
2677,"BOLSA ECOLOGICA PARA RESIDUOS 121 LTS CALIBRE 2"" VERDE",MATERIAL - M,UNIDAD - UND,042 - 042 - AMBIENTAL,1.0,0,1.0,True,False,,
2678,"BOLSA ECOLOGICA PARA RESIDUOS 121 LTS CALIBRE 2"" BLANCA",MATERIAL - M,UNIDAD - UND,042 - 042 - AMBIENTAL,1.0,0,1.0,True,False,,
2679,"BOLSA ECOLOGICA PARA RESIDUOS 121 LTS CALIBRE 2"" ROJA",MATERIAL - M,UNIDAD - UND,042 - 042 - AMBIENTAL,1.0,0,1.0,True,False,,
2680,REUBICACION DE EPIFITAS,SERVICIOS - Q,UNIDAD - UND,042 - 042 - AMBIENTAL,1.0,0,1.0,True,False,,
2681,EVALUACION DE LICENCIAS Y TRAMITES AMBIENTALES - CAR,SERVICIOS - Q,UNIDAD - UND,042 - 042 - AMBIENTAL,1.0,0,1.0,True,False,,
2682,TASA DE USO DEL RECURSO HIDRICO - CAR,SERVICIOS - Q,UNIDAD - UND,042 - 042 - AMBIENTAL,1.0,0,1.0,True,False,,
2683,TASA DE APROVECHAMIENTO FORESTAL - CAR,SERVICIOS - Q,UNIDAD - UND,042 - 042 - AMBIENTAL,1.0,0,1.0,True,False,,
2684,VISITA DE CONTROL Y SEGUIMIENTO CAR,SERVICIOS - Q,UNIDAD - UND,042 - 042 - AMBIENTAL,1.0,0,1.0,True,False,,
2686,TABLERO DE CORCHO DE MADERA 90*60 CM,MATERIAL - M,UNIDAD - UND,005 - 005 - PAPELERIA,1.0,19,1.19,True,False,MARIA PAULA BALLEN MANOSALVA,2025-07-29
2687,INDIVIDUO FORESTAL IGUA,MATERIAL - M,UNIDAD - UND,042 - 042 - AMBIENTAL,1.0,0,1.0,True,False,,
2688,INDIVIDUO FORESTAL YOPO,MATERIAL - M,UNIDAD - UND,042 - 042 - AMBIENTAL,1.0,0,1.0,True,False,,
2689,INDIVIDUO FORESTAL FLOR AMARILLO,MATERIAL - M,UNIDAD - UND,042 - 042 - AMBIENTAL,1.0,0,1.0,True,False,,
2690,INDIVIDUO FORESTAL CIMARRU,MATERIAL - M,UNIDAD - UND,042 - 042 - AMBIENTAL,1.0,0,1.0,True,False,,
2691,INDIVIDUO FORESTAL MORICHE,MATERIAL - M,UNIDAD - UND,042 - 042 - AMBIENTAL,1.0,0,1.0,True,False,,
2692,INDIVIDUO FORESTAL GUAMO,MATERIAL - M,UNIDAD - UND,042 - 042 - AMBIENTAL,1.0,0,1.0,True,False,,
2693,INDIVIDUO FORESTAL SAMAN,MATERIAL - M,UNIDAD - UND,042 - 042 - AMBIENTAL,1.0,0,1.0,True,False,,
2694,INDIVIDUO FORESTAL APAMATE,MATERIAL - M,UNIDAD - UND,042 - 042 - AMBIENTAL,1.0,0,1.0,True,False,,
2695,INDIVIDUO FORESTAL GUARATARO,MATERIAL - M,UNIDAD - UND,042 - 042 - AMBIENTAL,1.0,0,1.0,True,False,,
2696,INDIVIDUO FORESTAL BUCARE,MATERIAL - M,UNIDAD - UND,042 - 042 - AMBIENTAL,1.0,0,1.0,True,False,,
2697,INDIVIDUO FORESTAL MAZAGUARO,MATERIAL - M,UNIDAD - UND,042 - 042 - AMBIENTAL,1.0,0,1.0,True,False,,
2698,PALADRAGA TRABAJO PESADO CALIBRE 2 MM,MATERIAL - M,UNIDAD - UND,042 - 042 - AMBIENTAL,69981.45,0,69981.45,True,False,,
2699,"CARRETILLA DE TOLVA DE 6 FT, MATERIAL DE LA TOLVA PLASTICA, RIN METALICO, RUEDA ANTIPINCHAZOS",MATERIAL - M,UNIDAD - UND,042 - 042 - AMBIENTAL,241960.32,0,241960.32,True,False,,
2700,"GUADANA B45, MOTOR 2 TIEMPOS, PESO EN SECO SIN ACCESORIOS: 8.6 KG, CILINDRAJE: 41.5CC, LONGITUD 1.69M, CAPACIDAD COMBUSTIBLE: 760 ML, CARBURADOR DIAFRAGMA.",MATERIAL - M,UNIDAD - UND,042 - 042 - AMBIENTAL,2090431.77,0,2090431.77,True,False,,
2701,PALIN AHOYADOR CON CABO,MATERIAL - M,UNIDAD - UND,042 - 042 - AMBIENTAL,20270.64,0,20270.64,True,False,,
2702,FUMIGADORA DE ESPALDA CON MOTOR 25LT,MATERIAL - M,UNIDAD - UND,042 - 042 - AMBIENTAL,912581.77,0,912581.77,True,False,,
2703,TIJERA DE PODA,MATERIAL - M,UNIDAD - UND,042 - 042 - AMBIENTAL,27223.88,0,27223.88,True,False,,
2704,"PEINILLA NIQUELADA 22""",MATERIAL - M,UNIDAD - UND,042 - 042 - AMBIENTAL,20914.95,0,20914.95,True,False,,
2705,SERRUCHO DE PODA PLEGABLE 12 PULGADAS,MATERIAL - M,UNIDAD - UND,042 - 042 - AMBIENTAL,23337.44,0,23337.44,True,False,,
2706,TULA ECOLOGICAS EN CAMBREL 35X45 CM,MATERIAL - M,UNIDAD - UND,042 - 042 - AMBIENTAL,11000.0,0,11000.0,True,False,,
2707,GPS,MATERIAL - M,UNIDAD - UND,042 - 042 - AMBIENTAL,1.0,0,1.0,True,False,,
2708,VENENO K-OTHRINE SC50-RAFAGA,CONSUMIBLES - C,LITRO - LT,042 - 042 - AMBIENTAL,1.0,19,1.19,True,False,DIEGO ANDRES RODRIGUEZ RODRIGUEZ,2025-09-15
2709,PLAGUISIDA ULTIMA GENERACION,CONSUMIBLES - C,LITRO - LT,042 - 042 - AMBIENTAL,1.0,19,1.19,True,False,DIEGO ANDRES RODRIGUEZ RODRIGUEZ,2025-09-15
2710,CUADRILLA SERVIDUMBRE,NOMINA - N,DIA - DIA,024 - 024 - PERSONAL OPERATIVO,1.0,0,1.0,True,False,,
2711,DESMONTE DE VENTANAS,SERVICIOS - Q,UNIDAD - UND,018 - 018 - CARPINTERIA METALICA,1.0,0,1.0,True,False,,
2712,CUADRILLA AA ( AY.2-OF.1,HONORARIOS - H,DIA - DIA,024 - 024 - PERSONAL OPERATIVO,1.0,0,1.0,True,False,,
2713,CUADRILLA BB (AY.4-OF.1),HONORARIOS - H,DIA - DIA,024 - 024 - PERSONAL OPERATIVO,1.0,0,1.0,True,False,,
2714,CUADRILLA CC (AY.1-OF.1),NOMINA - N,DIA - DIA,024 - 024 - PERSONAL OPERATIVO,1.0,0,1.0,True,False,,
2715,CUADRILLA DD (AY.3-OF.1),HONORARIOS - H,DIA - DIA,024 - 024 - PERSONAL OPERATIVO,1.0,0,1.0,True,False,,
2716,CUADRILLA EE,HONORARIOS - H,DIA - DIA,024 - 024 - PERSONAL OPERATIVO,1.0,0,1.0,True,False,,
2717,HERRAMIENTA MENOR,NOMINA - N,Porcentaje - %,022 - 022 - MAQUINARIA Y EQUIPO,0.0,0,0.0,True,False,,
2718,CONCRETO 3000 PSI PREMEZCLADO,MATERIAL - M,METRO CUBICO - M3,006 - 006 - CONCRETOS Y MORTEROS,1.0,19,1.19,True,False,MARIA PAULA BALLEN MANOSALVA,2025-07-29
2719,CONCRETO 3500 PSI PREMEZCLADO,MATERIAL - M,METRO CUBICO - M3,006 - 006 - CONCRETOS Y MORTEROS,1.0,19,1.19,True,False,MARIA PAULA BALLEN MANOSALVA,2025-07-29
2720,CONCRETO 2000 PSI PREMEZCLADO,MATERIAL - M,METRO CUBICO - M3,006 - 006 - CONCRETOS Y MORTEROS,1.0,19,1.19,True,False,MARIA PAULA BALLEN MANOSALVA,2025-07-29
2721,PARALES TELESCOPICOS DE 4 METROS,EQUIPO - E,DIA - DIA,022 - 022 - MAQUINARIA Y EQUIPO,1.0,0,1.0,True,False,,
2722,CERCHAS METALICA DE 3 MT,EQUIPO - E,DIA - DIA,022 - 022 - MAQUINARIA Y EQUIPO,1.0,0,1.0,True,False,,
2723,PLUMA ELECTRICA,EQUIPO - E,DIA - DIA,022 - 022 - MAQUINARIA Y EQUIPO,1.0,0,1.0,True,False,,
2724,TUBERIA PVC CORRUG. ALC. 24PULG.,MATERIAL - M,METRO LINEAL - ML,013 - 013 - INSTALACIONES HIDROSANITARIAS,269685.5,0,269685.5,True,False,,
2725,EXTINTOR CO2 DE 20 LIBRAS,DOTACION - D,UNIDAD - UND,026 - 026 - EQUIPOS ESPECIALIZADOS,1.0,0,1.0,True,False,,
2726,EXTINTOR AUTOMATICO AGENTE QUIMICO SECO CF-33. CFP-1300,DOTACION - D,UNIDAD - UND,026 - 026 - EQUIPOS ESPECIALIZADOS,12048101.64,0,12048101.64,True,False,,
2728,BISEL NOVALOC 24 PULG.,MATERIAL - M,UNIDAD - UND,013 - 013 - INSTALACIONES HIDROSANITARIAS,1.0,0,1.0,True,False,,
2729,LUBRICANTE PARA TUBERIA X4 KG.,MATERIAL - M,UNIDAD - UND,013 - 013 - INSTALACIONES HIDROSANITARIAS,1.0,0,1.0,True,False,,
2730,HIDROSELLO 24 PULG. (600 MM.),MATERIAL - M,UNIDAD - UND,013 - 013 - INSTALACIONES HIDROSANITARIAS,1.0,0,1.0,True,False,,
2731,SOLDADURA PVC LIQUIDA 1/8 GLN,MATERIAL - M,UNIDAD - UND,013 - 013 - INSTALACIONES HIDROSANITARIAS,35750.0,0,35750.0,True,False,,
2732,DIFERENCIAL DE 5 TON.,EQUIPO - E,DIA - DIA,022 - 022 - MAQUINARIA Y EQUIPO,1.0,0,1.0,True,False,,
2733,"CASETON EN POLIESTIRENO EXPANDIDO H=0,40M",MATERIAL - M,METRO CUADRADO - M2,006 - 006 - CONCRETOS Y MORTEROS,84737.5,19,100837.62,True,False,MARIA PAULA BALLEN MANOSALVA,2025-07-29
2734,PLASTICO NEGRO POLIETILENO 3M X100M,MATERIAL - M,UNIDAD - UND,001 - 001 - ADHESIVOS Y ADITIVOS,469553.5,19,558768.66,True,False,DIEGO ANDRES RODRIGUEZ RODRIGUEZ,2025-07-29
2735,"TABLERO METALICO 1,2*0,6MTS-UNIDAD",EQUIPO - E,DIA - DIA,022 - 022 - MAQUINARIA Y EQUIPO,1.0,0,1.0,True,False,,
2736,LISTON DE MADERA 0.05X0.05X3M,MATERIAL - M,UNIDAD - UND,019 - 019 - CARPINTERIA MADERA,12135.65,0,12135.65,True,False,,
2737,CIZALLA MANUAL,EQUIPO - E,UNIDAD - UND,022 - 022 - MAQUINARIA Y EQUIPO,82000.0,0,82000.0,True,False,,
2738,DOBLADORA MANUAL,EQUIPO - E,UNIDAD - UND,022 - 022 - MAQUINARIA Y EQUIPO,1.0,0,1.0,True,False,,
2739,LOSETA DE CEMENTO 0.40*0.40*0.06 M,MATERIAL - M,UNIDAD - UND,007 - 007 - PREFABRICADOS EN CONCRETO,12125.0,0,12125.0,True,False,,
2740,DISCO DIAMANTADO SEGMENTADO 14 PULG.,MATERIAL - M,UNIDAD - UND,020 - 020 - FERRETERIA MENOR,18300.0,19,21777.0,True,False,DIEGO ANDRES RODRIGUEZ RODRIGUEZ,2025-09-16
2741,CORTADORA DE PAVIMENTO 9 HP,EQUIPO - E,DIA - DIA,022 - 022 - MAQUINARIA Y EQUIPO,1.0,0,1.0,True,False,,
2742,CUADRILLA FF,NOMINA - N,DIA - DIA,024 - 024 - PERSONAL OPERATIVO,1.0,0,1.0,True,False,,
2743,SIKAFLEX-401 PAVEMENT SL.,MATERIAL - M,GALON - GAL,001 - 001 - ADHESIVOS Y ADITIVOS,465854.06,19,554366.33,True,False,DIEGO ANDRES RODRIGUEZ RODRIGUEZ,2025-07-29
2744,SIKAROD 3/8 PULG.,MATERIAL - M,METRO - M,001 - 001 - ADHESIVOS Y ADITIVOS,2385.95,19,2839.28,True,False,DIEGO ANDRES RODRIGUEZ RODRIGUEZ,2025-07-29
2745,SIKAFLOOR 510,MATERIAL - M,KILOGRAMO - KG,001 - 001 - ADHESIVOS Y ADITIVOS,1.0,19,1.19,True,False,DIEGO ANDRES RODRIGUEZ RODRIGUEZ,2025-07-29
2746,SIKAFLOOR 261,MATERIAL - M,KILOGRAMO - KG,001 - 001 - ADHESIVOS Y ADITIVOS,1.0,19,1.19,True,False,DIEGO ANDRES RODRIGUEZ RODRIGUEZ,2025-07-29
2747,SIKADUR-EXTENDER T.,MATERIAL - M,KILOGRAMO - KG,001 - 001 - ADHESIVOS Y ADITIVOS,1.0,19,1.19,True,False,DIEGO ANDRES RODRIGUEZ RODRIGUEZ,2025-07-29
2748,SIKAFLOOR 81 EPOCEN COMPONENTE C,MAQUINARIA - B,KILOGRAMO - KG,001 - 001 - ADHESIVOS Y ADITIVOS,1.0,19,1.19,True,False,DIEGO ANDRES RODRIGUEZ RODRIGUEZ,2025-07-29
2749,ADHESIVO SIKAFLEX 515 * 300 MG.,MATERIAL - M,UNIDAD - UND,001 - 001 - ADHESIVOS Y ADITIVOS,1.0,19,1.19,True,False,DIEGO ANDRES RODRIGUEZ RODRIGUEZ,2025-07-29
2750,COMPRESOR DE 150 LB,EQUIPO - E,DIA - DIA,022 - 022 - MAQUINARIA Y EQUIPO,1.0,0,1.0,True,False,,
2751,CATALIZADOR WASH PRIMER,MATERIAL - M,GALON - GAL,001 - 001 - ADHESIVOS Y ADITIVOS,183052.94,19,217833.0,True,False,DIEGO ANDRES RODRIGUEZ RODRIGUEZ,2025-07-29
2752,PINTURA EPOXICA POLIAMIDAS (SIKAGUAR-68 BRILLANTE) 7.3 KG,MATERIAL - M,GALON - GAL,001 - 001 - ADHESIVOS Y ADITIVOS,858803.36,19,1021976.0,True,False,DIEGO ANDRES RODRIGUEZ RODRIGUEZ,2025-07-29
2753,LOSA PREFABRICADA DE CONCRETO (100CMX15CMX4.5CM) TIPO DECK EN CONCRETO,MATERIAL - M,UNIDAD - UND,007 - 007 - PREFABRICADOS EN CONCRETO,25937.5,0,25937.5,True,False,,
2754,"TALA DE ARBOLES A TODO COSTO (INCLUYE TALA, ROLEO, REPIQUE)",SERVICIOS - Q,UNIDAD - UND,024 - 024 - PERSONAL OPERATIVO,1.0,0,1.0,True,False,,
2755,SARDINEL PREF.CCTO.3500 PSI PERFOR.0.80*0.20*0.50(A-10),MATERIAL - M,UNIDAD - UND,007 - 007 - PREFABRICADOS EN CONCRETO,51000.0,0,51000.0,True,False,,
2756,PULIDORA 4 PULG.,EQUIPO - E,DIA - DIA,022 - 022 - MAQUINARIA Y EQUIPO,1.0,0,1.0,True,False,,
2757,LADRILLO PRENSADO PERFORADO PESCADERO 1,MATERIAL - M,UNIDAD - UND,010 - 010 - MAMPOSTERIA,1.0,0,1.0,True,False,,
2758,GUARDAESCOBA ACRILICO,MATERIAL - M,METRO - M,017 - 017 - ACABADOS Y PINTURA,1.0,0,1.0,True,False,,
2759,LAMINA ETERBOARD 8 MM.,MATERIAL - M,METRO CUADRADO - M2,007 - 007 - PREFABRICADOS EN CONCRETO,30269.1,0,30269.1,True,False,,
2760,ESTUCO PARA INTERIORES,MATERIAL - M,KILOGRAMO - KG,017 - 017 - ACABADOS Y PINTURA,1.0,0,1.0,True,False,,
2761,TEX JOINT JUNTAS,MATERIAL - M,KILOGRAMO - KG,001 - 001 - ADHESIVOS Y ADITIVOS,1.0,19,1.19,True,False,DIEGO ANDRES RODRIGUEZ RODRIGUEZ,2025-07-29
2762,LIJA 150,MATERIAL - M,UNIDAD - UND,020 - 020 - FERRETERIA MENOR,1831.59,19,2179.59,True,False,DIEGO ANDRES RODRIGUEZ RODRIGUEZ,2025-09-16
2763,CINTA MALLAX90 MTS.,MATERIAL - M,UNIDAD - UND,001 - 001 - ADHESIVOS Y ADITIVOS,1.0,19,1.19,True,False,DIEGO ANDRES RODRIGUEZ RODRIGUEZ,2025-07-29
2764,TORNILLO 7*7/16 PULG.,MATERIAL - M,UNIDAD - UND,020 - 020 - FERRETERIA MENOR,21.42,19,25.49,True,False,DIEGO ANDRES RODRIGUEZ RODRIGUEZ,2025-09-16
2765,TORNILLO 8X1-1/4 PULG.. ALETAS,MATERIAL - M,UNIDAD - UND,020 - 020 - FERRETERIA MENOR,59.5,19,70.8,True,False,DIEGO ANDRES RODRIGUEZ RODRIGUEZ,2025-09-16
2766,CANAL MURO 9 CMS.-2.44 M. CAL. 24,MATERIAL - M,UNIDAD - UND,020 - 020 - FERRETERIA MENOR,10224.9,19,12167.63,True,False,DIEGO ANDRES RODRIGUEZ RODRIGUEZ,2025-09-16
2767,PARAL MURO 9X4 CMS.X2.44 M. CAL.24,MATERIAL - M,UNIDAD - UND,020 - 020 - FERRETERIA MENOR,11237.58,19,13372.72,True,False,DIEGO ANDRES RODRIGUEZ RODRIGUEZ,2025-09-16
2768,SUPERMASTICO*28 KG.-4.5 GAL.,MATERIAL - M,KILOGRAMO - KG,017 - 017 - ACABADOS Y PINTURA,1.0,0,1.0,True,False,,
2769,TRONZADORA 14 PULG.,EQUIPO - E,UNIDAD - UND,022 - 022 - MAQUINARIA Y EQUIPO,632784.0,0,632784.0,True,False,MARIA PAULA BALLEN MANOSALVA,2025-06-26
2770,TUBERIA PVC SANITARIA 2 PULG.,MATERIAL - M,METRO - M,013 - 013 - INSTALACIONES HIDROSANITARIAS,4556.16,0,4556.16,True,False,,
2772,TUBERIA PVC SANITARIA 6 PULG.,MATERIAL - M,METRO - M,013 - 013 - INSTALACIONES HIDROSANITARIAS,16646.43,0,16646.43,True,False,,
2773,UNION PVC SANITARIA DE 6 PULG.,MATERIAL - M,METRO - M,013 - 013 - INSTALACIONES HIDROSANITARIAS,10556.49,0,10556.49,True,False,,
2774,TUBERIA PVC RDE 21-200 PSI 1 PULG. EXT. LISO,MATERIAL - M,METRO - M,012 - 012 - INSTALACIONES HIDRAULICAS,1900.01,0,1900.01,True,False,,
2776,"TUBERIA SANITARIA 2"" X 6MTS",MATERIAL - M,UNIDAD - UND,012 - 012 - INSTALACIONES HIDRAULICAS,27373.28,0,27373.28,True,False,LUIS FERNANDO CAMPO ACOSTA,2025-06-24
2780,UNION PVC DE PRESION DE 1/2 PULG.,MATERIAL - M,UNIDAD - UND,012 - 012 - INSTALACIONES HIDRAULICAS,386.4,0,386.4,True,False,DIEGO ANDRES RODRIGUEZ RODRIGUEZ,2025-06-14
2781,ADAPTADOR MACHO PVC 1/2 PULG.,MATERIAL - M,UNIDAD - UND,012 - 012 - INSTALACIONES HIDRAULICAS,449.95,0,449.95,True,False,,
2782,CODO 90° PVC PRESION 1/2 PULG.,MATERIAL - M,UNIDAD - UND,012 - 012 - INSTALACIONES HIDRAULICAS,500.0,0,500.0,True,False,,
2783,CINTA TEFLON,MATERIAL - M,UNIDAD - UND,012 - 012 - INSTALACIONES HIDRAULICAS,1.0,0,1.0,True,False,,
2785,GRANITO GRIS,MATERIAL - M,KILOGRAMO - KG,001 - 001 - ADHESIVOS Y ADITIVOS,1072.1,19,1275.8,True,False,DIEGO ANDRES RODRIGUEZ RODRIGUEZ,2025-07-29
2786,CERA LIQUIDA PARA PISOS,MATERIAL - M,GALON - GAL,001 - 001 - ADHESIVOS Y ADITIVOS,25000.0,19,29750.0,True,False,DIEGO ANDRES RODRIGUEZ RODRIGUEZ,2025-07-29
2787,CUADRILA ELECTRICA A1,HONORARIOS - H,DIA - DIA,024 - 024 - PERSONAL OPERATIVO,1.0,0,1.0,True,False,,
2788,LINIERO ELECTRICO,HONORARIOS - H,DIA - DIA,024 - 024 - PERSONAL OPERATIVO,1.0,0,1.0,True,False,,
2789,CUADRILLA ELECTRICA B1,HONORARIOS - H,DIA - DIA,024 - 024 - PERSONAL OPERATIVO,1.0,0,1.0,True,False,,
2790,CUADRILLA ELECTRICA C1,HONORARIOS - H,DIA - DIA,024 - 024 - PERSONAL OPERATIVO,1.0,0,1.0,True,False,,
2791,"CUADRILLA ELECTRICA D1 (L1,A1,C1)",HONORARIOS - H,DIA - DIA,024 - 024 - PERSONAL OPERATIVO,1.0,0,1.0,True,False,,
2792,MARCO Y TAPA CAJA AP 276,MATERIAL - M,UNIDAD - UND,"014 - 014 - INSTALACIONES ELECTRICAS, VOZ Y DATOS",1059100.0,19,1260329.0,True,False,DIEGO ANDRES RODRIGUEZ RODRIGUEZ,2025-09-22
2793,"TERMINAL TIPO CAMPANA PVC 2""",MATERIAL - M,UNIDAD - UND,"014 - 014 - INSTALACIONES ELECTRICAS, VOZ Y DATOS",4179.02,19,4973.03,True,False,DIEGO ANDRES RODRIGUEZ RODRIGUEZ,2025-09-22
2794,"CUADRILLA ELECTRICA E1 (A2, L2, C1)",HONORARIOS - H,DIA - DIA,024 - 024 - PERSONAL OPERATIVO,1.0,0,1.0,True,False,,
2795,"CUADRILLA ELECTRICA F1 (A4, T2, C1)",HONORARIOS - H,DIA - DIA,024 - 024 - PERSONAL OPERATIVO,1.0,0,1.0,True,False,,
2796,"CUADRILLA ELECTRICA A1 (A2, T1)",HONORARIOS - H,DIA - DIA,024 - 024 - PERSONAL OPERATIVO,1.0,0,1.0,True,False,,
2797,"TUBERIA PVC CONDUIT 2""PULG. EXT. LISO",MATERIAL - M,METRO - M,"014 - 014 - INSTALACIONES ELECTRICAS, VOZ Y DATOS",6150.91,19,7319.58,True,False,HECTOR ENRIQUE OVIEDO SOSA,2025-09-23
2798,CINTA REFLECTIVA DE SENALIZACION,MATERIAL - M,METRO - M,"014 - 014 - INSTALACIONES ELECTRICAS, VOZ Y DATOS",196.0,19,233.24,True,False,DIEGO ANDRES RODRIGUEZ RODRIGUEZ,2025-09-22
2799,CABLE DE COBRE CALIBRE 4/0 COLOR NEGRO,MATERIAL - M,METRO - M,"014 - 014 - INSTALACIONES ELECTRICAS, VOZ Y DATOS",78838.76,19,93818.12,True,False,DIEGO ANDRES RODRIGUEZ RODRIGUEZ,2025-09-22
2800,CINTA AISLANTE ROJO-AMARILLO-AZUL-VERDE-CAFE- DE 3 M.,MATERIAL - M,UNIDAD - UND,"014 - 014 - INSTALACIONES ELECTRICAS, VOZ Y DATOS",1500.11,19,1785.13,True,False,DIEGO ANDRES RODRIGUEZ RODRIGUEZ,2025-09-22
2801,"CUADRILLA ELECTRICA G1 (A2, T1, L2, C1)",HONORARIOS - H,DIA - DIA,024 - 024 - PERSONAL OPERATIVO,1.0,0,1.0,True,False,DIEGO ANDRES RODRIGUEZ RODRIGUEZ,2025-06-16
2802,CAJA PARA CONTADOR POLIFASICO NORMALIZADO CON PIN DE CORTE.,MATERIAL - M,UNIDAD - UND,"014 - 014 - INSTALACIONES ELECTRICAS, VOZ Y DATOS",70921.01,19,84396.0,True,False,DIEGO ANDRES RODRIGUEZ RODRIGUEZ,2025-09-22
2803,"TUBO GALVANIZADO DE 1""",MATERIAL - M,UNIDAD - UND,"014 - 014 - INSTALACIONES ELECTRICAS, VOZ Y DATOS",161078.4,19,191683.3,True,False,DIEGO ANDRES RODRIGUEZ RODRIGUEZ,2025-09-22
2804,"CAPACETE IMC 1 1/2""",MATERIAL - M,UNIDAD - UND,"014 - 014 - INSTALACIONES ELECTRICAS, VOZ Y DATOS",7558.24,19,8994.31,True,False,DIEGO ANDRES RODRIGUEZ RODRIGUEZ,2025-09-22
2805,"CONECTOR PARA CORAZA METALICA 1""",MATERIAL - M,UNIDAD - UND,"014 - 014 - INSTALACIONES ELECTRICAS, VOZ Y DATOS",1.0,19,1.19,True,False,DIEGO ANDRES RODRIGUEZ RODRIGUEZ,2025-09-22
2806,"CORAZA METALICA DE 1""",MATERIAL - M,METRO - M,"014 - 014 - INSTALACIONES ELECTRICAS, VOZ Y DATOS",1.0,19,1.19,True,False,DIEGO ANDRES RODRIGUEZ RODRIGUEZ,2025-09-22
2807,"CUADRILLA ELECTRICA H1 (A1, T2)",NOMINA - N,DIA - DIA,024 - 024 - PERSONAL OPERATIVO,1.0,0,1.0,True,False,,
2808,CAJA DE PASO DE 20X20,MATERIAL - M,UNIDAD - UND,"014 - 014 - INSTALACIONES ELECTRICAS, VOZ Y DATOS",29864.68,19,35538.97,True,False,DIEGO ANDRES RODRIGUEZ RODRIGUEZ,2025-09-22
2809,"CUADRILLA ELECTRICA I1 (A1, T1)",NOMINA - N,DIA - DIA,024 - 024 - PERSONAL OPERATIVO,1.0,0,1.0,True,False,,
2810,TABLERO MONOFASICO DE 8 CIRCUITOS CON PUERTA,MATERIAL - M,UNIDAD - UND,"014 - 014 - INSTALACIONES ELECTRICAS, VOZ Y DATOS",48022.15,19,57146.36,True,False,DIEGO ANDRES RODRIGUEZ RODRIGUEZ,2025-09-22
2811,TUBERIA CONDUIT GALVANIZADO IMC 1 PULG X3M,MATERIAL - M,UNIDAD - UND,"014 - 014 - INSTALACIONES ELECTRICAS, VOZ Y DATOS",18256.44,19,21725.16,True,False,JAVIER ORLANDO SANABRIA JIMENEZ,2026-07-03
2812,ACCESORIOS,MATERIAL - M,UNIDAD - UND,"014 - 014 - INSTALACIONES ELECTRICAS, VOZ Y DATOS",1.0,19,1.19,True,False,DIEGO ANDRES RODRIGUEZ RODRIGUEZ,2025-09-22
2814,TUBERIA CONDUIT PVC 1/2 PULG.,MATERIAL - M,METRO - M,"014 - 014 - INSTALACIONES ELECTRICAS, VOZ Y DATOS",1291.15,19,1536.47,True,False,DIEGO ANDRES RODRIGUEZ RODRIGUEZ,2025-09-22
2815,TUBERIA CONDUIT PVC 1 PULG.,MATERIAL - M,METRO - M,"014 - 014 - INSTALACIONES ELECTRICAS, VOZ Y DATOS",21136.67,19,25152.64,True,False,DIEGO ANDRES RODRIGUEZ RODRIGUEZ,2025-09-22
2816,ACCESORIOS 1 PULG.,MATERIAL - M,UNIDAD - UND,"014 - 014 - INSTALACIONES ELECTRICAS, VOZ Y DATOS",1.0,19,1.19,True,False,DIEGO ANDRES RODRIGUEZ RODRIGUEZ,2025-09-22
2817,CABLE DE COBRE AISLADO THHN/THWN 12 AWG,MATERIAL - M,METRO - M,"014 - 014 - INSTALACIONES ELECTRICAS, VOZ Y DATOS",2493.06,19,2966.74,True,False,DIEGO ANDRES RODRIGUEZ RODRIGUEZ,2025-09-22
2818,TOMACORRIENTE DOBLE,MATERIAL - M,UNIDAD - UND,"014 - 014 - INSTALACIONES ELECTRICAS, VOZ Y DATOS",4841.94,19,5761.91,True,False,DIEGO ANDRES RODRIGUEZ RODRIGUEZ,2025-09-22
2819,CAJA DE 4*2 GALVANIZADATUBERIA CONDUIT GALVANIZADA IMC NTC-105 DE 1/2 PULG.AMERICAN STEEL O SIMILAR,MATERIAL - M,METRO - M,"014 - 014 - INSTALACIONES ELECTRICAS, VOZ Y DATOS",1.0,19,1.19,True,False,DIEGO ANDRES RODRIGUEZ RODRIGUEZ,2025-09-22
2821,CABLE DE COBRE # 12 LIBRE DE HALOGENO,MATERIAL - M,METRO - M,"014 - 014 - INSTALACIONES ELECTRICAS, VOZ Y DATOS",2608.91,19,3104.6,True,False,DIEGO ANDRES RODRIGUEZ RODRIGUEZ,2025-09-22
2822,TOMACORRIENTE DOBLE REGULADOS,MATERIAL - M,UNIDAD - UND,"014 - 014 - INSTALACIONES ELECTRICAS, VOZ Y DATOS",12667.55,19,15074.38,True,False,DIEGO ANDRES RODRIGUEZ RODRIGUEZ,2025-09-22
2824,INTERRUPTOR SENCILLO L/P LX BLANCO,MATERIAL - M,UNIDAD - UND,"014 - 014 - INSTALACIONES ELECTRICAS, VOZ Y DATOS",3110.66,19,3701.69,True,False,DIEGO ANDRES RODRIGUEZ RODRIGUEZ,2025-09-22
2826,CABLE COBRE NO.2/0 DESNUDO,MATERIAL - M,METRO - M,"014 - 014 - INSTALACIONES ELECTRICAS, VOZ Y DATOS",44878.51,19,53405.43,True,False,DIEGO ANDRES RODRIGUEZ RODRIGUEZ,2025-09-22
2827,HEBILLA O GRAPA ACERO INOXIDABLE,MATERIAL - M,UNIDAD - UND,"014 - 014 - INSTALACIONES ELECTRICAS, VOZ Y DATOS",15524.05,19,18473.62,True,False,DIEGO ANDRES RODRIGUEZ RODRIGUEZ,2025-09-22
2829,SOLDADURA CADWELL THERMOWELD 115 GR.,MATERIAL - M,UNIDAD - UND,"014 - 014 - INSTALACIONES ELECTRICAS, VOZ Y DATOS",19078.68,19,22703.63,True,False,DIEGO ANDRES RODRIGUEZ RODRIGUEZ,2025-09-22
2830,CI A BANDIT DE 5/8,MATERIAL - M,METRO - M,"014 - 014 - INSTALACIONES ELECTRICAS, VOZ Y DATOS",3332.0,19,3965.08,True,False,DIEGO ANDRES RODRIGUEZ RODRIGUEZ,2025-09-22
2831,"CUADRILLA ELECTRICA J1 (A3, T2)",NOMINA - N,DIA - DIA,024 - 024 - PERSONAL OPERATIVO,1.0,0,1.0,True,False,,
2833,MARQUILLA PARA RACK DE COMUNIICACION,MATERIAL - M,UNIDAD - UND,"014 - 014 - INSTALACIONES ELECTRICAS, VOZ Y DATOS",1.0,19,1.19,True,False,DIEGO ANDRES RODRIGUEZ RODRIGUEZ,2025-09-22
2835,LIBRO ETIQUET.190 DATOS,MATERIAL - M,UNIDAD - UND,"014 - 014 - INSTALACIONES ELECTRICAS, VOZ Y DATOS",1.0,19,1.19,True,False,DIEGO ANDRES RODRIGUEZ RODRIGUEZ,2025-09-22
2836,WALL PLATE AJUSTE SENCILLO,MATERIAL - M,UNIDAD - UND,"014 - 014 - INSTALACIONES ELECTRICAS, VOZ Y DATOS",1.0,19,1.19,True,False,DIEGO ANDRES RODRIGUEZ RODRIGUEZ,2025-09-22
2837,CAJA PLASTICA PARA CANALETA,MATERIAL - M,UNIDAD - UND,"014 - 014 - INSTALACIONES ELECTRICAS, VOZ Y DATOS",1.0,19,1.19,True,False,DIEGO ANDRES RODRIGUEZ RODRIGUEZ,2025-09-22
2838,TOMA DOBLE JACK RJ-45 110 CAT 6 AMP.,MATERIAL - M,UNIDAD - UND,"014 - 014 - INSTALACIONES ELECTRICAS, VOZ Y DATOS",38159.73,19,45410.08,True,False,DIEGO ANDRES RODRIGUEZ RODRIGUEZ,2025-09-22
2839,TUBERIA GALVANIZADA IMC 3/4 PULG.,MATERIAL - M,METRO - M,"014 - 014 - INSTALACIONES ELECTRICAS, VOZ Y DATOS",12719.91,19,15136.69,True,False,DIEGO ANDRES RODRIGUEZ RODRIGUEZ,2025-09-22
2840,TERMINAL CONECTOR CONDUIT EMT 3/4 PULG.,MATERIAL - M,UNIDAD - UND,"014 - 014 - INSTALACIONES ELECTRICAS, VOZ Y DATOS",6075.22,19,7229.51,True,False,DIEGO ANDRES RODRIGUEZ RODRIGUEZ,2025-09-22
2841,UNION CONDUIT GALVANIZADA EMT 3/4 PULG.,MATERIAL - M,UNIDAD - UND,"014 - 014 - INSTALACIONES ELECTRICAS, VOZ Y DATOS",1.0,19,1.19,True,False,DIEGO ANDRES RODRIGUEZ RODRIGUEZ,2025-09-22
2842,CURVA CONDUIT 90° GALVANIZADA EMT 3/4PULG.,MATERIAL - M,UNIDAD - UND,"014 - 014 - INSTALACIONES ELECTRICAS, VOZ Y DATOS",1.0,19,1.19,True,False,DIEGO ANDRES RODRIGUEZ RODRIGUEZ,2025-09-22
2844,CAMARA DE SEGURIDAD ULTRA HD 2K DE 4MP,MATERIAL - M,UNIDAD - UND,"014 - 014 - INSTALACIONES ELECTRICAS, VOZ Y DATOS",352799.3,19,419831.17,True,False,DIEGO ANDRES RODRIGUEZ RODRIGUEZ,2025-09-22
2845,RANA VIBROCOMPACTADORA GRANDE 8 HP,EQUIPO - E,DIA - DIA,022 - 022 - MAQUINARIA Y EQUIPO,1.0,0,1.0,True,False,,
2846,ESTACA EN MADERA H=50CM,MATERIAL - M,UNIDAD - UND,019 - 019 - CARPINTERIA MADERA,1.0,0,1.0,True,False,,
2847,HILO - PITA,MATERIAL - M,ROLLO - ROLL,020 - 020 - FERRETERIA MENOR,4772.0,19,5678.68,True,False,DIEGO ANDRES RODRIGUEZ RODRIGUEZ,2025-09-16
2848,"TOMACORRIENTE GFCI, 120 V",MATERIAL - M,UNIDAD - UND,"014 - 014 - INSTALACIONES ELECTRICAS, VOZ Y DATOS",29001.5,19,34511.78,True,False,DIEGO ANDRES RODRIGUEZ RODRIGUEZ,2025-09-22
2849,TOMA SENCILLO JACK RJ-45 110 CAT 6 AMP.,MATERIAL - M,UNIDAD - UND,"014 - 014 - INSTALACIONES ELECTRICAS, VOZ Y DATOS",1.0,19,1.19,True,False,DIEGO ANDRES RODRIGUEZ RODRIGUEZ,2025-09-22
2850,TUBERIA PVC AGUAS LLUVIAS 3 PULG.,MATERIAL - M,METRO - M,013 - 013 - INSTALACIONES HIDROSANITARIAS,1.0,0,1.0,True,False,,
2851,"PASAMANOS ANCLADO A MURO EN TUBO DE ACERO INOXIDABLE D=2 PULG, INCLUYE ELEMENTOS DE INSTALACION",MATERIAL - M,METRO - M,018 - 018 - CARPINTERIA METALICA,39120.06,0,39120.06,True,False,,
2852,TUBERIA METALICA REDONDO ESTRUCTURAL 2 PULG. 3 MM X6M,MATERIAL - M,UNIDAD - UND,018 - 018 - CARPINTERIA METALICA,128099.93,0,128099.93,True,False,NOLYS ALEYDA ACOSTA MORALES,2025-06-27
2853,"CHAZOS DE ANCLAJE EXPANSIVO 1/2"" X 3""",MATERIAL - M,UNIDAD - UND,020 - 020 - FERRETERIA MENOR,861.99,19,1025.77,True,False,DIEGO ANDRES RODRIGUEZ RODRIGUEZ,2025-09-16
2854,SOLDADURA 6013X1/8 PULG - CE2025,MATERIAL - M,KILOGRAMO - KG,018 - 018 - CARPINTERIA METALICA,15393.19,0,15393.19,True,False,,
2855,ANTICORROSIVO GRIS,MATERIAL - M,GALON - GAL,018 - 018 - CARPINTERIA METALICA,49003.33,0,49003.33,True,False,,
2856,THINNER,MATERIAL - M,GALON - GAL,001 - 001 - ADHESIVOS Y ADITIVOS,23888.19,19,28426.95,True,False,DIEGO ANDRES RODRIGUEZ RODRIGUEZ,2025-07-29
2857,PLATINA 100*370*8 MM.,MATERIAL - M,UNIDAD - UND,003 - 003 - ACEROS Y REFUERZOS METALICO,24500.0,0,24500.0,True,False,MARIA PAULA BALLEN MANOSALVA,2026-05-20
2858,PINTURA ESMALTE LINEA CLASICA,MATERIAL - M,GALON - GAL,018 - 018 - CARPINTERIA METALICA,72871.2,0,72871.2,True,False,,
2859,PLATINA DE 1+1/2 *1/4 PULG.*6 MM.,MATERIAL - M,UNIDAD - UND,018 - 018 - CARPINTERIA METALICA,50599.99,0,50599.99,True,False,NOLYS ALEYDA ACOSTA MORALES,2025-06-27
2860,"BARANDA EN TUBO DE ACERO INOXIDABLE D=2 PULG, INCLUYE ELEMENTOS DE INSTALACION",MATERIAL - M,METRO - M,018 - 018 - CARPINTERIA METALICA,39120.06,0,39120.06,True,False,,
2861,PREPARACION DE SUPER?CIE.,SUBCONTRATO - S,METRO - M,001 - 001 - ADHESIVOS Y ADITIVOS,1.0,19,1.19,True,False,DIEGO ANDRES RODRIGUEZ RODRIGUEZ,2025-07-29
2862,SELLO Y PUENTEO DE JUNTAS,SUBCONTRATO - S,METRO - M,001 - 001 - ADHESIVOS Y ADITIVOS,1.0,19,1.19,True,False,DIEGO ANDRES RODRIGUEZ RODRIGUEZ,2025-07-29
2863,"IMPERMEABILIZACION CON POLIUREA, ESPESOR 2 MM",SUBCONTRATO - S,METRO CUADRADO - M2,001 - 001 - ADHESIVOS Y ADITIVOS,1.0,19,1.19,True,False,DIEGO ANDRES RODRIGUEZ RODRIGUEZ,2025-07-29
2864,"FIBRA DE VIDRIO ABSORBENTE TIPO BLACK THEATER O SIMILAR DE 2"" 1.22 X 2.44 M FIBERGLASSDE ESPESOR ESTAMPILLADA CONTRA LA PLACA SUPERIOR",MATERIAL - M,METRO CUADRADO - M2,017 - 017 - ACABADOS Y PINTURA,93546.73,0,93546.73,True,False,,
2865,PEGANTE PL-285,MATERIAL - M,GALON - GAL,001 - 001 - ADHESIVOS Y ADITIVOS,101142.87,19,120360.02,True,False,DIEGO ANDRES RODRIGUEZ RODRIGUEZ,2025-07-29
2866,"SUMINISTRO DE PUERTA DOBLE ALA BATIENTE, 1.43X2.65 DE ALTO, POLIVINIL ACUSTICO, VIDRIO 4MM + CAMARA DE ARGON DE 12 MM + VIDRIO INCOLORO CRUDO 6MM CON PELICULA DE SEGURIDAD",SUBCONTRATO - S,UNIDAD - UND,018 - 018 - CARPINTERIA METALICA,7870410.71,0,7870410.71,True,False,,
2867,"SUMINISTRO DE VENTANA FIJA DIVIDIDA EN 2 MODULOS , MARCO 047, SISTEMA KONCEPT 40 , VIDRIO TERMO - ACUSTICO 4+4+ CAMARA DE ARGON DE 12 MM + VIDRIO INCOLORO CRUDO 6MM Y PELICULA DE SEGURIDAD, 1.68X2.75 DE ALTO.",SUBCONTRATO - S,UNIDAD - UND,018 - 018 - CARPINTERIA METALICA,5898430.0,0,5898430.0,True,False,,
2868,"SUMINISTRO DE VENTANA FIJA DIVIDIDA EN 3 MODULOS, MARCO 047, SISTEMA KONCEPT 40 , VIDRIO TERMO - ACUSTICO 4+4+ CAMARA DE ARGON DE 12 MM + VIDRIO INCOLORO CRUDO 6MM Y PELICULA DE SEGURIDAD, 3.30X2.75 DE ALTO.",SUBCONTRATO - S,UNIDAD - UND,018 - 018 - CARPINTERIA METALICA,9893152.0,0,9893152.0,True,False,,
2869,"SUMINISTRO DE VENTANA FIJA DIVIDIDA EN 2 MODULOS, MARCO 047, SISTEMA KONCEPT 40 , VIDRIO TERMO - ACUSTICO 4+4+ CAMARA DE ARGON DE 12 MM + VIDRIO INCOLORO CRUDO 6MM Y PELICULA DE SEGURIDAD, 1.46X2.75 DE ALTO.",SUBCONTRATO - S,UNIDAD - UND,018 - 018 - CARPINTERIA METALICA,5292872.0,0,5292872.0,True,False,,
2870,"PUERTA ACUSTICA ENTAMBORADA DE 1,43X2,75 M EN LAMINA CR C18 Y MARCO EN LAMINA CR C18 , CERROJO LLAVE- LLAVE REDONDO CROMADA MARCA IDEACE, BISAGRA DE 4,5"" X 4,5"", RELLENA DE LMR D80, FALLEBA, SELLO PEMKO Y PINTURA ELECTROSTATICA",SUBCONTRATO - S,UNIDAD - UND,018 - 018 - CARPINTERIA METALICA,1.0,0,1.0,True,False,HENRY DE JESUS TABORDA ZAPATA,2026-07-31
2871,"PUERTA ACUSTICA STC 40, ACABADO EN MELAMINICO 0,90 X 2,80 M, ENTAMBORADAS EN MADERA AGLOMERADA DE 82 MM DE ESPESOR, MARCO EN MADERA MACIZA O AGLOMERADO CON TRAMPA ACUSTICA",SUBCONTRATO - S,UNIDAD - UND,018 - 018 - CARPINTERIA METALICA,1.0,0,1.0,True,False,,
2872,"FIBRA MINERAL CORTEGA 704 ARMSTRONG 5/8"" 0.61 X 0.61M",MATERIAL - M,UNIDAD - UND,017 - 017 - ACABADOS Y PINTURA,11424.0,0,11424.0,True,False,,
2873,"PERFIL PRINCIPAL 15/16"" 3.66 M BUILDCO",MATERIAL - M,UNIDAD - UND,017 - 017 - ACABADOS Y PINTURA,8925.0,0,8925.0,True,False,,
2874,"PERFIL SECUNDARIO 15/16"" 0.60 M BUILDCO",MATERIAL - M,UNIDAD - UND,017 - 017 - ACABADOS Y PINTURA,1469.41,0,1469.41,True,False,,
2875,"PERFIL SECUNDARIO 15/16"" 1.22 M BUILDCO",MATERIAL - M,UNIDAD - UND,017 - 017 - ACABADOS Y PINTURA,2618.0,0,2618.0,True,False,,
2876,ANGULO PERIMETRAL 3.05 ML BUILDCO,MATERIAL - M,UNIDAD - UND,017 - 017 - ACABADOS Y PINTURA,4760.0,0,4760.0,True,False,,
2877,TORNILLO CORTO DE ESTRUCTURA,MATERIAL - M,UNIDAD - UND,017 - 017 - ACABADOS Y PINTURA,24.99,0,24.99,True,False,,
2878,CHAZO PLASTICO 1PULG.,MATERIAL - M,UNIDAD - UND,017 - 017 - ACABADOS Y PINTURA,1.0,0,1.0,True,False,EDIER JAFETH MARIOTTA PADILLA,2025-05-30
2879,"FIBRA DE VIDRIO TIPO BLACK THEATER DE 1"" 1.22 X 2.44 M FIBERGLASS",MATERIAL - M,METRO CUADRADO - M2,017 - 017 - ACABADOS Y PINTURA,61436.83,0,61436.83,True,False,,
2880,"BASTIDOR DE MADERA EN PINO 2""X2""",MATERIAL - M,METRO - M,019 - 019 - CARPINTERIA MADERA,1.0,0,1.0,True,False,,
2881,TELA SONOPERMEABLE TIPO PANO ESCOCIA DE UNO X UNO O SIMILAR,MATERIAL - M,METRO CUADRADO - M2,017 - 017 - ACABADOS Y PINTURA,27645.57,0,27645.57,True,False,,
2882,CHAZO PLASTICO 5/16,MATERIAL - M,UNIDAD - UND,017 - 017 - ACABADOS Y PINTURA,157.54,0,157.54,True,False,,
2883,NEOPRENO,MATERIAL - M,METRO - M,020 - 020 - FERRETERIA MENOR,109756.08,19,130609.74,True,False,DIEGO ANDRES RODRIGUEZ RODRIGUEZ,2025-09-16
2884,"DIVISION MOVIL ACUSTICA STC 53 EN ACABADO LAMINADO DE ALTAPRESION TIPO WILLSONART O EQUIVALENTE, COLOR NEGRO MATE (BLACK 1595) Y COLOR NARANJA MATE (ORANGE GROVE D501)",SUBCONTRATO - S,UNIDAD - UND,017 - 017 - ACABADOS Y PINTURA,1.0,0,1.0,True,False,,
2885,RIEL AW 2Q PARA PANEL MOVIL ACUSTICO INSTALADO SOBRE EL LARGO DE LA DIVISION Y EL BOLSILLO DEL PANEL,SUBCONTRATO - S,METRO - M,018 - 018 - CARPINTERIA METALICA,1.0,0,1.0,True,False,,
2886,LAMINA DRY WALL DE 1/2 PULG.,MATERIAL - M,METRO CUADRADO - M2,017 - 017 - ACABADOS Y PINTURA,18331.84,0,18331.84,True,False,,
2887,CINTA MALLA DRY WALL,MATERIAL - M,UNIDAD - UND,017 - 017 - ACABADOS Y PINTURA,1.0,0,1.0,True,False,,
2888,CANAL B6*2.44 M. CAL.26,MATERIAL - M,UNIDAD - UND,020 - 020 - FERRETERIA MENOR,10000.0,19,11900.0,True,False,DIEGO ANDRES RODRIGUEZ RODRIGUEZ,2025-09-16
2889,PARAL MURO B9 CAL. 26*3.05 M.,MATERIAL - M,UNIDAD - UND,017 - 017 - ACABADOS Y PINTURA,1.0,0,1.0,True,False,,
2890,TORNILLO DE 6*1 PULG. CAJA*200 UND.,MATERIAL - M,UNIDAD - UND,020 - 020 - FERRETERIA MENOR,1.0,19,1.19,True,False,DIEGO ANDRES RODRIGUEZ RODRIGUEZ,2025-09-16
2891,PINTURA VINILO TIPO 2,MATERIAL - M,CUÑETE - CÑT,017 - 017 - ACABADOS Y PINTURA,170000.0,0,170000.0,True,False,,
2892,SUPERMASTICO*28 KG.-4.5 GALON,MATERIAL - M,CUÑETE - CÑT,017 - 017 - ACABADOS Y PINTURA,56999.81,0,56999.81,True,False,,
2893,TORNILLO 7*7/16 PULG. CAJA*200 UND.,MATERIAL - M,CAJA - CJ,020 - 020 - FERRETERIA MENOR,1.0,19,1.19,True,False,DIEGO ANDRES RODRIGUEZ RODRIGUEZ,2025-09-16
2894,FRESCASA ACUSTICA,MATERIAL - M,METRO CUADRADO - M2,017 - 017 - ACABADOS Y PINTURA,1.0,0,1.0,True,False,,
2895,ANGULO 2+1/2*3/16 PULG.,MATERIAL - M,UNIDAD - UND,018 - 018 - CARPINTERIA METALICA,156900.04,0,156900.04,True,False,HECTOR ENRIQUE OVIEDO SOSA,2025-06-14
2896,ANGULO 2X1/8 PULG.,MATERIAL - M,METRO - M,018 - 018 - CARPINTERIA METALICA,1.0,0,1.0,True,False,,
2897,ANGULO 1 1/2 *1 1/2 *1/8 PULG.,MATERIAL - M,METRO - M,018 - 018 - CARPINTERIA METALICA,1.0,0,1.0,True,False,,
2898,CINTA PAPEL ADHESIVA SUPERCINTA 250,MATERIAL - M,ROLLO - ROLL,017 - 017 - ACABADOS Y PINTURA,1.0,0,1.0,True,False,,
2899,CUADRILLA SOLDADURA AA,NOMINA - N,DIA - DIA,024 - 024 - PERSONAL OPERATIVO,1.0,0,1.0,True,False,,
2900,HERRAMIENTA MENOR UNAL 10%,NOMINA - N,Porcentaje - %,024 - 024 - PERSONAL OPERATIVO,10.0,0,10.0,True,False,,
2901,CONCRETO DE 3000 PSI ESCUELAS ARAUQUITA,MATERIAL - M,METRO CUBICO - M3,006 - 006 - CONCRETOS Y MORTEROS,1.0,19,1.19,True,False,MARIA PAULA BALLEN MANOSALVA,2025-07-29
2902,"MALLA ELECTROSOLDADA 3 MM, 15X15 CM",MATERIAL - M,METRO CUADRADO - M2,003 - 003 - ACEROS Y REFUERZOS METALICO,3654.15,19,4348.44,True,False,MARIA PAULA BALLEN MANOSALVA,2025-07-29
2903,DILATACION POLIURETANO IMPERMEABIL. A NIVEL,MATERIAL - M,METRO LINEAL - ML,021 - 021 - PAVIMENTOS,1.0,0,1.0,True,False,,
2904,BANCA PREFABRICADA TIPO IDU M-40,MATERIAL - M,UNIDAD - UND,007 - 007 - PREFABRICADOS EN CONCRETO,1.0,0,1.0,True,False,,
2905,VIBRADOR ELECTRICO DE CONCRETO,EQUIPO - E,UNIDAD - UND,022 - 022 - MAQUINARIA Y EQUIPO,1400000.49,0,1400000.49,True,False,HECTOR ENRIQUE OVIEDO SOSA,2025-06-12
2906,"LADRILLO ESTRUCTURAL TOSCANO, COCOA CLARO Y COCOA OSCURO DE 0.24*0.12*0.06",MATERIAL - M,UNIDAD - UND,010 - 010 - MAMPOSTERIA,674.0,0,674.0,True,False,,
2907,SIFON EN P GRIVAL,MATERIAL - M,UNIDAD - UND,013 - 013 - INSTALACIONES HIDROSANITARIAS,5465.12,0,5465.12,True,False,,
2908,LAVAPLATOS EN ACERO INOXIDABLE (45 X 50 CM) PARA LLAVE SENICLLA (LLAVE),MATERIAL - M,UNIDAD - UND,011 - 011 - GRIFERIA Y APARATOS HIDROSANITARIOS,102807.06,0,102807.06,True,False,DIEGO ANDRES RODRIGUEZ RODRIGUEZ,2025-06-14
2909,GRIFERIA PARA LAVAPLATOS,MATERIAL - M,UNIDAD - UND,011 - 011 - GRIFERIA Y APARATOS HIDROSANITARIOS,25857.6,0,25857.6,True,False,,
2910,CERAMICA VANCOUVER GRIS GRAFITO CD DE 60*60CM,MATERIAL - M,METRO CUADRADO - M2,009 - 009 - ENCHAPES,35744.9,19,42536.43,True,False,MARIA PAULA BALLEN MANOSALVA,2025-07-29
2911,CERAMICA OPAL BEIGE CD DE 0.30*0.45,MATERIAL - M,METRO CUADRADO - M2,009 - 009 - ENCHAPES,26805.77,19,31898.87,True,False,MARIA PAULA BALLEN MANOSALVA,2025-07-29
2912,TEJA SUPERTRAPEZOIDAL TERMOACUSTICA,MATERIAL - M,METRO CUADRADO - M2,004 - 004 - CUBIERTA Y CANALES,1.0,19,1.19,True,False,MARIA PAULA BALLEN MANOSALVA,2025-07-29
2913,CANAL METALICA DE AGUAS LLUVIAS_ESC-ARAQUITA,MATERIAL - M,METRO LINEAL - ML,004 - 004 - CUBIERTA Y CANALES,1.0,19,1.19,True,False,MARIA PAULA BALLEN MANOSALVA,2025-07-29
2914,"CUADRILLA DE SERVIDUMBRE (1 CAPATAZ, 2 AYUDANTES)",HONORARIOS - H,DIA - DIA,024 - 024 - PERSONAL OPERATIVO,1.0,0,1.0,True,False,,
2915,MOTOBOMBA ASPERSORA A GASOLINA TIPO MOCH,EQUIPO - E,DIA - DIA,022 - 022 - MAQUINARIA Y EQUIPO,1.0,0,1.0,True,False,,
2916,EQUIPO DE PROTECCION COMPLETA PARA FUMIGAR,EQUIPO - E,DIA - DIA,022 - 022 - MAQUINARIA Y EQUIPO,1.0,0,1.0,True,False,,
2917,CONCRETO DE 2000 PSI ESCUELAS ARAUQUITA,MATERIAL - M,METRO CUBICO - M3,006 - 006 - CONCRETOS Y MORTEROS,1.0,19,1.19,True,False,MARIA PAULA BALLEN MANOSALVA,2025-07-29
2918,PUNTALES METALICOS TELESCOPICOS,EQUIPO - E,UNIDAD - UND,022 - 022 - MAQUINARIA Y EQUIPO,1.0,0,1.0,True,False,,
2919,PAPELERIA,CONSUMIBLES - C,UNIDAD - UND,005 - 005 - PAPELERIA,1.0,19,1.19,True,False,MARIA PAULA BALLEN MANOSALVA,2025-07-29
2920,TRANSPORTE MATERIAL TERRESTRE,TRANSPORTE - T,UNIDAD - UND,023 - 023 - TRANSPORTE,1830875.98,0,1830875.98,True,False,DIEGO ANDRES RODRIGUEZ RODRIGUEZ,2025-09-22
2921,CERAMICA HARA MATE BEIGE DE 60X60CM,MATERIAL - M,METRO CUADRADO - M2,009 - 009 - ENCHAPES,35517.37,19,42265.67,True,False,MARIA PAULA BALLEN MANOSALVA,2025-07-29
2922,BLOQUE CALADO DE GRES 20*20*12 CM,MATERIAL - M,UNIDAD - UND,010 - 010 - MAMPOSTERIA,1.0,0,1.0,True,False,,
2923,SIKA 101 MORTERO GRIS SIKA - CE2025,MATERIAL - M,KILOGRAMO - KG,010 - 010 - MAMPOSTERIA,1.0,0,1.0,True,False,,
2924,PASTA ACRILICA PARA BASE DE ESTUCO - CE2025,MATERIAL - M,KILOGRAMO - KG,010 - 010 - MAMPOSTERIA,1.0,0,1.0,True,False,,
2925,MALLA METALICA TIPO GALLINERO - CE2025,MATERIAL - M,METRO CUADRADO - M2,018 - 018 - CARPINTERIA METALICA,1892.23,0,1892.23,True,False,,
2926,CINTA ANTIDESLIZANTE 48MM,MATERIAL - M,METRO - M,001 - 001 - ADHESIVOS Y ADITIVOS,1.0,19,1.19,True,False,DIEGO ANDRES RODRIGUEZ RODRIGUEZ,2025-07-29
2927,PERFIL METALICO RECTANGULAR 100*50*2MM X6M - CE2025,MATERIAL - M,UNIDAD - UND,004 - 004 - CUBIERTA Y CANALES,138844.74,19,165225.24,True,False,MARIA PAULA BALLEN MANOSALVA,2025-07-29
2928,PERFIL METALICO RECTANGULAR 100*50*4MM - CE2025,MATERIAL - M,METRO LINEAL - ML,004 - 004 - CUBIERTA Y CANALES,1.0,19,1.19,True,False,MARIA PAULA BALLEN MANOSALVA,2025-07-29
2929,PERFIL METALICO EN C 120*60*1.5MM X6M - CE 2025,MATERIAL - M,UNIDAD - UND,004 - 004 - CUBIERTA Y CANALES,93625.02,19,111413.77,True,False,MARIA PAULA BALLEN MANOSALVA,2025-07-29
2930,TUBO METALICO REDONDO DE 3PULG * 2.5MM X6M - CE2025,MATERIAL - M,UNIDAD - UND,004 - 004 - CUBIERTA Y CANALES,148990.38,19,177298.55,True,False,MARIA PAULA BALLEN MANOSALVA,2025-07-29
2931,"LAMINA HR 1/2"" (12.7 MM) - CE2025",MATERIAL - M,METRO CUADRADO - M2,018 - 018 - CARPINTERIA METALICA,1.0,0,1.0,True,False,,
2932,"PERNO DE ANCLAJE ASTM A 307 DE 1/2"" X 50 CM - CE2025",MATERIAL - M,UNIDAD - UND,004 - 004 - CUBIERTA Y CANALES,1.0,19,1.19,True,False,MARIA PAULA BALLEN MANOSALVA,2025-07-29
2933,PLATINA DE 1+1/2*3/16 PULG - CE2025,MATERIAL - M,METRO LINEAL - ML,004 - 004 - CUBIERTA Y CANALES,1.0,19,1.19,True,False,MARIA PAULA BALLEN MANOSALVA,2025-07-29
2934,LAMINA GALVANIZADA 4*8 PULG. CAL. 18-1.15M - CE2025,MATERIAL - M,METRO LINEAL - ML,004 - 004 - CUBIERTA Y CANALES,1.0,19,1.19,True,False,MARIA PAULA BALLEN MANOSALVA,2025-07-29
2935,PLATINA 1*1/8 - CE2025,MATERIAL - M,METRO LINEAL - ML,018 - 018 - CARPINTERIA METALICA,1.0,0,1.0,True,False,,
2936,ANGULO 1 1/4*1 1/4*1/8 PULG -CE2025,MATERIAL - M,METRO LINEAL - ML,018 - 018 - CARPINTERIA METALICA,1.0,0,1.0,True,False,,
2937,TUBERIA GALVANIZADA 2 PULG.* 3MM - CE2025,MATERIAL - M,METRO LINEAL - ML,018 - 018 - CARPINTERIA METALICA,1.0,0,1.0,True,False,,
2938,MALLA ESLABONADA CALIBRE 12 HUECO 2*2 PULG - CE2025,MATERIAL - M,METRO CUADRADO - M2,018 - 018 - CARPINTERIA METALICA,18266.33,0,18266.33,True,False,,
2939,LADRILLO ESTRUCTURAL MULTIPERFORADO 0.06*0.12*0.24 - CE2025,MATERIAL - M,UNIDAD - UND,010 - 010 - MAMPOSTERIA,1230.0,0,1230.0,True,False,,
2940,CAJON DE 0.57*0.31 PARA EXTINTORES - CE2025,MATERIAL - M,UNIDAD - UND,008 - 008 - MOBILIARIO URBANO,95310.19,19,113419.13,True,False,MARIA PAULA BALLEN MANOSALVA,2025-07-29
2941,EXTINTOR MULTIPROPOSITO 20 LB - CE2025,MATERIAL - M,UNIDAD - UND,008 - 008 - MOBILIARIO URBANO,98390.39,19,117084.56,True,False,MARIA PAULA BALLEN MANOSALVA,2025-07-29
2942,TUBERIA ACERO INOXIDABLE 2 PULG - CE2025,MATERIAL - M,METRO LINEAL - ML,008 - 008 - MOBILIARIO URBANO,1.0,19,1.19,True,False,MARIA PAULA BALLEN MANOSALVA,2025-07-29
2943,TUBERIA ACERO INOXIDABLE 1/2 PULG - CE2025,MATERIAL - M,METRO LINEAL - ML,008 - 008 - MOBILIARIO URBANO,1.0,19,1.19,True,False,MARIA PAULA BALLEN MANOSALVA,2025-07-29
2944,TUBERIA ACERO INOXIDABLE 1+1/2 PULG - CE2025,MATERIAL - M,METRO LINEAL - ML,008 - 008 - MOBILIARIO URBANO,1.0,19,1.19,True,False,MARIA PAULA BALLEN MANOSALVA,2025-07-29
2945,CHAZO CROMADO 3/8PUL - CE2025,MATERIAL - M,UNIDAD - UND,008 - 008 - MOBILIARIO URBANO,1.0,19,1.19,True,False,MARIA PAULA BALLEN MANOSALVA,2025-07-29
2946,PLATINA CROMADA PERFORADA - CE2025,MATERIAL - M,UNIDAD - UND,008 - 008 - MOBILIARIO URBANO,1.0,19,1.19,True,False,MARIA PAULA BALLEN MANOSALVA,2025-07-29
2947,REMACHADORA MANUAL,EQUIPO - E,HORA - HR,020 - 020 - FERRETERIA MENOR,1.0,19,1.19,True,False,DIEGO ANDRES RODRIGUEZ RODRIGUEZ,2025-09-16
2948,TUBERIA DE HIERRO CUADRADA ESTRUCTURAL 100X100X3MM X6M - CE2025,MATERIAL - M,UNIDAD - UND,004 - 004 - CUBIERTA Y CANALES,309200.05,19,367948.06,True,False,MARIA PAULA BALLEN MANOSALVA,2025-07-29
2949,"PORTON METALICO 3X2 M, EN LAMINA METALICA Y MALLA ESLABONADA, SEGUN DISENO, INCL. CERRADURA, ACCESORIOS Y ANTICORROSIVO - CE2025",MATERIAL - M,METRO CUADRADO - M2,018 - 018 - CARPINTERIA METALICA,1.0,0,1.0,True,False,,
2950,MALLA ELECTROSOLDADA 6.5 MM 15X15 CM - CE2025,MATERIAL - M,METRO CUADRADO - M2,003 - 003 - ACEROS Y REFUERZOS METALICO,13000.0,19,15470.0,True,False,MARIA PAULA BALLEN MANOSALVA,2025-07-29
2951,CICATRIZANTE PARA RAICES DE ARBOLES - CE2025,MATERIAL - M,GALON - GAL,001 - 001 - ADHESIVOS Y ADITIVOS,1.0,19,1.19,True,False,DIEGO ANDRES RODRIGUEZ RODRIGUEZ,2025-07-29
2952,CAMION CANASTA -CE2025,EQUIPO - E,HORA - HR,008 - 008 - MOBILIARIO URBANO,1.0,19,1.19,True,False,MARIA PAULA BALLEN MANOSALVA,2025-07-29
2953,MALLA NYLON CONTRA IMPACTO CAL.3 ROMBO 10X10 CM - CE2025,MATERIAL - M,METRO CUADRADO - M2,008 - 008 - MOBILIARIO URBANO,1.0,19,1.19,True,False,MARIA PAULA BALLEN MANOSALVA,2025-07-29
2954,PIGMENTO PARA CONCRETO -CE2025,ATENCIÓN EMERGENCIA - A,KILOGRAMO - KG,001 - 001 - ADHESIVOS Y ADITIVOS,1.0,19,1.19,True,False,DIEGO ANDRES RODRIGUEZ RODRIGUEZ,2025-07-29
2955,DESMOLDANTE PARA CONCRETO - CE2025,MATERIAL - M,KILOGRAMO - KG,001 - 001 - ADHESIVOS Y ADITIVOS,1.0,19,1.19,True,False,DIEGO ANDRES RODRIGUEZ RODRIGUEZ,2025-07-29
2956,SIKAGUARD DECOR - CE2025,MATERIAL - M,KILOGRAMO - KG,001 - 001 - ADHESIVOS Y ADITIVOS,1.0,19,1.19,True,False,DIEGO ANDRES RODRIGUEZ RODRIGUEZ,2025-07-29
2957,MOLDE PARA ESTAMPADO DE CONCRETO - CE2025,EQUIPO - E,UNIDAD - UND,001 - 001 - ADHESIVOS Y ADITIVOS,1.0,19,1.19,True,False,DIEGO ANDRES RODRIGUEZ RODRIGUEZ,2025-07-29
2958,ACERO DE REFUERZO (60000 PSI) - ARAUQUITA,MATERIAL - M,KILOGRAMO - KG,003 - 003 - ACEROS Y REFUERZOS METALICO,4119.38,19,4902.06,True,False,MARIA PAULA BALLEN MANOSALVA,2025-07-29
2959,"TUBERIA PVC PRESION RDE 13.5 - 1/2"" X 6 MTS",MATERIAL - M,UNIDAD - UND,012 - 012 - INSTALACIONES HIDRAULICAS,8382.6,0,8382.6,True,False,DIEGO ANDRES RODRIGUEZ RODRIGUEZ,2025-06-14
2960,"PISO EPDM 2 CM DE ESPESOR, CONTRATO CON PARQUES MAGICOS A TODO COSTO - CE2025",SUBCONTRATO - S,METRO CUADRADO - M2,008 - 008 - MOBILIARIO URBANO,1.0,19,1.19,True,False,MARIA PAULA BALLEN MANOSALVA,2025-07-29
2961,GRAMA BERMUDA,MATERIAL - M,METRO CUADRADO - M2,008 - 008 - MOBILIARIO URBANO,1.0,19,1.19,True,False,MARIA PAULA BALLEN MANOSALVA,2025-07-29
2962,CANECA BASURA TIPO BARCELONA EN ACERO INOXIDABLE - CE2025,MATERIAL - M,UNIDAD - UND,008 - 008 - MOBILIARIO URBANO,590000.0,19,702100.0,True,False,MARIA PAULA BALLEN MANOSALVA,2025-07-29
2963,"MAXIPARQUE 18-TX-BOSQUE KOALA, CONTRATO A TODO COSTO CON PARQUES MAGICOS - CE2025",SUBCONTRATO - S,UNIDAD - UND,008 - 008 - MOBILIARIO URBANO,16065000.0,19,19117350.0,True,False,MARIA PAULA BALLEN MANOSALVA,2025-07-29
2964,PLANTA ORNAMENTARIA IZORA.INC.ABONO ORGANICO - CE2025,MATERIAL - M,UNIDAD - UND,008 - 008 - MOBILIARIO URBANO,1.0,19,1.19,True,False,MARIA PAULA BALLEN MANOSALVA,2025-07-29
2965,"SENALETICA DESCRIPTIVA 0,5X0,15 M EN ACRILICO OPALINO 3 MM, ICONO ILUSTRATIVO Y LENGUAJE BRAILLE - CE2025",MATERIAL - M,UNIDAD - UND,008 - 008 - MOBILIARIO URBANO,1.0,19,1.19,True,False,MARIA PAULA BALLEN MANOSALVA,2025-07-29
2966,"SENALETICA DE GUIA EN POLIESTIRENO, VINILO: BLANCO, CAL. 40-60 MM SEUN DISENO - CE2025",MATERIAL - M,UNIDAD - UND,008 - 008 - MOBILIARIO URBANO,1.0,19,1.19,True,False,MARIA PAULA BALLEN MANOSALVA,2025-07-29
2967,"SENALETICA 0,6M X 0,6 M, EN LAMINA EN ACERO GALVANIZADO CALIBRE 16, RETRORREFLECTIVA, 6 TORNILLOS CARRIAGE CON TUERCA Y ARANDELA INOXIDABLE 1/4 X 2 1/2, COLOR REF: RAL 6038 - CE2025",MATERIAL - M,UNIDAD - UND,008 - 008 - MOBILIARIO URBANO,1.0,19,1.19,True,False,MARIA PAULA BALLEN MANOSALVA,2025-07-29
2968,"SENALETICA 0,7M X 0,6 M, EN LAMINA EN ACERO GALVANIZADO CALIBRE 16, RETRORREFLECTIVA, 6 TORNILLOS CARRIAGE CON TUERCA Y ARANDELA INOXIDABLE 1/4 X 2 1/2, COLOR REF: RAL 6038. - CE2025",MATERIAL - M,UNIDAD - UND,008 - 008 - MOBILIARIO URBANO,1.0,19,1.19,True,False,MARIA PAULA BALLEN MANOSALVA,2025-07-29
2969,"ANGULO 2"" X 2"" X 1/4"" - CE2025",MATERIAL - M,METRO LINEAL - ML,004 - 004 - CUBIERTA Y CANALES,1.0,19,1.19,True,False,MARIA PAULA BALLEN MANOSALVA,2025-07-29
2970,CEMENTO BLANCO KG - CE2025,MATERIAL - M,KILOGRAMO - KG,001 - 001 - ADHESIVOS Y ADITIVOS,1.0,19,1.19,True,False,DIEGO ANDRES RODRIGUEZ RODRIGUEZ,2025-07-29
2971,LAVAMANOS PORCELANA BLANCO LINEA INFANTIL.INC. GRIFERIA Y DESAGUES - CE2025,MATERIAL - M,UNIDAD - UND,013 - 013 - INSTALACIONES HIDROSANITARIAS,1.0,0,1.0,True,False,,
2972,LAVAMANOS EN PORCELANA BLANCO INC.GRIFERIA Y DESAGUES - CE2025,MATERIAL - M,UNIDAD - UND,013 - 013 - INSTALACIONES HIDROSANITARIAS,105944.68,0,105944.68,True,False,,
2973,MANGUERA PARA SANITARIO - CE2025,MATERIAL - M,UNIDAD - UND,013 - 013 - INSTALACIONES HIDROSANITARIAS,1.0,0,1.0,True,False,,
2974,SANITARIO LINEA OFICIAL - INC. GRIFERIA Y PORTAPAPEL - CE2025,MATERIAL - M,UNIDAD - UND,013 - 013 - INSTALACIONES HIDROSANITARIAS,1.0,0,1.0,True,False,,
2975,COMBO SANITARIO LINEA OFICIAL DISCAPACITADOS - CE2025,MATERIAL - M,UNIDAD - UND,013 - 013 - INSTALACIONES HIDROSANITARIAS,538000.29,0,538000.29,True,False,HERNAN CAMILO GARCIA CONTRERAS,2025-07-31
2976,SANITARIO PORCELANA BLANCO LINEA DISCAPACITADOS.INC. GRIFERIA Y PORTAPAPEL - CE2025,MATERIAL - M,UNIDAD - UND,013 - 013 - INSTALACIONES HIDROSANITARIAS,1.0,0,1.0,True,False,,
2977,KIT BARRAS PARA BANO DISCAPACITADOS ACERO INOXIDABLE Y TORNILLOS OCULTOS - CE2025,MATERIAL - M,UNIDAD - UND,013 - 013 - INSTALACIONES HIDROSANITARIAS,1.0,0,1.0,True,False,,
2978,TELEDUCHA TIPO LLUVIA HIDROMASAJE - CE2025,MATERIAL - M,UNIDAD - UND,012 - 012 - INSTALACIONES HIDRAULICAS,40000.0,0,40000.0,True,False,,
2979,ORINAL PORCELANA BLANCO MEDIANO - CE2025,MATERIAL - M,UNIDAD - UND,013 - 013 - INSTALACIONES HIDROSANITARIAS,222000.45,0,222000.45,True,False,,
2980,GRIFERIA ORINAL - CE2025,MATERIAL - M,UNIDAD - UND,013 - 013 - INSTALACIONES HIDROSANITARIAS,1.0,0,1.0,True,False,,
2981,KIT DE DESAGUE PARA LAVAPLATOS TIPO ACORDEON - CE2025,MATERIAL - M,UNIDAD - UND,012 - 012 - INSTALACIONES HIDRAULICAS,18000.0,0,18000.0,True,False,,
2982,SOLDADOR - CE2025,HONORARIOS - H,DIA - DIA,024 - 024 - PERSONAL OPERATIVO,120000.0,0,120000.0,True,False,,
2983,AYUDANTE DE OBRA - CE2025,HONORARIOS - H,DIA - DIA,024 - 024 - PERSONAL OPERATIVO,75920.0,0,75920.0,True,False,,
2984,PAPELERA DE PEDAL ACERO 5 LT - CE2025,MATERIAL - M,UNIDAD - UND,005 - 005 - PAPELERIA,46312.49,19,55111.86,True,False,MARIA PAULA BALLEN MANOSALVA,2025-07-29
2985,ESPEJO DE 4MM BISELADO INC.FIJACIONES - CE2025,MATERIAL - M,UNIDAD - UND,011 - 011 - GRIFERIA Y APARATOS HIDROSANITARIOS,1.0,0,1.0,True,False,,
2986,"LAVADERO PREFABRICADO EN CONCRETO 1,0*0,6*0,8 M. - CE2025",MATERIAL - M,UNIDAD - UND,012 - 012 - INSTALACIONES HIDRAULICAS,230000.0,0,230000.0,True,False,EDIER JAFETH MARIOTTA PADILLA,2025-09-05
2987,GRIFERIA PARA TANQUE AEREO - CE2025,MATERIAL - M,UNIDAD - UND,012 - 012 - INSTALACIONES HIDRAULICAS,1.0,0,1.0,True,False,,
2989,TUBERIA PVC RDE 21 PSI 1-1/2 PULG - CE2025,MATERIAL - M,METRO LINEAL - ML,012 - 012 - INSTALACIONES HIDRAULICAS,5826.32,0,5826.32,True,False,,
2990,"CODO PVC PRESION 90° 1/2""",MATERIAL - M,UNIDAD - UND,012 - 012 - INSTALACIONES HIDRAULICAS,1.0,0,1.0,True,False,,
2991,TUBERIA PVC RDE 13.5-315 PSI 3/4 PULG,MATERIAL - M,METRO LINEAL - ML,012 - 012 - INSTALACIONES HIDRAULICAS,1.0,0,1.0,True,False,,
2992,"ACCESORIO PVC PRESION DE 1+1/2"" PULG",MATERIAL - M,UNIDAD - UND,012 - 012 - INSTALACIONES HIDRAULICAS,1.0,0,1.0,True,False,,
2993,"LLAVE DE PASO DE 1/2 "" PVC",MATERIAL - M,UNIDAD - UND,012 - 012 - INSTALACIONES HIDRAULICAS,3500.0,0,3500.0,True,False,,
2994,"LLAVE DE PASO DE 3/4 "" PVC",MATERIAL - M,UNIDAD - UND,012 - 012 - INSTALACIONES HIDRAULICAS,1.0,0,1.0,True,False,,
2995,ADAPTADOR MACHO PVC 3/4 PULG.,MATERIAL - M,UNIDAD - UND,012 - 012 - INSTALACIONES HIDRAULICAS,1.0,0,1.0,True,False,,
2996,TUBERIA PVC SANITARIA 4 PULG.,MATERIAL - M,METRO LINEAL - ML,013 - 013 - INSTALACIONES HIDROSANITARIAS,9841.49,0,9841.49,True,False,,
2997,CODO PVC SANITARIO 4 PULG,MATERIAL - M,UNIDAD - UND,013 - 013 - INSTALACIONES HIDROSANITARIAS,1.0,0,1.0,True,False,,
2998,TUBERIA PVC SANITARIA 3 PULG,MATERIAL - M,METRO LINEAL - ML,013 - 013 - INSTALACIONES HIDROSANITARIAS,26237.88,0,26237.88,True,False,,
2999,TUBERIA PVC VENTILACION 2 PULG,MATERIAL - M,METRO LINEAL - ML,012 - 012 - INSTALACIONES HIDRAULICAS,5549.99,0,5549.99,True,False,,
3000,"VALVULA DE ADMISION DE AIRE MINIVENT 2""",MATERIAL - M,UNIDAD - UND,012 - 012 - INSTALACIONES HIDRAULICAS,181757.01,0,181757.01,True,False,,
3001,ARRIENDO BODEGA,SERVICIOS - Q,MES - MS,035 - 035 - ARRIENDOS,1.0,0,1.0,True,False,EDIER JAFETH MARIOTTA PADILLA,2025-05-20
3002,ARRIENDO OFICINA,SERVICIOS - Q,MES - MS,035 - 035 - ARRIENDOS,1.0,0,1.0,True,False,,
3003,KIT STARKLINK MINI (EQUIPO SATELITAL INTERNET),EQUIPO - E,UNIDAD - UND,"014 - 014 - INSTALACIONES ELECTRICAS, VOZ Y DATOS",1.0,19,1.19,True,False,DIEGO ANDRES RODRIGUEZ RODRIGUEZ,2025-09-22
3004,"CONTENEDOR TIPO OFICINA 2,4X6M",OFICINA - O,Porcentaje - %,035 - 035 - ARRIENDOS,1.0,0,1.0,True,False,,
3005,GORRA AZUL CONYCA,DOTACION - D,Porcentaje - %,029 - 029 - SG-SST,20000.0,0,20000.0,True,False,,
3006,"PUNTILLA LISA 3.7 MM X 3"" CONC ABEZA HIERRO",MATERIAL - M,LIBRA - LB,020 - 020 - FERRETERIA MENOR,4819.82,19,5735.59,True,False,DIEGO ANDRES RODRIGUEZ RODRIGUEZ,2025-09-16
3007,"PUNTILLA LISA 3.7 MM X 2"" CONC ABEZA HIERRO",MATERIAL - M,LIBRA - LB,020 - 020 - FERRETERIA MENOR,1.0,19,1.19,True,False,DIEGO ANDRES RODRIGUEZ RODRIGUEZ,2025-09-16
3008,BALDE CONSTRUCCION 8,CONSUMIBLES - C,UNIDAD - UND,020 - 020 - FERRETERIA MENOR,4607.02,19,5482.35,True,False,DIEGO ANDRES RODRIGUEZ RODRIGUEZ,2025-09-15
3009,CAL HIDRATADA USO GENERAL ARGOS 10KG,CONSUMIBLES - C,BULTO - BE,020 - 020 - FERRETERIA MENOR,12333.33,19,14676.66,True,False,DIEGO ANDRES RODRIGUEZ RODRIGUEZ,2025-09-15
3010,HILO ALBANIL X 100 M FIXSER,CONSUMIBLES - C,UNIDAD - UND,020 - 020 - FERRETERIA MENOR,1.0,19,1.19,True,False,DIEGO ANDRES RODRIGUEZ RODRIGUEZ,2025-09-15
3011,"LLANTA PARA CARRETILLA NEUMATICA REFORZADA DE 16"" X 4""",CONSUMIBLES - C,UNIDAD - UND,020 - 020 - FERRETERIA MENOR,71113.0,19,84624.47,True,False,DIEGO ANDRES RODRIGUEZ RODRIGUEZ,2025-09-15
3012,"TUBO DE ACERO 4"" DE 2.5 MM LARGO 3 M",MATERIAL - M,UNIDAD - UND,003 - 003 - ACEROS Y REFUERZOS METALICO,1.0,19,1.19,True,False,MARIA PAULA BALLEN MANOSALVA,2025-07-29
3013,DISCO DIAMANTADO DE 7 PULG.,MATERIAL - M,UNIDAD - UND,020 - 020 - FERRETERIA MENOR,17504.45,19,20830.3,True,False,DIEGO ANDRES RODRIGUEZ RODRIGUEZ,2025-09-16
3014,BROCA PARA CONCRETO DE 3/8 POR 6 PULG.,MATERIAL - M,UNIDAD - UND,020 - 020 - FERRETERIA MENOR,4265.53,19,5075.98,True,False,DIEGO ANDRES RODRIGUEZ RODRIGUEZ,2025-09-16
3015,ROLLO VINIPEL INDUSTRIAL NEGRO 500MT X 50CM,MATERIAL - M,ROLLO - ROLL,020 - 020 - FERRETERIA MENOR,42500.01,19,50575.01,True,False,DIEGO ANDRES RODRIGUEZ RODRIGUEZ,2025-09-16
3016,"TC - DOVELAS DE 0.12*0.10 M, EN CONCRETO DE 3.000 PSI, REFORZADA",SUBCONTRATO - S,METRO LINEAL - ML,043 - 043 - SUBCONTRATO,1.0,0,1.0,True,False,,
3017,"CABLE EXZHELLENT BW, CU NO 2 AWG, LIBRE DE HALOGENOS",MATERIAL - M,METRO - M,"014 - 014 - INSTALACIONES ELECTRICAS, VOZ Y DATOS",27913.07,19,33216.55,True,False,DIEGO ANDRES RODRIGUEZ RODRIGUEZ,2025-09-22
3018,"CABLE EXZHELLENT BW, CU NO 4 AWG, LIBRE DE HALOGENOS",MATERIAL - M,METRO - M,"014 - 014 - INSTALACIONES ELECTRICAS, VOZ Y DATOS",17486.76,19,20809.24,True,False,DIEGO ANDRES RODRIGUEZ RODRIGUEZ,2025-09-22
3019,"CABLE EXZHELLENT BW, CU NO 6 AWG, LIBRE DE HALOGENOS",MATERIAL - M,METRO - M,"014 - 014 - INSTALACIONES ELECTRICAS, VOZ Y DATOS",11529.47,19,13720.07,True,False,DIEGO ANDRES RODRIGUEZ RODRIGUEZ,2025-09-22
3020,"CABLE EXZHELLENT BW, CU NO 8 AWG, LIBRE DE HALOGENOS",MATERIAL - M,METRO - M,"014 - 014 - INSTALACIONES ELECTRICAS, VOZ Y DATOS",7005.03,19,8335.99,True,False,DIEGO ANDRES RODRIGUEZ RODRIGUEZ,2025-09-22
3021,"CABLE EXZHELLENT BW, CU NO 10 AWG, LIBRE DE HALOGENOS",MATERIAL - M,METRO - M,"014 - 014 - INSTALACIONES ELECTRICAS, VOZ Y DATOS",4261.19,19,5070.82,True,False,DIEGO ANDRES RODRIGUEZ RODRIGUEZ,2025-09-22
3022,"CABLE EXZHELLENT BW, CU NO 12 AWG, LIBRE DE HALOGENOS",MATERIAL - M,METRO - M,"014 - 014 - INSTALACIONES ELECTRICAS, VOZ Y DATOS",2705.16,19,3219.14,True,False,DIEGO ANDRES RODRIGUEZ RODRIGUEZ,2025-09-22
3023,"CABLE EXZHELLENT BW, CU NO 14 AWG, LIBRE DE HALOGENOS",MATERIAL - M,METRO - M,"014 - 014 - INSTALACIONES ELECTRICAS, VOZ Y DATOS",1.0,19,1.19,True,False,DIEGO ANDRES RODRIGUEZ RODRIGUEZ,2025-09-22
3024,CABLE HDMI,MATERIAL - M,METRO - M,"014 - 014 - INSTALACIONES ELECTRICAS, VOZ Y DATOS",2533.34,19,3014.67,True,False,DIEGO ANDRES RODRIGUEZ RODRIGUEZ,2025-09-22
3025,CONECTOR BIMETALICO 2 PERNOS,MATERIAL - M,UNIDAD - UND,015 - 015 - REDES ELECTRICAS,1.0,19,1.19,True,False,DIEGO ANDRES RODRIGUEZ RODRIGUEZ,2025-09-22
3026,"TUBO CONDUIT IMC 1 1/2"" X 3MTS",MATERIAL - M,UNIDAD - UND,"014 - 014 - INSTALACIONES ELECTRICAS, VOZ Y DATOS",88645.42,19,105488.05,True,False,DIEGO ANDRES RODRIGUEZ RODRIGUEZ,2025-09-22
3027,"TERMINAL RECTO LIQUID TIGHT 1 1/2""",MATERIAL - M,UNIDAD - UND,"014 - 014 - INSTALACIONES ELECTRICAS, VOZ Y DATOS",11359.54,19,13517.85,True,False,DIEGO ANDRES RODRIGUEZ RODRIGUEZ,2025-09-22
3028,"TUBO CONDUIT PVC 2"" X 3MTS",MATERIAL - M,UNIDAD - UND,"014 - 014 - INSTALACIONES ELECTRICAS, VOZ Y DATOS",17920.01,19,21324.81,True,False,DIEGO ANDRES RODRIGUEZ RODRIGUEZ,2025-09-22
3029,"TUBO CONDUIT PVC 1"" X 3MTS",MATERIAL - M,UNIDAD - UND,"014 - 014 - INSTALACIONES ELECTRICAS, VOZ Y DATOS",8977.12,19,10682.77,True,False,DIEGO ANDRES RODRIGUEZ RODRIGUEZ,2025-09-22
3030,CAJA DE INSPECCION ELECTRICA CS-274,MATERIAL - M,UNIDAD - UND,"014 - 014 - INSTALACIONES ELECTRICAS, VOZ Y DATOS",1.0,19,1.19,True,False,DIEGO ANDRES RODRIGUEZ RODRIGUEZ,2025-09-22
3031,MOLDE PARA SOLDADURA EXOTERMICA VARILLA-CABLE,MATERIAL - M,UNIDAD - UND,"014 - 014 - INSTALACIONES ELECTRICAS, VOZ Y DATOS",150417.37,19,178996.67,True,False,DIEGO ANDRES RODRIGUEZ RODRIGUEZ,2025-09-22
3032,"TUBO CONDUIT PVC 1/2"" X 3MTS",MATERIAL - M,UNIDAD - UND,"014 - 014 - INSTALACIONES ELECTRICAS, VOZ Y DATOS",3537.58,19,4209.72,True,False,DIEGO ANDRES RODRIGUEZ RODRIGUEZ,2025-09-22
3033,"TERMINAL CONDUIT PVC 1/2""",MATERIAL - M,UNIDAD - UND,"014 - 014 - INSTALACIONES ELECTRICAS, VOZ Y DATOS",335.17,19,398.85,True,False,DIEGO ANDRES RODRIGUEZ RODRIGUEZ,2025-09-22
3034,"CURVA CONDUIT PVC 1/2""",MATERIAL - M,UNIDAD - UND,"014 - 014 - INSTALACIONES ELECTRICAS, VOZ Y DATOS",661.93,19,787.7,True,False,DIEGO ANDRES RODRIGUEZ RODRIGUEZ,2025-09-22
3035,INTERRUPTOR TRIPLE,MATERIAL - M,UNIDAD - UND,"014 - 014 - INSTALACIONES ELECTRICAS, VOZ Y DATOS",7209.98,19,8579.88,True,False,DIEGO ANDRES RODRIGUEZ RODRIGUEZ,2025-09-22
3036,"TABLERO DE DISTRIBUCION BIFASICO DE 12 CIRCUITOS, CON ESPACIO PARA TOTALIZADOR",MATERIAL - M,UNIDAD - UND,"014 - 014 - INSTALACIONES ELECTRICAS, VOZ Y DATOS",355652.11,19,423226.01,True,False,DIEGO ANDRES RODRIGUEZ RODRIGUEZ,2025-09-22
3037,"BREAKER TIPO INDUSTRIAL, FIJO, BIFASICO, 50A",MATERIAL - M,UNIDAD - UND,"014 - 014 - INSTALACIONES ELECTRICAS, VOZ Y DATOS",140726.51,19,167464.55,True,False,DIEGO ANDRES RODRIGUEZ RODRIGUEZ,2025-09-22
3038,CONECTOR TERMINAL TIPO PALA ESTANADO NO. 8 AWG,MATERIAL - M,UNIDAD - UND,"014 - 014 - INSTALACIONES ELECTRICAS, VOZ Y DATOS",1340.27,19,1594.92,True,False,DIEGO ANDRES RODRIGUEZ RODRIGUEZ,2025-09-22
3039,"RECEPTACULO DOBLE 15A, 125V, TAMPER RESISTANT",MATERIAL - M,UNIDAD - UND,"014 - 014 - INSTALACIONES ELECTRICAS, VOZ Y DATOS",6936.95,19,8254.97,True,False,DIEGO ANDRES RODRIGUEZ RODRIGUEZ,2025-09-22
3040,TAPA ELECTRICA PARA TOMACORRIENTE DOBLE,MATERIAL - M,UNIDAD - UND,"014 - 014 - INSTALACIONES ELECTRICAS, VOZ Y DATOS",1.0,19,1.19,True,False,DIEGO ANDRES RODRIGUEZ RODRIGUEZ,2025-09-22
3041,"TOMACORRIENTE DOBLE CON POLO A TIERRA AISLADO, 120 V.",MATERIAL - M,UNIDAD - UND,"014 - 014 - INSTALACIONES ELECTRICAS, VOZ Y DATOS",4787.07,19,5696.61,True,False,DIEGO ANDRES RODRIGUEZ RODRIGUEZ,2025-09-22
3042,"CURVA CONDUIT PVC 3/4""",MATERIAL - M,UNIDAD - UND,"014 - 014 - INSTALACIONES ELECTRICAS, VOZ Y DATOS",562.37,19,669.22,True,False,DIEGO ANDRES RODRIGUEZ RODRIGUEZ,2025-09-22
3043,"TABLERO DE DISTRIBUCION BIFASICO DE 6 CIRCUITOS, CON PUERTA",MATERIAL - M,UNIDAD - UND,"014 - 014 - INSTALACIONES ELECTRICAS, VOZ Y DATOS",54252.35,19,64560.3,True,False,DIEGO ANDRES RODRIGUEZ RODRIGUEZ,2025-09-22
3044,"TABLERO DE DISTRIBUCION BIFASICO DE 8 CIRCUITOS, CON PUERTA",MATERIAL - M,UNIDAD - UND,"014 - 014 - INSTALACIONES ELECTRICAS, VOZ Y DATOS",108609.95,19,129245.84,True,False,DIEGO ANDRES RODRIGUEZ RODRIGUEZ,2025-09-22
3045,"TABLERO DE DISTRIBUCION BIFASICO DE 12 CIRCUITOS, CON PUERTA",MATERIAL - M,UNIDAD - UND,"014 - 014 - INSTALACIONES ELECTRICAS, VOZ Y DATOS",129351.84,19,153928.69,True,False,DIEGO ANDRES RODRIGUEZ RODRIGUEZ,2025-09-22
3046,VARILLA DE ANCLAJE DE 5/8 * 1.8 MTS,MATERIAL - M,UNIDAD - UND,015 - 015 - REDES ELECTRICAS,1.0,19,1.19,True,False,DIEGO ANDRES RODRIGUEZ RODRIGUEZ,2025-09-22
3047,CABLE ACSR NO. 2 AWG - KM,MATERIAL - M,KILOMETRO - KM,015 - 015 - REDES ELECTRICAS,1.0,19,1.19,True,False,DIEGO ANDRES RODRIGUEZ RODRIGUEZ,2025-09-22
3048,CONECTOR TERMINAL TIPO PALA ESTANADO NO. 2 AWG,MATERIAL - M,UNIDAD - UND,015 - 015 - REDES ELECTRICAS,2907.82,19,3460.31,True,False,DIEGO ANDRES RODRIGUEZ RODRIGUEZ,2025-09-22
3049,CAJA TIPO INTERPERIE PARA TOTALIZADOR,MATERIAL - M,UNIDAD - UND,015 - 015 - REDES ELECTRICAS,1.0,19,1.19,True,False,DIEGO ANDRES RODRIGUEZ RODRIGUEZ,2025-09-22
3050,"TRANSFORMADOR MONOFASICO DE 25 KVA, 13.200/240-120 V",MATERIAL - M,UNIDAD - UND,015 - 015 - REDES ELECTRICAS,7069428.64,19,8412620.08,True,False,DIEGO ANDRES RODRIGUEZ RODRIGUEZ,2025-09-22
3051,"AIRE ACONDICIONADO MINI SPLIT 36.000 BTU, 220 V",EQUIPO - E,UNIDAD - UND,026 - 026 - EQUIPOS ESPECIALIZADOS,5433064.0,0,5433064.0,True,False,,
3052,SOPORTE PARA MONTAJE AIRE ACONDICIONADO,MATERIAL - M,UNIDAD - UND,026 - 026 - EQUIPOS ESPECIALIZADOS,63070.0,0,63070.0,True,False,,
3053,ETIQUETAS EN POLIESTIRENO 12*6 CM,CONSUMIBLES - C,UNIDAD - UND,020 - 020 - FERRETERIA MENOR,1.0,19,1.19,True,False,DIEGO ANDRES RODRIGUEZ RODRIGUEZ,2025-09-15
3054,CINTA AISLANTE 600 VOLT 75°C,CONSUMIBLES - C,METRO - M,020 - 020 - FERRETERIA MENOR,1.0,19,1.19,True,False,DIEGO ANDRES RODRIGUEZ RODRIGUEZ,2025-09-15
3055,ETIQUETA AUTOADESHIVA,CONSUMIBLES - C,ROLLO - ROLL,020 - 020 - FERRETERIA MENOR,1.0,19,1.19,True,False,DIEGO ANDRES RODRIGUEZ RODRIGUEZ,2025-09-15
3056,CABLE HDMI 10MTS,MATERIAL - M,UNIDAD - UND,"014 - 014 - INSTALACIONES ELECTRICAS, VOZ Y DATOS",1.0,19,1.19,True,False,DIEGO ANDRES RODRIGUEZ RODRIGUEZ,2025-09-22
3057,TERMINAL HDMI,MATERIAL - M,UNIDAD - UND,"014 - 014 - INSTALACIONES ELECTRICAS, VOZ Y DATOS",1.0,19,1.19,True,False,DIEGO ANDRES RODRIGUEZ RODRIGUEZ,2025-09-22
3058,CAJA CON TAPA RETRACTIL PARA TOMA,MATERIAL - M,UNIDAD - UND,"014 - 014 - INSTALACIONES ELECTRICAS, VOZ Y DATOS",1.0,19,1.19,True,False,DIEGO ANDRES RODRIGUEZ RODRIGUEZ,2025-09-22
3059,CONECTOR TERMINAL RJ45,MATERIAL - M,UNIDAD - UND,"014 - 014 - INSTALACIONES ELECTRICAS, VOZ Y DATOS",1.0,19,1.19,True,False,DIEGO ANDRES RODRIGUEZ RODRIGUEZ,2025-09-22
3060,RACK GABINETE DE PISO PARA DATOS 120X60X60,MATERIAL - M,UNIDAD - UND,"014 - 014 - INSTALACIONES ELECTRICAS, VOZ Y DATOS",660629.21,19,786148.76,True,False,DIEGO ANDRES RODRIGUEZ RODRIGUEZ,2025-09-22
3061,"CAJA DE PISO PARA CUATRO MODULOS UNIVERSALES (SOCKET M4), ELECTRICA Y REDES DE DATOS",MATERIAL - M,UNIDAD - UND,"014 - 014 - INSTALACIONES ELECTRICAS, VOZ Y DATOS",550154.85,19,654684.27,True,False,DIEGO ANDRES RODRIGUEZ RODRIGUEZ,2025-09-22
3062,"CORAZA LIQUID TIGHT 1/2""",MATERIAL - M,METRO - M,"014 - 014 - INSTALACIONES ELECTRICAS, VOZ Y DATOS",1.0,19,1.19,True,False,DIEGO ANDRES RODRIGUEZ RODRIGUEZ,2025-09-22
3063,"LUMINARIA LED LINEAL, HERMETICA 18W",MATERIAL - M,UNIDAD - UND,"014 - 014 - INSTALACIONES ELECTRICAS, VOZ Y DATOS",49617.65,19,59045.0,True,False,DIEGO ANDRES RODRIGUEZ RODRIGUEZ,2025-09-22
3064,"TERMINAL RECTO LIQUID TIGHT 1/2""",MATERIAL - M,UNIDAD - UND,"014 - 014 - INSTALACIONES ELECTRICAS, VOZ Y DATOS",1.0,19,1.19,True,False,DIEGO ANDRES RODRIGUEZ RODRIGUEZ,2025-09-22
3065,KIT DE GUAYAS PARA COLGAR LAMPARAS,MATERIAL - M,UNIDAD - UND,"014 - 014 - INSTALACIONES ELECTRICAS, VOZ Y DATOS",1.0,19,1.19,True,False,DIEGO ANDRES RODRIGUEZ RODRIGUEZ,2025-09-22
3066,"PANEL LED FLAT 30X30, 18 W, 4000K, 90-140 V.",MATERIAL - M,UNIDAD - UND,"014 - 014 - INSTALACIONES ELECTRICAS, VOZ Y DATOS",18767.09,19,22332.84,True,False,DIEGO ANDRES RODRIGUEZ RODRIGUEZ,2025-09-22
3067,"PANEL LED FLAT 60X60, 40 W, 4000K, 90-140 V.",MATERIAL - M,UNIDAD - UND,"014 - 014 - INSTALACIONES ELECTRICAS, VOZ Y DATOS",63558.52,19,75634.64,True,False,DIEGO ANDRES RODRIGUEZ RODRIGUEZ,2025-09-22
3068,"BOQUILLA TERMINAL EMT 1/2""",MATERIAL - M,UNIDAD - UND,"014 - 014 - INSTALACIONES ELECTRICAS, VOZ Y DATOS",1.0,19,1.19,True,False,DIEGO ANDRES RODRIGUEZ RODRIGUEZ,2025-09-22
3069,"CAJA EMT REDONDA 5 SALIDAS DE 1/2"" ELITE NEMA 4",MATERIAL - M,UNIDAD - UND,"014 - 014 - INSTALACIONES ELECTRICAS, VOZ Y DATOS",2338.64,19,2782.98,True,False,DIEGO ANDRES RODRIGUEZ RODRIGUEZ,2025-09-22
3070,"CURVA CONDUIT EMT 1/2""",MATERIAL - M,UNIDAD - UND,"014 - 014 - INSTALACIONES ELECTRICAS, VOZ Y DATOS",1.0,19,1.19,True,False,DIEGO ANDRES RODRIGUEZ RODRIGUEZ,2025-09-22
3071,"UNION EMT 1/2""",MATERIAL - M,UNIDAD - UND,"014 - 014 - INSTALACIONES ELECTRICAS, VOZ Y DATOS",751.35,19,894.11,True,False,DIEGO ANDRES RODRIGUEZ RODRIGUEZ,2025-09-22
3072,"ABRAZADERA DOBLE OREJA EMT 1/2""",MATERIAL - M,UNIDAD - UND,"014 - 014 - INSTALACIONES ELECTRICAS, VOZ Y DATOS",245.14,19,291.72,True,False,DIEGO ANDRES RODRIGUEZ RODRIGUEZ,2025-09-22
3073,"ABRAZADERA COLGANTE METALICA 1/2""",MATERIAL - M,UNIDAD - UND,"014 - 014 - INSTALACIONES ELECTRICAS, VOZ Y DATOS",1.0,19,1.19,True,False,DIEGO ANDRES RODRIGUEZ RODRIGUEZ,2025-09-22
3074,TOMACORRIENTE NORMAL BIFASICO 208 V.,MATERIAL - M,UNIDAD - UND,"014 - 014 - INSTALACIONES ELECTRICAS, VOZ Y DATOS",7379.42,19,8781.51,True,False,DIEGO ANDRES RODRIGUEZ RODRIGUEZ,2025-09-22
3075,CAJA OCTOGONAL PVC,MATERIAL - M,UNIDAD - UND,"014 - 014 - INSTALACIONES ELECTRICAS, VOZ Y DATOS",1136.17,19,1352.04,True,False,DIEGO ANDRES RODRIGUEZ RODRIGUEZ,2025-09-22
3076,CAJA METALICA DE PASO 30CM X 30CM X 15CM CHAPA PLASTICA,MATERIAL - M,UNIDAD - UND,"014 - 014 - INSTALACIONES ELECTRICAS, VOZ Y DATOS",63140.51,19,75137.21,True,False,DIEGO ANDRES RODRIGUEZ RODRIGUEZ,2025-09-22
3077,CAJA RECTANGULAR PVC SCH40 GRIS,MATERIAL - M,METRO - M,"014 - 014 - INSTALACIONES ELECTRICAS, VOZ Y DATOS",1.0,19,1.19,True,False,DIEGO ANDRES RODRIGUEZ RODRIGUEZ,2025-09-22
3078,MARCO EN LAMINA CR 60CM X 60CM SOBREPONER PARA PANEL,MATERIAL - M,UNIDAD - UND,"014 - 014 - INSTALACIONES ELECTRICAS, VOZ Y DATOS",33290.84,19,39616.1,True,False,DIEGO ANDRES RODRIGUEZ RODRIGUEZ,2025-09-22
3079,CONECTOR AUTODESFORRE AMARILLO CALIBRE 10-12 PARA EMPALME RAPIDO,MATERIAL - M,UNIDAD - UND,"014 - 014 - INSTALACIONES ELECTRICAS, VOZ Y DATOS",1200.81,19,1428.96,True,False,DIEGO ANDRES RODRIGUEZ RODRIGUEZ,2025-09-22
3080,TOMA DOBLE 15 AMP 250 V POLO A TIERRA MARFIL MIRADA CHINA,MATERIAL - M,UNIDAD - UND,"014 - 014 - INSTALACIONES ELECTRICAS, VOZ Y DATOS",1.0,19,1.19,True,False,DIEGO ANDRES RODRIGUEZ RODRIGUEZ,2025-09-22
3081,"BREAKER BIPOLAR ENCHUFABLE, 30A",MATERIAL - M,UNIDAD - UND,"014 - 014 - INSTALACIONES ELECTRICAS, VOZ Y DATOS",39448.01,19,46943.13,True,False,DIEGO ANDRES RODRIGUEZ RODRIGUEZ,2025-09-22
3082,"PRENSA ESTOPA 1/2""",MATERIAL - M,UNIDAD - UND,015 - 015 - REDES ELECTRICAS,1536.37,19,1828.28,True,False,DIEGO ANDRES RODRIGUEZ RODRIGUEZ,2025-09-22
3083,CLAVIJA CAUCHO 15 AMP CON POLO C003,MATERIAL - M,UNIDAD - UND,"014 - 014 - INSTALACIONES ELECTRICAS, VOZ Y DATOS",5015.63,19,5968.6,True,False,DIEGO ANDRES RODRIGUEZ RODRIGUEZ,2025-09-22
3084,CABLE ENCAUCHETADO 3X10 AWG,MATERIAL - M,METRO - M,015 - 015 - REDES ELECTRICAS,9654.82,19,11489.24,True,False,DIEGO ANDRES RODRIGUEZ RODRIGUEZ,2025-09-22
3085,"TORNILLO GOLOSO 1"" PULGADA 8X1",CONSUMIBLES - C,UNIDAD - UND,020 - 020 - FERRETERIA MENOR,49.24,19,58.6,True,False,DIEGO ANDRES RODRIGUEZ RODRIGUEZ,2025-09-15
3086,TAPA CIEGA REDONDA GALVANIZADA,MATERIAL - M,UNIDAD - UND,015 - 015 - REDES ELECTRICAS,1135.92,19,1351.74,True,False,DIEGO ANDRES RODRIGUEZ RODRIGUEZ,2025-09-22
3087,"CURVA PVC 1/2""",MATERIAL - M,UNIDAD - UND,"014 - 014 - INSTALACIONES ELECTRICAS, VOZ Y DATOS",1.0,19,1.19,True,False,DIEGO ANDRES RODRIGUEZ RODRIGUEZ,2025-09-22
3088,"ADAPTADOR TERMINAL PVC DE 3/4""",MATERIAL - M,UNIDAD - UND,"014 - 014 - INSTALACIONES ELECTRICAS, VOZ Y DATOS",285.13,19,339.3,True,False,DIEGO ANDRES RODRIGUEZ RODRIGUEZ,2025-09-22
3089,CAJA JG METALICA GALVANIZADA OCTAGONAL,MATERIAL - M,UNIDAD - UND,"014 - 014 - INSTALACIONES ELECTRICAS, VOZ Y DATOS",2065.2,19,2457.59,True,False,DIEGO ANDRES RODRIGUEZ RODRIGUEZ,2025-09-22
3090,"TERMINAL EMT 1/2""",MATERIAL - M,UNIDAD - UND,"014 - 014 - INSTALACIONES ELECTRICAS, VOZ Y DATOS",1135.65,19,1351.42,True,False,DIEGO ANDRES RODRIGUEZ RODRIGUEZ,2025-09-22
3091,"CURVA EMT 1/2""",MATERIAL - M,UNIDAD - UND,"014 - 014 - INSTALACIONES ELECTRICAS, VOZ Y DATOS",1583.89,19,1884.83,True,False,DIEGO ANDRES RODRIGUEZ RODRIGUEZ,2025-09-22
3092,"ADAPTADOR TERMINAL CONDUIT 1/2"" SCH40",MATERIAL - M,UNIDAD - UND,"014 - 014 - INSTALACIONES ELECTRICAS, VOZ Y DATOS",419.62,19,499.35,True,False,DIEGO ANDRES RODRIGUEZ RODRIGUEZ,2025-09-22
3093,"UNION 1/2"" CONDUIT SCH40",MATERIAL - M,UNIDAD - UND,"014 - 014 - INSTALACIONES ELECTRICAS, VOZ Y DATOS",434.54,19,517.1,True,False,DIEGO ANDRES RODRIGUEZ RODRIGUEZ,2025-09-22
3094,"CURVA 1/2"" CONDUIT SCH40",MATERIAL - M,UNIDAD - UND,"014 - 014 - INSTALACIONES ELECTRICAS, VOZ Y DATOS",891.44,19,1060.81,True,False,DIEGO ANDRES RODRIGUEZ RODRIGUEZ,2025-09-22
3095,CABLE 2×6 + 6 CONCENTRICO AWG,MATERIAL - M,METRO - M,015 - 015 - REDES ELECTRICAS,7075.8,19,8420.2,True,False,DIEGO ANDRES RODRIGUEZ RODRIGUEZ,2025-09-22
3096,"ADAPTADOR TERMINAL PVC DE 1""",MATERIAL - M,UNIDAD - UND,"014 - 014 - INSTALACIONES ELECTRICAS, VOZ Y DATOS",735.75,19,875.54,True,False,DIEGO ANDRES RODRIGUEZ RODRIGUEZ,2025-09-22
3097,"TUBERIA 1/2"" CONDUIT SCH40 X 3M",MATERIAL - M,UNIDAD - UND,"014 - 014 - INSTALACIONES ELECTRICAS, VOZ Y DATOS",7944.85,19,9454.37,True,False,DIEGO ANDRES RODRIGUEZ RODRIGUEZ,2025-09-22
3098,CAJA EMT RECTANGULAR 4X2,MATERIAL - M,UNIDAD - UND,"014 - 014 - INSTALACIONES ELECTRICAS, VOZ Y DATOS",1742.18,19,2073.19,True,False,DIEGO ANDRES RODRIGUEZ RODRIGUEZ,2025-09-22
3100,CAJA RECTANGULAR SENCILLA PARA CANALETA 100 X 45,MATERIAL - M,UNIDAD - UND,"014 - 014 - INSTALACIONES ELECTRICAS, VOZ Y DATOS",450.01,19,535.51,True,False,DIEGO ANDRES RODRIGUEZ RODRIGUEZ,2025-09-22
3101,CHAZO PLASTICO DE 1X1/4,MATERIAL - M,UNIDAD - UND,020 - 020 - FERRETERIA MENOR,16.51,19,19.65,True,False,DIEGO ANDRES RODRIGUEZ RODRIGUEZ,2025-09-16
3102,TORNILLO GOLOSO DE 1X1/4,MATERIAL - M,UNIDAD - UND,020 - 020 - FERRETERIA MENOR,48.0,19,57.12,True,False,DIEGO ANDRES RODRIGUEZ RODRIGUEZ,2025-09-16
3103,"BROCA PARA MURO DE 1/4""",MATERIAL - M,UNIDAD - UND,020 - 020 - FERRETERIA MENOR,3324.0,19,3955.56,True,False,DIEGO ANDRES RODRIGUEZ RODRIGUEZ,2025-09-16
3104,"BREAKER BIPOLAR ENCHUFABLE, 40A",MATERIAL - M,UNIDAD - UND,"014 - 014 - INSTALACIONES ELECTRICAS, VOZ Y DATOS",27123.75,19,32277.26,True,False,DIEGO ANDRES RODRIGUEZ RODRIGUEZ,2025-09-22
3105,CONECTOR DE TORNILLO DE PERFORACION DE CHAQUETA AISLADA PRINCIPAL 4 A 4-0-DERIVACION,MATERIAL - M,METRO - M,"014 - 014 - INSTALACIONES ELECTRICAS, VOZ Y DATOS",13936.88,19,16584.89,True,False,DIEGO ANDRES RODRIGUEZ RODRIGUEZ,2025-09-22
3106,BREAKER DE RIEL BIPOLAR DE 40A,MATERIAL - M,UNIDAD - UND,"014 - 014 - INSTALACIONES ELECTRICAS, VOZ Y DATOS",1.0,19,1.19,True,False,DIEGO ANDRES RODRIGUEZ RODRIGUEZ,2025-09-22
3107,MARCO DE SEGUETA (INCLUYE HOJA),MATERIAL - M,UNIDAD - UND,020 - 020 - FERRETERIA MENOR,16955.0,19,20176.45,True,False,DIEGO ANDRES RODRIGUEZ RODRIGUEZ,2025-09-16
3108,CRUDO DE RIO,MATERIAL - M,METRO CUBICO - M3,002 - 002 - AGREGADOS PETREOS,1.0,19,1.19,True,False,DIEGO ANDRES RODRIGUEZ RODRIGUEZ,2025-07-29
3109,TUBERIA ESTRUCTURAL CUADRADA 200X70 4MM X6M,MATERIAL - M,UNIDAD - UND,003 - 003 - ACEROS Y REFUERZOS METALICO,472510.87,19,562287.94,True,False,MARIA PAULA BALLEN MANOSALVA,2025-07-29
3110,TUBERIA ESTRUCTURAL CUADRADA 160X60 1.5MM X6M,MATERIAL - M,UNIDAD - UND,003 - 003 - ACEROS Y REFUERZOS METALICO,1.0,19,1.19,True,False,MARIA PAULA BALLEN MANOSALVA,2025-07-29
3111,TUBERIA ESTRUCTURAL CUADRADA 300X100 7MM X6M,MATERIAL - M,UNIDAD - UND,003 - 003 - ACEROS Y REFUERZOS METALICO,1002906.61,19,1193458.87,True,False,MARIA PAULA BALLEN MANOSALVA,2025-07-29
3112,TUBERIA ESTRUCTURAL CUADRADA 150X50 3MM X6M,MATERIAL - M,UNIDAD - UND,003 - 003 - ACEROS Y REFUERZOS METALICO,291741.21,19,347172.04,True,False,MARIA PAULA BALLEN MANOSALVA,2025-07-29
3113,CONCRETE COLOR (COLOR ENDURECEDOR DE CUARZO) ROJO C-140 - BULTO 25KG,MATERIAL - M,UNIDAD - UND,001 - 001 - ADHESIVOS Y ADITIVOS,54541.22,19,64904.05,True,False,DIEGO ANDRES RODRIGUEZ RODRIGUEZ,2025-07-29
3114,CONCRETE COLOR (COLOR ENDURECEDOR DE CUARZO) AMARILLO GOLD C-113 - BULTO 25KG,MATERIAL - M,UNIDAD - UND,001 - 001 - ADHESIVOS Y ADITIVOS,77443.9,19,92158.24,True,False,DIEGO ANDRES RODRIGUEZ RODRIGUEZ,2025-07-29
3115,SELLA CONCRETE - (SELLADOR ACRILICO TRANSPARENTE) SEMILUSTRE - CUNETE 20LT,MATERIAL - M,CUÑETE - CÑT,001 - 001 - ADHESIVOS Y ADITIVOS,535839.96,19,637649.55,True,False,DIEGO ANDRES RODRIGUEZ RODRIGUEZ,2025-07-29
3116,CONCRETE COLOR (COLOR ENDURECEDOR DE CUARZO) VERDE MANZANA C-143 - BULTO 25KG,MATERIAL - M,UNIDAD - UND,001 - 001 - ADHESIVOS Y ADITIVOS,115366.34,19,137285.94,True,False,DIEGO ANDRES RODRIGUEZ RODRIGUEZ,2025-07-29
3117,ELECTRODO 6011 X 1/8,MATERIAL - M,KILOGRAMO - KG,020 - 020 - FERRETERIA MENOR,15774.71,19,18771.9,True,False,DIEGO ANDRES RODRIGUEZ RODRIGUEZ,2025-09-16
3118,ROTOMARTILLO SDS PLUS 800W GBH 2-24,EQUIPO - E,UNIDAD - UND,022 - 022 - MAQUINARIA Y EQUIPO,1109137.19,0,1109137.19,True,False,,
3119,DESMOL CONCRETE - ROJO C-140 (DESMOLDANTE EN POLVO) - PREST. CUNETE DE 20KG,MATERIAL - M,CUÑETE - CÑT,001 - 001 - ADHESIVOS Y ADITIVOS,197225.8,19,234698.7,True,False,DIEGO ANDRES RODRIGUEZ RODRIGUEZ,2025-07-29
3120,DESMOL CONCRETE - AMARILLO GOLD C-113 (DESMOLDANTE EN POLVO) - PREST. CUNETE DE 20KG,MATERIAL - M,CUÑETE - CÑT,001 - 001 - ADHESIVOS Y ADITIVOS,200634.4,19,238754.94,True,False,DIEGO ANDRES RODRIGUEZ RODRIGUEZ,2025-07-29
3121,DESMOL CONCRETE - VERDE MANZANA C-143 (DESMOLDANTE EN POLVO) - PREST. CUNETE DE 10KG,MATERIAL - M,CUÑETE - CÑT,001 - 001 - ADHESIVOS Y ADITIVOS,207060.0,19,246401.4,True,False,DIEGO ANDRES RODRIGUEZ RODRIGUEZ,2025-07-29
3122,COLCHONETA,DOTACION - D,UNIDAD - UND,008 - 008 - MOBILIARIO URBANO,141000.12,19,167790.14,True,False,MARIA PAULA BALLEN MANOSALVA,2025-07-29
3123,"BROCHA CERFA FINA DE 2""",MATERIAL - M,UNIDAD - UND,020 - 020 - FERRETERIA MENOR,3070.96,19,3654.44,True,False,DIEGO ANDRES RODRIGUEZ RODRIGUEZ,2025-09-16
3124,CE2025-TC-PR-1.1 CONTROL DE PLAGAS,SUBCONTRATO - S,UNIDAD - UND,043 - 043 - SUBCONTRATO,175196.0,0,175196.0,True,False,,
3125,"CAMILLA DE MADERA PARA CONSTRUCCION DE 0,70 X 1,40 MTS. MADERA EN PINO",EQUIPO - E,UNIDAD - UND,022 - 022 - MAQUINARIA Y EQUIPO,46410.0,0,46410.0,True,False,,
3126,CERCHA PARA ENTRE PISO DE 3 MTS USADAS,EQUIPO - E,UNIDAD - UND,022 - 022 - MAQUINARIA Y EQUIPO,0.0,0,0.0,True,False,,
3127,CERCHAS METALICAS DE 3 M DE LARGO USADAS,EQUIPO - E,UNIDAD - UND,022 - 022 - MAQUINARIA Y EQUIPO,142800.0,0,142800.0,True,False,,
3128,"PARAL METALICO LARGO PARA CONSTRUCCION DE 2.00 MTS CON EXTENSION A 3,70 MTS USADO",EQUIPO - E,UNIDAD - UND,022 - 022 - MAQUINARIA Y EQUIPO,162484.98,0,162484.98,True,False,,
3129,BOTAS DE SEGURIDAD CANA CORTA,DOTACION - D,UNIDAD - UND,029 - 029 - SG-SST,58500.0,0,58500.0,True,False,,
3130,CAMIBUSO MANGA LARGA CUELLO REDONDO,DOTACION - D,UNIDAD - UND,029 - 029 - SG-SST,17500.0,0,17500.0,True,False,,
3131,PANTALON INDUSTRIAL EN JEAN HOMBRE,DOTACION - D,UNIDAD - UND,029 - 029 - SG-SST,29321.43,0,29321.43,True,False,,
3132,CASCO DE SEGURIDAD CERTIFICADO TIPO 1 CLASE E CREMALLERA,DOTACION - D,UNIDAD - UND,029 - 029 - SG-SST,17500.0,0,17500.0,True,False,EDIER JAFETH MARIOTTA PADILLA,2025-06-10
3133,GUANTES DE PRECISION REFORZADO CERTIFICADO - MARCA TITANIUM MODELO L1601,DOTACION - D,UNIDAD - UND,029 - 029 - SG-SST,3957.14,0,3957.14,True,False,,
3134,GUANTES DE PRECISION NEGROS - SENCILLOS,DOTACION - D,UNIDAD - UND,029 - 029 - SG-SST,3366.67,0,3366.67,True,False,,
3135,GAFAS DE SEGURIDAD TRICOLOR OSCURAS - ANTIRAYADURA,DOTACION - D,UNIDAD - UND,029 - 029 - SG-SST,3776.92,0,3776.92,True,False,,
3136,GAFAS DE SEGURIDAD TRICOLOR CLARAS - ANTIRAYADURA,DOTACION - D,UNIDAD - UND,029 - 029 - SG-SST,3822.22,0,3822.22,True,False,DIEGO ANDRES RODRIGUEZ RODRIGUEZ,2025-07-07
3137,TAPABOCAS TIPO CONSTRUCCION - TELA NEGRA,DOTACION - D,UNIDAD - UND,029 - 029 - SG-SST,548.18,0,548.18,True,False,,
3138,CINTA DE PELIGRO X 500 METROS,DOTACION - D,UNIDAD - UND,029 - 029 - SG-SST,20049.75,0,20049.75,True,False,,
3139,CE-2025-TC70% -1.1 - CONTROL DE PLAGAS,SUBCONTRATO - S,UNIDAD - UND,043 - 043 - SUBCONTRATO,175196.0,0,175196.0,True,False,EDIER JAFETH MARIOTTA PADILLA,2025-06-13
3140,CE-2025-TC70% -1.10 - DEMOLICIONES DE MUROS,SUBCONTRATO - S,METRO CUADRADO - M2,043 - 043 - SUBCONTRATO,12331.2,0,12331.2,True,False,HERNAN CAMILO GARCIA CONTRERAS,2025-06-12
3141,CE-2025-TC70% -1.11 - DEMOLICIONES DE ELEMENTOS ESTRUCTURALES,SUBCONTRATO - S,METRO LINEAL - ML,043 - 043 - SUBCONTRATO,27565.3,0,27565.3,True,False,HERNAN CAMILO GARCIA CONTRERAS,2025-06-12
3142,CE-2025-TC70% -1.12 - ESCARIFICACION DE ESTUCO Y PINTURA,SUBCONTRATO - S,METRO CUADRADO - M2,043 - 043 - SUBCONTRATO,7350.7,0,7350.7,True,False,HERNAN CAMILO GARCIA CONTRERAS,2025-06-12
3143,CE-2025-TC70% -1.13 - DESMONTE DE TANQUES AEREOS,SUBCONTRATO - S,UNIDAD - UND,043 - 043 - SUBCONTRATO,8878.1,0,8878.1,True,False,HERNAN CAMILO GARCIA CONTRERAS,2025-06-12
3144,CE-2025-TC70% -1.14 - DEMOLICION DE PLACAS (TANQUES ),SUBCONTRATO - S,METRO CUADRADO - M2,043 - 043 - SUBCONTRATO,37230.2,0,37230.2,True,False,EDIER JAFETH MARIOTTA PADILLA,2025-06-13
3145,CE-2025-TC70% -1.15 - DEMOLICION (MESONES-COMEDORES),SUBCONTRATO - S,METRO LINEAL - ML,043 - 043 - SUBCONTRATO,14701.4,0,14701.4,True,False,HERNAN CAMILO GARCIA CONTRERAS,2025-06-12
3146,CE-2025-TC70% -1.16 - DESMONTE DE APARATOS SANITARIOS,SUBCONTRATO - S,UNIDAD - UND,043 - 043 - SUBCONTRATO,16038.4,0,16038.4,True,False,HERNAN CAMILO GARCIA CONTRERAS,2025-06-12
3147,CE-2025-TC70% -1.17 - DESMONTE DE CANAL METALICA,SUBCONTRATO - S,METRO LINEAL - ML,043 - 043 - SUBCONTRATO,10089.1,0,10089.1,True,False,HERNAN CAMILO GARCIA CONTRERAS,2025-06-12
3148,CE-2025-TC70% -1.18 - DESMONTE DE CUBIERTA EXISTENTE,SUBCONTRATO - S,METRO CUADRADO - M2,043 - 043 - SUBCONTRATO,11185.3,0,11185.3,True,False,HERNAN CAMILO GARCIA CONTRERAS,2025-06-12
3149,CE-2025-TC70% -1.19 - DESMONTE DE ESTRUCTURA DE CUBIERTA,SUBCONTRATO - S,METRO LINEAL - ML,043 - 043 - SUBCONTRATO,4940.6,0,4940.6,True,False,HERNAN CAMILO GARCIA CONTRERAS,2025-06-12
3150,CE-2025-TC70% -1.2 - DESCAPOTE Y LIMPIEZA,SUBCONTRATO - S,METRO CUADRADO - M2,043 - 043 - SUBCONTRATO,5292.7,0,5292.7,True,False,EDIER JAFETH MARIOTTA PADILLA,2025-06-13
3151,CE-2025-TC70% -1.20 - DESMONTE DE CIELO RASO,SUBCONTRATO - S,METRO CUADRADO - M2,043 - 043 - SUBCONTRATO,6458.9,0,6458.9,True,False,HERNAN CAMILO GARCIA CONTRERAS,2025-06-12
3152,CE-2025-TC70% -1.21 - EXCAVACION MANUAL EN MATERIAL COMUN,SUBCONTRATO - S,METRO CUBICO - M3,043 - 043 - SUBCONTRATO,44104.9,0,44104.9,True,False,HERNAN CAMILO GARCIA CONTRERAS,2025-06-12
3153,CE-2025-TC70% -1.22 - RELLENO CON MATERIAL DE EXCAVACION,SUBCONTRATO - S,METRO CUBICO - M3,043 - 043 - SUBCONTRATO,26012.7,0,26012.7,True,False,HERNAN CAMILO GARCIA CONTRERAS,2025-06-12
3154,CE-2025-TC70% -1.23 - CARGUE MANUAL TRANSPORTE Y DISPOSICION FINAL DE ESCOMBROS,SUBCONTRATO - S,METRO CUBICO - M3,043 - 043 - SUBCONTRATO,11333.33,19,13486.66,True,False,DIEGO ANDRES RODRIGUEZ RODRIGUEZ,2025-09-22
3155,CE-2025-TC70% -1.24 - DESMONTE DE PUERTA EN REJA,SUBCONTRATO - S,METRO CUADRADO - M2,043 - 043 - SUBCONTRATO,8820.7,0,8820.7,True,False,HERNAN CAMILO GARCIA CONTRERAS,2025-06-12
3156,CE-2025-TC70% -1.25 - DESMONTE DE VENTANA EN MALLA,SUBCONTRATO - S,METRO CUADRADO - M2,043 - 043 - SUBCONTRATO,9801.4,0,9801.4,True,False,HERNAN CAMILO GARCIA CONTRERAS,2025-06-12
3157,CE-2025-TC70% -1.26 - RETIRO DE GUARDAESCOBA,SUBCONTRATO - S,METRO LINEAL - ML,043 - 043 - SUBCONTRATO,4410.7,0,4410.7,True,False,HERNAN CAMILO GARCIA CONTRERAS,2025-06-12
3158,CE-2025-TC70% -1.27 - DEMOLICIONES DE CELOSIAS,SUBCONTRATO - S,METRO CUADRADO - M2,043 - 043 - SUBCONTRATO,9801.4,0,9801.4,True,False,HERNAN CAMILO GARCIA CONTRERAS,2025-06-12
3159,CE-2025-TC70% -1.28 - DEMOLICION DE LAVADERO,SUBCONTRATO - S,UNIDAD - UND,043 - 043 - SUBCONTRATO,55132.0,0,55132.0,True,False,HERNAN CAMILO GARCIA CONTRERAS,2025-06-12
3160,CE-2025-TC70% -1.29 - DESMONTE DE MUROS EN PVC,SUBCONTRATO - S,METRO CUADRADO - M2,043 - 043 - SUBCONTRATO,5880.7,0,5880.7,True,False,HERNAN CAMILO GARCIA CONTRERAS,2025-06-12
3161,CE-2025-TC70% -1.3 - RETIRO DE CERRAMIENTO EN MALLA ALTURA ENTRE 1.80 A 2.20 M,SUBCONTRATO - S,METRO LINEAL - ML,043 - 043 - SUBCONTRATO,8820.7,0,8820.7,True,False,HERNAN CAMILO GARCIA CONTRERAS,2025-06-12
3162,CE-2025-TC70% -1.4 - DESMONTE DE PUERTA,SUBCONTRATO - S,METRO CUADRADO - M2,043 - 043 - SUBCONTRATO,11026.4,0,11026.4,True,False,EDIER JAFETH MARIOTTA PADILLA,2025-06-13
3163,CE-2025-TC70% -1.5 - DESMONTE DE VENTANA,SUBCONTRATO - S,METRO CUADRADO - M2,043 - 043 - SUBCONTRATO,14701.4,0,14701.4,True,False,EDIER JAFETH MARIOTTA PADILLA,2025-06-13
3164,CE-2025-TC70% -1.6 - DEMOLICIONES DE ACCESOS PRINCIPALES. INC. ESTRUCTURAS DE SOPORTE,SUBCONTRATO - S,METRO CUADRADO - M2,043 - 043 - SUBCONTRATO,6980.4,0,6980.4,True,False,HERNAN CAMILO GARCIA CONTRERAS,2025-06-12
3165,CE-2025-TC70% -1.7 - DEMOLICIONES DE PISOS,SUBCONTRATO - S,METRO CUADRADO - M2,043 - 043 - SUBCONTRATO,11761.4,0,11761.4,True,False,EDIER JAFETH MARIOTTA PADILLA,2025-06-13
3166,CE-2025-TC70% -1.8 - RETIRO DE ENCHAPE DE PISO,SUBCONTRATO - S,METRO CUADRADO - M2,043 - 043 - SUBCONTRATO,12601.4,0,12601.4,True,False,EDIER JAFETH MARIOTTA PADILLA,2025-06-13
3167,CE-2025-TC70% -1.9 - RETIRO DE ENCHAPE DE MURO,SUBCONTRATO - S,METRO CUADRADO - M2,043 - 043 - SUBCONTRATO,14701.4,0,14701.4,True,False,HERNAN CAMILO GARCIA CONTRERAS,2025-06-12
3168,CE-2025-TC70% -10.10 - CANECA DE BASURA TIPO BARCELONA,SUBCONTRATO - S,UNIDAD - UND,043 - 043 - SUBCONTRATO,1209843.6,0,1209843.6,True,False,HERNAN CAMILO GARCIA CONTRERAS,2025-06-12
3169,CE-2025-TC70% -10.11 - MAXIPARQUE 18-TX-BOSQUE KOALA,SUBCONTRATO - S,UNIDAD - UND,043 - 043 - SUBCONTRATO,16891075.6,0,16891075.6,True,False,HERNAN CAMILO GARCIA CONTRERAS,2025-06-12
3170,CE-2025-TC70% -10.12 - BANCAS FABRICADAS EN SITIO,SUBCONTRATO - S,UNIDAD - UND,043 - 043 - SUBCONTRATO,412354.6,0,412354.6,True,False,HERNAN CAMILO GARCIA CONTRERAS,2025-06-12
3171,"CE-2025-TC70% -10.13 - PLACA EN CONCRETO DE 3.000 PSI REFORZADO, E=0,08 M",SUBCONTRATO - S,METRO CUADRADO - M2,043 - 043 - SUBCONTRATO,85220.1,0,85220.1,True,False,HERNAN CAMILO GARCIA CONTRERAS,2025-06-12
3172,CE-2025-TC70% -10.14 - PLANTA ORNAMENTARIA IZORA,SUBCONTRATO - S,UNIDAD - UND,043 - 043 - SUBCONTRATO,15272.6,0,15272.6,True,False,HERNAN CAMILO GARCIA CONTRERAS,2025-06-12
3173,"CE-2025-TC70% -10.3 - PLACA EN CONCRETO DE 3.000 PSI REFORZADO, CON ESTAMPADO E=0.08M (INC. PINTURA EPOXICA)",SUBCONTRATO - S,METRO CUADRADO - M2,043 - 043 - SUBCONTRATO,214559.1,0,214559.1,True,False,HERNAN CAMILO GARCIA CONTRERAS,2025-06-12
3174,"CE-2025-TC70% -10.4 - PLACA EN CONCRETO DE 3.000 PSI REFORZADO, E=0,08 M (INCLUYE CAUCHO RECICLADO)",SUBCONTRATO - S,METRO CUADRADO - M2,043 - 043 - SUBCONTRATO,358318.8,0,358318.8,True,False,HERNAN CAMILO GARCIA CONTRERAS,2025-06-12
3175,CE-2025-TC70% -10.5 - ARENA,SUBCONTRATO - S,METRO CUADRADO - M2,043 - 043 - SUBCONTRATO,113192.8,0,113192.8,True,False,HERNAN CAMILO GARCIA CONTRERAS,2025-06-12
3176,CE-2025-TC70% -10.7 - EMPRADIZACION,SUBCONTRATO - S,METRO CUADRADO - M2,043 - 043 - SUBCONTRATO,15085.0,0,15085.0,True,False,HERNAN CAMILO GARCIA CONTRERAS,2025-06-12
3177,CE-2025-TC70% -10.8 - BORDILLOS DE CONFINAMIENTO 0.10*0.30,SUBCONTRATO - S,METRO LINEAL - ML,043 - 043 - SUBCONTRATO,54832.4,0,54832.4,True,False,HERNAN CAMILO GARCIA CONTRERAS,2025-06-12
3178,CE-2025-TC70% -10.9 - DILATACIONES DE PISO,SUBCONTRATO - S,METRO LINEAL - ML,043 - 043 - SUBCONTRATO,6841.8,0,6841.8,True,False,HERNAN CAMILO GARCIA CONTRERAS,2025-06-12
3179,"CE-2025-TC70% -11.1 - SENALETICA DESCRIPTIVA ADOSADA EN MURO 0,5M X 0,15 M COMPUESTO POR: LAMINA EN ACRILICO OPALINO DE 3MM, COLOR REFERENCIA RAL 2007; ICONO ILUSTRATIVO Y LENGUAJE BRAILLE DEL NOMBRE DEL ESPACIO CORRESPONDIENTE",SUBCONTRATO - S,UNIDAD - UND,043 - 043 - SUBCONTRATO,52883.6,0,52883.6,True,False,HERNAN CAMILO GARCIA CONTRERAS,2025-06-12
3180,"CE-2025-TC70% -11.2 - SENALETICA DE GUIA ADOSADA EN MURO COMPUESTO POR: MATERIAL: POLIESTIRENO, VINILO: BLANCO, CALIBRE 40 - 60MM (SEGUN DISENO)",SUBCONTRATO - S,UNIDAD - UND,043 - 043 - SUBCONTRATO,15341.9,0,15341.9,True,False,HERNAN CAMILO GARCIA CONTRERAS,2025-06-12
3181,"CE-2025-TC70% -11.3 - SENALETICA EN POSTE 0,6M X 0,6M COMPUESTO POR: LAMINA EN ACERO GALVANIZADO CALIBRE 16, RETRORREFLECTIVA, 6 TORNILLOS CARRIAGE CON TUERCA Y ARANDELA INOXIDABLE 1/4 X 2 1/2, COLOR REF: RAL 6038.",SUBCONTRATO - S,UNIDAD - UND,043 - 043 - SUBCONTRATO,246682.1,0,246682.1,True,False,HERNAN CAMILO GARCIA CONTRERAS,2025-06-12
3182,"CE-2025-TC70% -11.4 - SENALETICA EN POSTE 0,7M X 0,6M COMPUESTO POR: LAMINA EN ACERO GALVANIZADO CALIBRE 16, RETRORREFLECTIVA, 6 TORNILLOS CARRIAGE TUERCA Y ARANDELA INOXIDABLE 1/4 X 2 1/2, COLOR REF: RAL 6038",SUBCONTRATO - S,UNIDAD - UND,043 - 043 - SUBCONTRATO,275680.3,0,275680.3,True,False,HERNAN CAMILO GARCIA CONTRERAS,2025-06-12
3183,"CE-2025-TC70% -11.5 - ESTRUCTURA DE SOPORTE EN ANGULO 2"" X 2"" X 1/4"" (MEDIDA DE 0.45ML)",SUBCONTRATO - S,UNIDAD - UND,043 - 043 - SUBCONTRATO,27423.9,0,27423.9,True,False,HERNAN CAMILO GARCIA CONTRERAS,2025-06-12
3184,"CE-2025-TC70% -11.6 - ESTRUCTURA DE SOPORTE EN ANGULO 2"" X 2"" X 1/4"" (MEDIDA DE 3.20ML)",SUBCONTRATO - S,UNIDAD - UND,043 - 043 - SUBCONTRATO,112525.0,0,112525.0,True,False,HERNAN CAMILO GARCIA CONTRERAS,2025-06-12
3185,CE-2025-TC70% -11.7 - CIMIENTO DE HORMIGON 0.25M X 0.25M X 0.60M,SUBCONTRATO - S,UNIDAD - UND,043 - 043 - SUBCONTRATO,38425.1,0,38425.1,True,False,HERNAN CAMILO GARCIA CONTRERAS,2025-06-12
3186,"CE-2025-TC70% -2.1 - ZAPATAS DE 1.15*1.15*0.30 M, EN CONCRETO DE 3.000 PSI REFORZADA",SUBCONTRATO - S,UNIDAD - UND,043 - 043 - SUBCONTRATO,456129.8,0,456129.8,True,False,HERNAN CAMILO GARCIA CONTRERAS,2025-06-12
3187,"CE-2025-TC70% -2.10 - ZAPATAS DE 1.35*1.35*0.30 M, EN CONCRETO DE 3.000 PSI REFORZADA",SUBCONTRATO - S,UNIDAD - UND,043 - 043 - SUBCONTRATO,627559.8,0,627559.8,True,False,HERNAN CAMILO GARCIA CONTRERAS,2025-06-12
3188,"CE-2025-TC70% -2.11 - ZAPATAS DE 1.10*1.10*0.30 M, EN CONCRETO DE 3.000 PSI REFORZADA",SUBCONTRATO - S,UNIDAD - UND,043 - 043 - SUBCONTRATO,426229.3,0,426229.3,True,False,HERNAN CAMILO GARCIA CONTRERAS,2025-06-12
3189,"CE-2025-TC70% -2.12 - ZAPATAS DE 1.40*1.40*0.30 M, EN CONCRETO DE 3.000 PSI REFORZADA",SUBCONTRATO - S,UNIDAD - UND,043 - 043 - SUBCONTRATO,668152.8,0,668152.8,True,False,HERNAN CAMILO GARCIA CONTRERAS,2025-06-12
3190,"CE-2025-TC70% -2.13 - ZAPATAS DE 0.80*0.80*0.30 M, EN CONCRETO DE 3.000 PSI REFORZADA",SUBCONTRATO - S,UNIDAD - UND,043 - 043 - SUBCONTRATO,276341.8,0,276341.8,True,False,HERNAN CAMILO GARCIA CONTRERAS,2025-06-12
3191,"CE-2025-TC70% -2.14 - ZAPATAS DE 1.20*1.20*0.30 M, EN CONCRETO DE 3.000 PSI REFORZADA",SUBCONTRATO - S,UNIDAD - UND,043 - 043 - SUBCONTRATO,493962.0,0,493962.0,True,False,HERNAN CAMILO GARCIA CONTRERAS,2025-06-12
3192,"CE-2025-TC70% -2.15 - ZAPATAS DE 1.70*1.70*0.30 M, EN CONCRETO DE 3.000 PSI REFORZADA",SUBCONTRATO - S,UNIDAD - UND,043 - 043 - SUBCONTRATO,910441.7,0,910441.7,True,False,HERNAN CAMILO GARCIA CONTRERAS,2025-06-12
3193,"CE-2025-TC70% -2.16 - ZAPATAS DE 1.60*1.60*0.30 M, EN CONCRETO DE 3.000 PSI REFORZADA",SUBCONTRATO - S,UNIDAD - UND,043 - 043 - SUBCONTRATO,831097.4,0,831097.4,True,False,HERNAN CAMILO GARCIA CONTRERAS,2025-06-12
3194,"CE-2025-TC70% -2.17 - ZAPATAS DE 0.60*0.60*0.30 M, EN CONCRETO DE 3.000 PSI REFORZADA",SUBCONTRATO - S,UNIDAD - UND,043 - 043 - SUBCONTRATO,209638.8,0,209638.8,True,False,HERNAN CAMILO GARCIA CONTRERAS,2025-06-12
3195,"CE-2025-TC70% -2.18 - ZAPATAS DE 1.55*1.55*0.30 M, EN CONCRETO DE 3.000 PSI REFORZADA",SUBCONTRATO - S,UNIDAD - UND,043 - 043 - SUBCONTRATO,789164.6,0,789164.6,True,False,HERNAN CAMILO GARCIA CONTRERAS,2025-06-12
3196,"CE-2025-TC70% -2.19 - ZAPATAS DE 1.20*1.20*0.30 M, EN CONCRETO DE 3.000 PSI REFORZADAS EN DOBLE PARRILLA",SUBCONTRATO - S,UNIDAD - UND,043 - 043 - SUBCONTRATO,601037.5,0,601037.5,True,False,HERNAN CAMILO GARCIA CONTRERAS,2025-06-12
3197,"CE-2025-TC70% -2.2 - 9.32 - ZAPATAS DE 1.00*1.00*0.30 M, EN CONCRETO DE 3.000 PSI REFORZADA",SUBCONTRATO - S,UNIDAD - UND,043 - 043 - SUBCONTRATO,377440.0,0,377440.0,True,False,HERNAN CAMILO GARCIA CONTRERAS,2025-06-12
3198,"CE-2025-TC70% -2.20 - ZAPATAS DE 1.30*1.30*0.30 M, EN CONCRETO DE 3.000 PSI REFORZADAS EN DOBLE PARRILLA",SUBCONTRATO - S,UNIDAD - UND,043 - 043 - SUBCONTRATO,746930.8,0,746930.8,True,False,HERNAN CAMILO GARCIA CONTRERAS,2025-06-12
3199,"CE-2025-TC70% -2.21 - ZAPATAS DE 1.65*1.65*0.30 M, EN CONCRETO DE 3.000 PSI REFORZADA",SUBCONTRATO - S,UNIDAD - UND,043 - 043 - SUBCONTRATO,868457.1,0,868457.1,True,False,HERNAN CAMILO GARCIA CONTRERAS,2025-06-12
3200,"CE-2025-TC70% -2.22 - ZAPATAS DE 1.80*1.80*0.30 M, EN CONCRETO DE 3.000 PSI REFORZADA",SUBCONTRATO - S,UNIDAD - UND,043 - 043 - SUBCONTRATO,1010119.6,0,1010119.6,True,False,HERNAN CAMILO GARCIA CONTRERAS,2025-06-12
3201,"CE-2025-TC70% -2.23 - ZAPATAS DE 1.50*1.50*0.30 M, EN CONCRETO DE 3.000 PSI REFORZADA",SUBCONTRATO - S,UNIDAD - UND,043 - 043 - SUBCONTRATO,752250.8,0,752250.8,True,False,HERNAN CAMILO GARCIA CONTRERAS,2025-06-12
3202,"CE-2025-TC70% -2.24 - ZAPATAS DE 1.50*1.50*0.30 M, EN CONCRETO DE 3.000 PSI REFORZADAS EN DOBLE PARRILLA",SUBCONTRATO - S,UNIDAD - UND,043 - 043 - SUBCONTRATO,930885.9,0,930885.9,True,False,HERNAN CAMILO GARCIA CONTRERAS,2025-06-12
3203,"CE-2025-TC70% -2.25 - ZAPATAS DE 1.90*1.90*0.30 M, EN CONCRETO DE 3.000 PSI REFORZADA",SUBCONTRATO - S,UNIDAD - UND,043 - 043 - SUBCONTRATO,1144982.3,0,1144982.3,True,False,HERNAN CAMILO GARCIA CONTRERAS,2025-06-12
3204,"CE-2025-TC70% -2.26 - ZAPATAS DE 1.30*1.30*0.30 M, EN CONCRETO DE 3.000 PSI REFORZADA",SUBCONTRATO - S,UNIDAD - UND,043 - 043 - SUBCONTRATO,600445.3,0,600445.3,True,False,HERNAN CAMILO GARCIA CONTRERAS,2025-06-12
3205,"CE-2025-TC70% -2.27 - ZAPATAS DE 1.45*1.45*0.30 M, EN CONCRETO DE 3.000 PSI REFORZADA",SUBCONTRATO - S,UNIDAD - UND,043 - 043 - SUBCONTRATO,699077.4,0,699077.4,True,False,HERNAN CAMILO GARCIA CONTRERAS,2025-06-12
3206,"CE-2025-TC70% -2.28 - ZAPATAS DE 1.25*1.25*0.30 M, EN CONCRETO DE 3.000 PSI REFORZADA",SUBCONTRATO - S,UNIDAD - UND,043 - 043 - SUBCONTRATO,555914.1,0,555914.1,True,False,HERNAN CAMILO GARCIA CONTRERAS,2025-06-12
3207,"CE-2025-TC70% -2.29 - ZAPATAS DE 1.25*1.25*0.30 M, EN CONCRETO DE 3.000 PSI REFORZADAS EN DOBLE PARRILLA",SUBCONTRATO - S,UNIDAD - UND,043 - 043 - SUBCONTRATO,683958.1,0,683958.1,True,False,HERNAN CAMILO GARCIA CONTRERAS,2025-06-12
3208,"CE-2025-TC70% -2.3 - 9.3 - VIGA DE CIMENTACION DE 0.25*0.30 M, EN CONCRETO DE 3.000 PSI, REFORZADA",SUBCONTRATO - S,METRO LINEAL - ML,043 - 043 - SUBCONTRATO,128894.5,0,128894.5,True,False,HERNAN CAMILO GARCIA CONTRERAS,2025-06-12
3209,"CE-2025-TC70% -2.30 - ZAPATAS DE 1.40*1.40*0.30 M, EN CONCRETO DE 3.000 PSI REFORZADAS EN DOBLE PARRILLA",SUBCONTRATO - S,UNIDAD - UND,043 - 043 - SUBCONTRATO,820183.0,0,820183.0,True,False,HERNAN CAMILO GARCIA CONTRERAS,2025-06-12
3210,"CE-2025-TC70% -2.31 - ZAPATAS DE 1.20*1.20*0.35 M, EN CONCRETO DE 3.000 PSI REFORZADA",SUBCONTRATO - S,UNIDAD - UND,043 - 043 - SUBCONTRATO,560837.9,0,560837.9,True,False,HERNAN CAMILO GARCIA CONTRERAS,2025-06-12
3211,"CE-2025-TC70% -2.32 - ZAPATAS DE 1.30*1.30*0.35 M, EN CONCRETO DE 3.000 PSI REFORZADA",SUBCONTRATO - S,UNIDAD - UND,043 - 043 - SUBCONTRATO,645057.0,0,645057.0,True,False,HERNAN CAMILO GARCIA CONTRERAS,2025-06-12
3212,"CE-2025-TC70% -2.33 - ZAPATAS DE 2.05*2.05*0.50 M, EN CONCRETO DE 3.000 PSI REFORZADA",SUBCONTRATO - S,UNIDAD - UND,043 - 043 - SUBCONTRATO,1776893.3,0,1776893.3,True,False,HERNAN CAMILO GARCIA CONTRERAS,2025-06-12
3213,"CE-2025-TC70% -2.34 - ZAPATAS DE 1.65*1.65*0.50 M, EN CONCRETO DE 3.000 PSI REFORZADA",SUBCONTRATO - S,UNIDAD - UND,043 - 043 - SUBCONTRATO,1166385.5,0,1166385.5,True,False,HERNAN CAMILO GARCIA CONTRERAS,2025-06-12
3214,"CE-2025-TC70% -2.35 - ZAPATAS DE 1.65*1.65*0.40 M, EN CONCRETO DE 3.000 PSI REFORZADA",SUBCONTRATO - S,UNIDAD - UND,043 - 043 - SUBCONTRATO,1017421.3,0,1017421.3,True,False,HERNAN CAMILO GARCIA CONTRERAS,2025-06-12
3215,"CE-2025-TC70% -2.36 - ZAPATAS DE 1.50*1.50*0.35 M, EN CONCRETO DE 3.000 PSI REFORZADA",SUBCONTRATO - S,UNIDAD - UND,043 - 043 - SUBCONTRATO,814646.7,0,814646.7,True,False,HERNAN CAMILO GARCIA CONTRERAS,2025-06-12
3216,"CE-2025-TC70% -2.37 - ZAPATAS DE 1.25*1.25*0.35 M, EN CONCRETO DE 3.000 PSI REFORZADA",SUBCONTRATO - S,UNIDAD - UND,043 - 043 - SUBCONTRATO,600051.2,0,600051.2,True,False,HERNAN CAMILO GARCIA CONTRERAS,2025-06-12
3217,"CE-2025-TC70% -2.38 - VIGA DE CIMENTACION DE 0.25*0.25 M, EN CONCRETO DE 3.000 PSI, REFORZADA",SUBCONTRATO - S,METRO LINEAL - ML,043 - 043 - SUBCONTRATO,121427.6,0,121427.6,True,False,HERNAN CAMILO GARCIA CONTRERAS,2025-06-12
3218,"CE-2025-TC70% -2.39 - VIGA DE CIMENTACION DE 0.30*0.30 M, EN CONCRETO DE 3.000 PSI, REFORZADA",SUBCONTRATO - S,METRO LINEAL - ML,043 - 043 - SUBCONTRATO,160875.4,0,160875.4,True,False,HERNAN CAMILO GARCIA CONTRERAS,2025-06-12
3219,"CE-2025-TC70% -2.4 - COLUMNAS 0.25*0.25 M, EN CONCRETO DE 3.000 PSI, REFORZADA",SUBCONTRATO - S,METRO LINEAL - ML,043 - 043 - SUBCONTRATO,145620.3,0,145620.3,True,False,HERNAN CAMILO GARCIA CONTRERAS,2025-06-12
3220,"CE-2025-TC70% -2.40 - VIGA DE CIMENTACION DE 0.30*0.40 M, EN CONCRETO DE 3.000 PSI, REFORZADA",SUBCONTRATO - S,METRO LINEAL - ML,043 - 043 - SUBCONTRATO,187460.7,0,187460.7,True,False,HERNAN CAMILO GARCIA CONTRERAS,2025-06-12
3221,"CE-2025-TC70% -2.41 - 9.36 - COLUMNAS 0.3*0.3 M, EN CONCRETO DE 3.000 PSI, REFORZADA",SUBCONTRATO - S,METRO LINEAL - ML,043 - 043 - SUBCONTRATO,161758.1,0,161758.1,True,False,HERNAN CAMILO GARCIA CONTRERAS,2025-06-12
3222,"CE-2025-TC70% -2.42 - COLUMNAS 0.3*0.4 M, EN CONCRETO DE 3.000 PSI, REFORZADA",SUBCONTRATO - S,METRO LINEAL - ML,043 - 043 - SUBCONTRATO,186305.0,0,186305.0,True,False,HERNAN CAMILO GARCIA CONTRERAS,2025-06-12
3223,"CE-2025-TC70% -2.43 - COLUMNAS 0.25*0.4 M, EN CONCRETO DE 3.000 PSI, REFORZADA",SUBCONTRATO - S,METRO LINEAL - ML,043 - 043 - SUBCONTRATO,171432.8,0,171432.8,True,False,HERNAN CAMILO GARCIA CONTRERAS,2025-06-12
3224,"CE-2025-TC70% -2.44 - COLUMNAS 0.4*0.4 M, EN CONCRETO DE 3.000 PSI, REFORZADA",SUBCONTRATO - S,METRO LINEAL - ML,043 - 043 - SUBCONTRATO,227038.0,0,227038.0,True,False,HERNAN CAMILO GARCIA CONTRERAS,2025-06-12
3225,"CE-2025-TC70% -2.45 - VIGA DE ENLACE DE 0.30*0.30 M, EN CONCRETO DE 3.000 PSI, REFORZADA",SUBCONTRATO - S,METRO LINEAL - ML,043 - 043 - SUBCONTRATO,164049.9,0,164049.9,True,False,HERNAN CAMILO GARCIA CONTRERAS,2025-06-12
3226,"CE-2025-TC70% -2.46 - VIGA DE ENLACE DE 0.30*0.50 M, EN CONCRETO DE 3.000 PSI, REFORZADA",SUBCONTRATO - S,METRO LINEAL - ML,043 - 043 - SUBCONTRATO,228100.6,0,228100.6,True,False,HERNAN CAMILO GARCIA CONTRERAS,2025-06-12
3227,"CE-2025-TC70% -2.47 - VIGA DE ENLACE DE 0.15*0.40 M, EN CONCRETO DE 3.000 PSI, REFORZADA",SUBCONTRATO - S,METRO LINEAL - ML,043 - 043 - SUBCONTRATO,108591.0,0,108591.0,True,False,HERNAN CAMILO GARCIA CONTRERAS,2025-06-12
3228,"CE-2025-TC70% -2.48 - ZAPATAS DE 1.20*1.20*0.40 M, EN CONCRETO DE 3.000 PSI REFORZADA",SUBCONTRATO - S,UNIDAD - UND,043 - 043 - SUBCONTRATO,576744.0,0,576744.0,True,False,HERNAN CAMILO GARCIA CONTRERAS,2025-06-12
3229,"CE-2025-TC70% -2.49 - ZAPATAS DE 1.7*1.7*0.40 M, EN CONCRETO DE 3.000 PSI REFORZADA",SUBCONTRATO - S,UNIDAD - UND,043 - 043 - SUBCONTRATO,1089748.8,0,1089748.8,True,False,HERNAN CAMILO GARCIA CONTRERAS,2025-06-12
3230,"CE-2025-TC70% -2.5 - 9.34 - VIGA DE ENLACE DE 0.25*0.30 M, EN CONCRETO DE 3.000 PSI, REFORZADA",SUBCONTRATO - S,METRO LINEAL - ML,043 - 043 - SUBCONTRATO,134591.1,0,134591.1,True,False,HERNAN CAMILO GARCIA CONTRERAS,2025-06-12
3231,"CE-2025-TC70% -2.50 - VIGA DE ENLACE DE 0.30*0.35 M, EN CONCRETO DE 3.000 PSI, REFORZADA",SUBCONTRATO - S,METRO LINEAL - ML,043 - 043 - SUBCONTRATO,180604.9,0,180604.9,True,False,HERNAN CAMILO GARCIA CONTRERAS,2025-06-12
3232,CE-2025-TC70% -2.51 - SUELOS ESTRUCTURALES - METALDECK 0.12,SUBCONTRATO - S,METRO LINEAL - ML,043 - 043 - SUBCONTRATO,180921.3,0,180921.3,True,False,HERNAN CAMILO GARCIA CONTRERAS,2025-06-12
3233,CE-2025-TC70% -2.52 - CONCRETO PARA ESCALERAS,SUBCONTRATO - S,METRO CUBICO - M3,043 - 043 - SUBCONTRATO,1301899.2,0,1301899.2,True,False,HERNAN CAMILO GARCIA CONTRERAS,2025-06-12
3234,"CE-2025-TC70% -2.53 - ZAPATAS DE 2.45*1.40*0.30 M, EN CONCRETO DE 3.000 PSI REFORZADAS EN DOBLE PARRILLA",SUBCONTRATO - S,UNIDAD - UND,043 - 043 - SUBCONTRATO,1384222.0,0,1384222.0,True,False,HERNAN CAMILO GARCIA CONTRERAS,2025-06-12
3235,"CE-2025-TC70% -2.54 - ZAPATAS DE 2.20*1.40*0.30 M, EN CONCRETO DE 3.000 PSI REFORZADAS EN DOBLE PARRILLA",SUBCONTRATO - S,UNIDAD - UND,043 - 043 - SUBCONTRATO,1180211.2,0,1180211.2,True,False,HERNAN CAMILO GARCIA CONTRERAS,2025-06-12
3236,"CE-2025-TC70% -2.55 - ZAPATAS DE 2.00*1.35*0.30 M, EN CONCRETO DE 3.000 PSI REFORZADAS EN DOBLE PARRILLA",SUBCONTRATO - S,UNIDAD - UND,043 - 043 - SUBCONTRATO,1067372.6,0,1067372.6,True,False,HERNAN CAMILO GARCIA CONTRERAS,2025-06-12
3237,"CE-2025-TC70% -2.56 - ZAPATAS DE 2.90*1.80*0.30 M, EN CONCRETO DE 3.000 PSI REFORZADA",SUBCONTRATO - S,UNIDAD - UND,043 - 043 - SUBCONTRATO,1591990.4,0,1591990.4,True,False,HERNAN CAMILO GARCIA CONTRERAS,2025-06-12
3238,"CE-2025-TC70% -2.57 -9.30 - ZAPATAS DE 2.05*2.05*0.40 M, EN CONCRETO DE 3.000 PSI REFORZADA",SUBCONTRATO - S,UNIDAD - UND,043 - 043 - SUBCONTRATO,1673672.7,0,1673672.7,True,False,HERNAN CAMILO GARCIA CONTRERAS,2025-06-12
3239,"CE-2025-TC70% -2.58 -9.31 - ZAPATAS DE 2.25*2.25*0.40 M, EN CONCRETO DE 3.000 PSI REFORZADA",SUBCONTRATO - S,UNIDAD - UND,043 - 043 - SUBCONTRATO,2068921.4,0,2068921.4,True,False,HERNAN CAMILO GARCIA CONTRERAS,2025-06-12
3240,"CE-2025-TC70% -2.59 - ZAPATAS DE 1.00*1.00*0.40 M, EN CONCRETO DE 3.000 PSI REFORZADA",SUBCONTRATO - S,UNIDAD - UND,043 - 043 - SUBCONTRATO,432612.6,0,432612.6,True,False,HERNAN CAMILO GARCIA CONTRERAS,2025-06-12
3241,"CE-2025-TC70% -2.6 - DOVELAS DE 0.12*0.10 M, EN CONCRETO DE 3.000 PSI, REFORZADA",SUBCONTRATO - S,METRO LINEAL - ML,043 - 043 - SUBCONTRATO,29827.0,0,29827.0,True,False,HERNAN CAMILO GARCIA CONTRERAS,2025-06-12
3242,"CE-2025-TC70% -2.60 - 9.33 - VIGA DE ENLACE DE 0.25*0.25 M, EN CONCRETO DE 3.000 PSI, REFORZADA",SUBCONTRATO - S,METRO LINEAL - ML,043 - 043 - SUBCONTRATO,126687.4,0,126687.4,True,False,HERNAN CAMILO GARCIA CONTRERAS,2025-06-12
3243,"CE-2025-TC70% -2.61 - VIGA DE ENLACE DE 0.25*0.30 M, EN CONCRETO DE 4.000 PSI, REFORZADA",SUBCONTRATO - S,METRO LINEAL - ML,043 - 043 - SUBCONTRATO,136408.3,0,136408.3,True,False,HERNAN CAMILO GARCIA CONTRERAS,2025-06-12
3244,"CE-2025-TC70% -2.62 - 9.35 - PLACA PARA TANQUE AEREO E= 0.1 M, CON MALLA ELECTROSOLDADA Y METALDECK",SUBCONTRATO - S,METRO CUADRADO - M2,043 - 043 - SUBCONTRATO,205945.6,0,205945.6,True,False,HERNAN CAMILO GARCIA CONTRERAS,2025-06-12
3245,"CE-2025-TC70% -2.63 - ZAPATAS DE 1.15*1.15*0.30 M, EN CONCRETO DE 3.000 PSI REFORZADAS EN DOBLE PARRILLA",SUBCONTRATO - S,UNIDAD - UND,043 - 043 - SUBCONTRATO,572820.5,0,572820.5,True,False,HERNAN CAMILO GARCIA CONTRERAS,2025-06-12
3246,CE-2025-TC70% -2.7 - DINTEL,SUBCONTRATO - S,METRO LINEAL - ML,043 - 043 - SUBCONTRATO,32647.3,0,32647.3,True,False,HERNAN CAMILO GARCIA CONTRERAS,2025-06-12
3247,"CE-2025-TC70% -2.8 - ZAPATAS DE 0.85*0.85*0.30 M, EN CONCRETO DE 3.000 PSI REFORZADA",SUBCONTRATO - S,UNIDAD - UND,043 - 043 - SUBCONTRATO,298543.0,0,298543.0,True,False,HERNAN CAMILO GARCIA CONTRERAS,2025-06-12
3248,"CE-2025-TC70% -2.9 - PEDESTAL EN CONCRETO DE 0.25*0.25 M, EN CONCRETO DE 3.000 PSI REFORZADO",SUBCONTRATO - S,METRO LINEAL - ML,043 - 043 - SUBCONTRATO,122952.9,0,122952.9,True,False,HERNAN CAMILO GARCIA CONTRERAS,2025-06-12
3249,CE-2025-TC70% -3.1 - 9.1 - 10.1 - RELLENO EN MATERIAL DE RECEBO COMPACTADO E=0.20,SUBCONTRATO - S,METRO CUBICO - M3,043 - 043 - SUBCONTRATO,97718.6,0,97718.6,True,False,HERNAN CAMILO GARCIA CONTRERAS,2025-06-12
3250,CE-2025-TC70% -3.10 - 10.6 - PLACA EN CONCRETO DE 3.000 PSI REFORZADO (INC.CESPED SINTETICO),SUBCONTRATO - S,METRO CUADRADO - M2,043 - 043 - SUBCONTRATO,187000.8,0,187000.8,True,False,HERNAN CAMILO GARCIA CONTRERAS,2025-06-12
3251,CE-2025-TC70% -3.11 - CESPED SINTETICO,SUBCONTRATO - S,METRO CUADRADO - M2,043 - 043 - SUBCONTRATO,100695.7,0,100695.7,True,False,HERNAN CAMILO GARCIA CONTRERAS,2025-06-12
3252,"CE-2025-TC70% -3.12 - 9.6 - PLACA EN CONCRETO DE 3.000 PSI REFORZADO, CON ESTAMPADO E=0.08MM",SUBCONTRATO - S,METRO CUADRADO - M2,043 - 043 - SUBCONTRATO,210551.6,0,210551.6,True,False,HERNAN CAMILO GARCIA CONTRERAS,2025-06-12
3253,"CE-2025-TC70% -3.2 - 9.2 - 10.2 - RELLENO EN SUBBASE GRANULAR SBG-2, E=0.20 M",SUBCONTRATO - S,METRO CUBICO - M3,043 - 043 - SUBCONTRATO,184660.0,0,184660.0,True,False,HERNAN CAMILO GARCIA CONTRERAS,2025-06-12
3254,"CE-2025-TC70% -3.3 - PLACA EN CONCRETO DE 3.000 PSI REFORZADO, E=0,08M",SUBCONTRATO - S,METRO CUADRADO - M2,043 - 043 - SUBCONTRATO,85220.1,0,85220.1,True,False,HERNAN CAMILO GARCIA CONTRERAS,2025-06-12
3255,CE-2025-TC70% -3.4 - MORTERO DE NIVELACION DE E=0.04MM,SUBCONTRATO - S,METRO CUADRADO - M2,043 - 043 - SUBCONTRATO,26966.1,0,26966.1,True,False,HERNAN CAMILO GARCIA CONTRERAS,2025-06-12
3256,"CE-2025-TC70% -3.5 - ENCHAPE ANTIDESLIZANTE, EN PISO VANCOUVER GRIS GRAFITO CD DE 60*60CM (O SIMILAR)",SUBCONTRATO - S,METRO CUADRADO - M2,043 - 043 - SUBCONTRATO,63557.9,0,63557.9,True,False,HERNAN CAMILO GARCIA CONTRERAS,2025-06-12
3257,CE-2025-TC70% -3.6 - GUARDAESCOBAS EN PISO VANCOUVER GRIS GRAFITO CD DE 60*60CM,SUBCONTRATO - S,METRO LINEAL - ML,043 - 043 - SUBCONTRATO,13575.8,0,13575.8,True,False,HERNAN CAMILO GARCIA CONTRERAS,2025-06-12
3258,CE-2025-TC70% -3.7 - ENCHAPE ANTIDESLIZANTE DE PISO EN CERAMICA HARA MATE BEIGE DE 0.6*0.6 (O SIMILAR),SUBCONTRATO - S,METRO CUADRADO - M2,043 - 043 - SUBCONTRATO,64471.4,0,64471.4,True,False,HERNAN CAMILO GARCIA CONTRERAS,2025-06-12
3259,CE-2025-TC70% -3.8 - GUARDAESCOBA EN CERAMICA HARA MATE BEIGE DE 0.6*0.6,SUBCONTRATO - S,METRO LINEAL - ML,043 - 043 - SUBCONTRATO,13706.7,0,13706.7,True,False,HERNAN CAMILO GARCIA CONTRERAS,2025-06-12
3260,CE-2025-TC70% -3.9 - GUARDAESCOBAS EN MEDIA CANA EN GRANITO PULIDO,SUBCONTRATO - S,METRO LINEAL - ML,043 - 043 - SUBCONTRATO,37398.2,0,37398.2,True,False,HERNAN CAMILO GARCIA CONTRERAS,2025-06-12
3261,"CE-2025-TC70% -4.1 - LADRILLO ESTRUCTURAL TOSCANO, COCOA CLARO Y COCOA OSCURO DE 0.24*0.12*0.06",SUBCONTRATO - S,METRO CUADRADO - M2,043 - 043 - SUBCONTRATO,131008.5,0,131008.5,True,False,HERNAN CAMILO GARCIA CONTRERAS,2025-06-12
3262,"CE-2025-TC70% -4.2 - MURO BAJO BLOQUE N°5 (INCLUYE PANETE, ESTUCO Y PINTURA-DOBLE CARA)",SUBCONTRATO - S,METRO CUADRADO - M2,043 - 043 - SUBCONTRATO,169032.5,0,169032.5,True,False,HERNAN CAMILO GARCIA CONTRERAS,2025-06-12
3263,CE-2025-TC70% -4.3 - CELOSIA,SUBCONTRATO - S,METRO CUADRADO - M2,043 - 043 - SUBCONTRATO,111092.8,0,111092.8,True,False,HERNAN CAMILO GARCIA CONTRERAS,2025-06-12
3264,CE-2025-TC70% -4.4 - CARTERAS EN REPELLO (FILOS),SUBCONTRATO - S,METRO LINEAL - ML,043 - 043 - SUBCONTRATO,10238.9,0,10238.9,True,False,HERNAN CAMILO GARCIA CONTRERAS,2025-06-12
3265,CE-2025-TC70% -4.5 - REPELLOS DE TODO TIPO (PANETE LISO SOBRE MURO),SUBCONTRATO - S,METRO CUADRADO - M2,043 - 043 - SUBCONTRATO,25366.6,0,25366.6,True,False,HERNAN CAMILO GARCIA CONTRERAS,2025-06-12
3266,CE-2025-TC70% -4.6 - ENCHAPE DE MURO EN CERAMICA OPAL BEIGE CD DE 0.30*0.45,SUBCONTRATO - S,METRO CUADRADO - M2,043 - 043 - SUBCONTRATO,59543.4,0,59543.4,True,False,HERNAN CAMILO GARCIA CONTRERAS,2025-06-12
3267,CE-2025-TC70% -4.7 - CERRAMIENTO EN MALLA METALICA TIPO GALLINERO,SUBCONTRATO - S,METRO CUADRADO - M2,043 - 043 - SUBCONTRATO,6261.5,0,6261.5,True,False,HERNAN CAMILO GARCIA CONTRERAS,2025-06-12
3268,CE-2025-TC70% -4.8 - ESTUCO Y PINTURA,SUBCONTRATO - S,METRO CUADRADO - M2,043 - 043 - SUBCONTRATO,67839.1,0,67839.1,True,False,HERNAN CAMILO GARCIA CONTRERAS,2025-06-12
3269,CE-2025-TC70% -4.9 - ESTUCO Y PINTURA EPOXICA,SUBCONTRATO - S,METRO CUADRADO - M2,043 - 043 - SUBCONTRATO,74190.9,0,74190.9,True,False,HERNAN CAMILO GARCIA CONTRERAS,2025-06-12
3270,"CE-2025-TC70% -5.1 - PUERTA METALICA, APERTURA ABATIBLE CON LUCETA EN REJILLA Y VIDRIO",SUBCONTRATO - S,METRO CUADRADO - M2,043 - 043 - SUBCONTRATO,337783.6,0,337783.6,True,False,HERNAN CAMILO GARCIA CONTRERAS,2025-06-12
3271,"CE-2025-TC70% -5.10 - VENTANA METALICA CORREDIZA DE 3 HOJAS CON VIDRIO, REJILLA SUPERIOR Y REJA DE PROTECCION",SUBCONTRATO - S,METRO CUADRADO - M2,043 - 043 - SUBCONTRATO,406011.9,0,406011.9,True,False,HERNAN CAMILO GARCIA CONTRERAS,2025-06-12
3272,CE-2025-TC70% -5.11 - VENTANA METALICA ABATIBLE DE 2 HOJA CON REJILLA SUPERIOR,SUBCONTRATO - S,METRO CUADRADO - M2,043 - 043 - SUBCONTRATO,313292.7,0,313292.7,True,False,HERNAN CAMILO GARCIA CONTRERAS,2025-06-12
3273,CE-2025-TC70% -5.12 - VENTANA TIPO PERSIANA CON ANGEO EN FIBRA DE VIDRIO,SUBCONTRATO - S,METRO CUADRADO - M2,043 - 043 - SUBCONTRATO,327035.8,0,327035.8,True,False,HERNAN CAMILO GARCIA CONTRERAS,2025-06-12
3274,CE-2025-TC70% -5.13 - COLUMNA EN PERFIL METALICO DE 100*100*4MM,SUBCONTRATO - S,METRO LINEAL - ML,043 - 043 - SUBCONTRATO,118082.3,0,118082.3,True,False,HERNAN CAMILO GARCIA CONTRERAS,2025-06-12
3275,CE-2025-TC70% -5.14 - VIGA EN PERFIL METALICO DE 100*50*4MM,SUBCONTRATO - S,METRO LINEAL - ML,043 - 043 - SUBCONTRATO,90129.2,0,90129.2,True,False,HERNAN CAMILO GARCIA CONTRERAS,2025-06-12
3276,CE-2025-TC70% -5.15 - TUBO RECTANGULAR EN PERFIL METALICO DE 50*25*1.1MM,SUBCONTRATO - S,METRO LINEAL - ML,043 - 043 - SUBCONTRATO,24866.8,0,24866.8,True,False,HERNAN CAMILO GARCIA CONTRERAS,2025-06-12
3277,CE-2025-TC70% -5.16 - 6.5 - ANCLAJES EN PLATINAS INCLUYE PERNOS Y ACCESORIOS,SUBCONTRATO - S,UNIDAD - UND,043 - 043 - SUBCONTRATO,151115.3,0,151115.3,True,False,HERNAN CAMILO GARCIA CONTRERAS,2025-06-12
3278,CE-2025-TC70% -5.17 - DIVISIONES EN ACERO INOXIDABLE,SUBCONTRATO - S,METRO CUADRADO - M2,043 - 043 - SUBCONTRATO,574604.8,0,574604.8,True,False,HERNAN CAMILO GARCIA CONTRERAS,2025-06-12
3279,CE-2025-TC70% -5.18 - MEJORAMIENTO DE PUERTAS METALICAS,SUBCONTRATO - S,METRO CUADRADO - M2,043 - 043 - SUBCONTRATO,38587.5,0,38587.5,True,False,EDIER JAFETH MARIOTTA PADILLA,2025-06-12
3280,CE-2025-TC70% -5.19 - MEJORAMIENTO DE VENTANAS,SUBCONTRATO - S,METRO CUADRADO - M2,043 - 043 - SUBCONTRATO,31394.3,0,31394.3,True,False,EDIER JAFETH MARIOTTA PADILLA,2025-06-12
3281,"CE-2025-TC70% -5.2 - PUERTA METALICA, APERTURA ABATIBLE CON LUCETA EN REJILLA",SUBCONTRATO - S,METRO CUADRADO - M2,043 - 043 - SUBCONTRATO,335596.8,0,335596.8,True,False,EDIER JAFETH MARIOTTA PADILLA,2025-06-12
3282,CE-2025-TC70% -5.20 - VENTANA METALICA ABATIBLE DE 1 HOJA CON REJILLA SUPERIOR,SUBCONTRATO - S,METRO CUADRADO - M2,043 - 043 - SUBCONTRATO,313292.7,0,313292.7,True,False,EDIER JAFETH MARIOTTA PADILLA,2025-06-12
3283,CE-2025-TC70% -5.21 - VENTANA EN REJA METALICA,SUBCONTRATO - S,METRO CUADRADO - M2,043 - 043 - SUBCONTRATO,246067.5,0,246067.5,True,False,EDIER JAFETH MARIOTTA PADILLA,2025-06-12
3284,CE-2025-TC70% -5.22 - PUERTA PARA BANO( SEGUN DISENO),SUBCONTRATO - S,METRO CUADRADO - M2,043 - 043 - SUBCONTRATO,335596.8,0,335596.8,True,False,EDIER JAFETH MARIOTTA PADILLA,2025-06-12
3285,CE-2025-TC70% -5.23 - VENTANA PARA BANO (SEGUN DISENO),SUBCONTRATO - S,METRO CUADRADO - M2,043 - 043 - SUBCONTRATO,308998.9,0,308998.9,True,False,EDIER JAFETH MARIOTTA PADILLA,2025-06-12
3286,"CE-2025-TC70% -5.3 - PUERTA METALICA , APERTURA CORREDIZA CON LUCETA EN REJILLA",SUBCONTRATO - S,METRO CUADRADO - M2,043 - 043 - SUBCONTRATO,343795.9,0,343795.9,True,False,EDIER JAFETH MARIOTTA PADILLA,2025-06-12
3287,"CE-2025-TC70% -5.4 - PUERTA METALICA , APERTURA ABATIBLE CON LUCETA EN REJILLA Y REJA LATERAL",SUBCONTRATO - S,METRO CUADRADO - M2,043 - 043 - SUBCONTRATO,395991.4,0,395991.4,True,False,EDIER JAFETH MARIOTTA PADILLA,2025-06-12
3288,"CE-2025-TC70% -5.5 - PUERTA METALICA DOBLE HOJA , APERTURA ABATIBLE CON LUCETA EN REJILLA Y VIDRIO",SUBCONTRATO - S,METRO CUADRADO - M2,043 - 043 - SUBCONTRATO,337783.6,0,337783.6,True,False,EDIER JAFETH MARIOTTA PADILLA,2025-06-12
3289,CE-2025-TC70% -5.6 - PUERTA METALICA TIPO ACORDION EN REJAS 50*25*1.1MM Y MARCO SEGUN DISENO,SUBCONTRATO - S,METRO LINEAL - ML,043 - 043 - SUBCONTRATO,402328.5,0,402328.5,True,False,EDIER JAFETH MARIOTTA PADILLA,2025-06-12
3290,CE-2025-TC70% -5.7 - VENTANA METALICA EN TUBO CON ANGEO DE FIBRA DE VIDRIO,SUBCONTRATO - S,METRO LINEAL - ML,043 - 043 - SUBCONTRATO,319019.4,0,319019.4,True,False,EDIER JAFETH MARIOTTA PADILLA,2025-06-12
3291,"CE-2025-TC70% -5.8 - VENTANA METALICA , CORREDIZA DE 3 HOJAS CON VIDRIO Y REJILLA SUPERIOR",SUBCONTRATO - S,METRO LINEAL - ML,043 - 043 - SUBCONTRATO,308998.9,0,308998.9,True,False,EDIER JAFETH MARIOTTA PADILLA,2025-06-12
3292,CE-2025-TC70% -5.9 - VENTANA METALICA CORREDIZA DE 2 HOJAS CON VIDRIO,SUBCONTRATO - S,METRO CUADRADO - M2,043 - 043 - SUBCONTRATO,313292.7,0,313292.7,True,False,EDIER JAFETH MARIOTTA PADILLA,2025-06-12
3293,CE-2025-TC70% -6.1 - 9.9 - CUBIERTA EN TEJA TERMOACUSTICA - INCLUYE ACCESORIOS,SUBCONTRATO - S,METRO CUADRADO - M2,043 - 043 - SUBCONTRATO,75297.6,0,75297.6,True,False,EDIER JAFETH MARIOTTA PADILLA,2025-06-12
3294,CE-2025-TC70% -6.10 - CORREAS EN TUBO RECTANGULAR ESTRUCTURAL 120*60 MM,SUBCONTRATO - S,METRO LINEAL - ML,043 - 043 - SUBCONTRATO,77431.2,0,77431.2,True,False,EDIER JAFETH MARIOTTA PADILLA,2025-06-12
3295,"CE-2025-TC70% -6.11 - CERCHAS EN TUBO RECTANGULAR 4""*2""",SUBCONTRATO - S,METRO LINEAL - ML,043 - 043 - SUBCONTRATO,41498.1,0,41498.1,True,False,EDIER JAFETH MARIOTTA PADILLA,2025-06-12
3296,"CE-2025-TC70% -6.12 - CORREAS EN PERFIL METALICO DE 3""*1 1/2""",SUBCONTRATO - S,METRO LINEAL - ML,043 - 043 - SUBCONTRATO,34182.4,0,34182.4,True,False,EDIER JAFETH MARIOTTA PADILLA,2025-06-12
3297,"CE-2025-TC70% -6.13 - TUBO RECTANGULAR ESTRUCTURAL 4"" * 4""",SUBCONTRATO - S,METRO LINEAL - ML,043 - 043 - SUBCONTRATO,114896.6,0,114896.6,True,False,EDIER JAFETH MARIOTTA PADILLA,2025-06-12
3298,CE-2025-TC70% -6.14 - TUBO CUADRADO ESTRUCTURAL 90 * 90 * 3MM,SUBCONTRATO - S,METRO LINEAL - ML,043 - 043 - SUBCONTRATO,105781.2,0,105781.2,True,False,EDIER JAFETH MARIOTTA PADILLA,2025-06-12
3299,CE-2025-TC70% -6.2 - CERCHAS EN TUBO RECTANGULAR ESTRUCTURAL 200*70*4 MM,SUBCONTRATO - S,METRO LINEAL - ML,043 - 043 - SUBCONTRATO,157532.9,0,157532.9,True,False,EDIER JAFETH MARIOTTA PADILLA,2025-06-12
3300,CE-2025-TC70% -6.3 - CORREAS EN PERFIL C METALICO DE 160*60*1.5MM,SUBCONTRATO - S,METRO LINEAL - ML,043 - 043 - SUBCONTRATO,40711.3,0,40711.3,True,False,EDIER JAFETH MARIOTTA PADILLA,2025-06-12
3301,CE-2025-TC70% -6.4 - CORREAS EN PERFIL METALICO 100*100*4MM,SUBCONTRATO - S,METRO LINEAL - ML,043 - 043 - SUBCONTRATO,114896.6,0,114896.6,True,False,EDIER JAFETH MARIOTTA PADILLA,2025-06-12
3302,CE-2025-TC70% -6.6 - CIELO RASO EN PVC,SUBCONTRATO - S,METRO CUADRADO - M2,043 - 043 - SUBCONTRATO,53159.4,0,53159.4,True,False,EDIER JAFETH MARIOTTA PADILLA,2025-06-12
3303,CE-2025-TC70% -6.7 - CORREAS EN PERFIL METALICO DE 150*50*3MM,SUBCONTRATO - S,METRO LINEAL - ML,043 - 043 - SUBCONTRATO,78017.1,0,78017.1,True,False,EDIER JAFETH MARIOTTA PADILLA,2025-06-12
3304,CE-2025-TC70% -6.8 - CERCHAS EN TUBO RECTANGULAR ESTRUCTURAL 300*100*7MM,SUBCONTRATO - S,METRO LINEAL - ML,043 - 043 - SUBCONTRATO,441390.6,0,441390.6,True,False,EDIER JAFETH MARIOTTA PADILLA,2025-06-12
3305,CE-2025-TC70% -6.9 - CERCHAS EN TUBO RECTANGULAR ESTRUCTURAL 200*100MM,SUBCONTRATO - S,METRO LINEAL - ML,043 - 043 - SUBCONTRATO,203906.5,0,203906.5,True,False,EDIER JAFETH MARIOTTA PADILLA,2025-06-12
3306,CE-2025-TC70% -7.1 - COMBO LAVAMANOS (PREJARDIN),SUBCONTRATO - S,UNIDAD - UND,043 - 043 - SUBCONTRATO,252175.7,0,252175.7,True,False,EDIER JAFETH MARIOTTA PADILLA,2025-06-12
3307,CE-2025-TC70% -7.10 - PAPELERAS,SUBCONTRATO - S,UNIDAD - UND,043 - 043 - SUBCONTRATO,23746.1,0,23746.1,True,False,EDIER JAFETH MARIOTTA PADILLA,2025-06-12
3308,CE-2025-TC70% -7.11 - ESPEJOS,SUBCONTRATO - S,METRO CUADRADO - M2,043 - 043 - SUBCONTRATO,51167.2,0,51167.2,True,False,EDIER JAFETH MARIOTTA PADILLA,2025-06-12
3309,CE-2025-TC70% -7.12 - LAVADERO PREFABRICADO,SUBCONTRATO - S,UNIDAD - UND,043 - 043 - SUBCONTRATO,515820.2,0,515820.2,True,False,EDIER JAFETH MARIOTTA PADILLA,2025-06-12
3310,CE-2025-TC70% -7.13 - TANQUE AEREO 1000L,SUBCONTRATO - S,UNIDAD - UND,043 - 043 - SUBCONTRATO,618090.9,0,618090.9,True,False,EDIER JAFETH MARIOTTA PADILLA,2025-06-12
3311,"CE-2025-TC70% -7.14 - RED DE DISTIBUCION HIDRAULICA DE 1/2""",SUBCONTRATO - S,METRO LINEAL - ML,043 - 043 - SUBCONTRATO,12609.1,0,12609.1,True,False,EDIER JAFETH MARIOTTA PADILLA,2025-06-12
3312,"CE-2025-TC70% -7.15 - PUNTO HIDRAULICO DE 1/2""",SUBCONTRATO - S,UNIDAD - UND,043 - 043 - SUBCONTRATO,29603.0,0,29603.0,True,False,EDIER JAFETH MARIOTTA PADILLA,2025-06-12
3313,"CE-2025-TC70% -7.16 - RED DE DISTIBUCION HIDRAULICA DE 3/4""",SUBCONTRATO - S,METRO LINEAL - ML,043 - 043 - SUBCONTRATO,14553.7,0,14553.7,True,False,EDIER JAFETH MARIOTTA PADILLA,2025-06-12
3314,"CE-2025-TC70% -7.17 - RED DE DISTIBUCION HIDRAULICA DE 1-1/2""",SUBCONTRATO - S,METRO LINEAL - ML,043 - 043 - SUBCONTRATO,25949.0,0,25949.0,True,False,EDIER JAFETH MARIOTTA PADILLA,2025-06-12
3315,"CE-2025-TC70% -7.18 - LLAVES DE PASO 1/2""",SUBCONTRATO - S,UNIDAD - UND,043 - 043 - SUBCONTRATO,28024.5,0,28024.5,True,False,EDIER JAFETH MARIOTTA PADILLA,2025-06-12
3316,"CE-2025-TC70% -7.19 - LLAVES DE PASO 3/4""",SUBCONTRATO - S,UNIDAD - UND,043 - 043 - SUBCONTRATO,41341.3,0,41341.3,True,False,EDIER JAFETH MARIOTTA PADILLA,2025-06-12
3317,CE-2025-TC70% -7.2 - COMBO LAVAMANOS (PRIMARIA),SUBCONTRATO - S,UNIDAD - UND,043 - 043 - SUBCONTRATO,268745.4,0,268745.4,True,False,EDIER JAFETH MARIOTTA PADILLA,2025-06-12
3318,"CE-2025-TC70% -7.20 - TUBERIA SANITARIA DE 4""",SUBCONTRATO - S,METRO LINEAL - ML,043 - 043 - SUBCONTRATO,34255.2,0,34255.2,True,False,EDIER JAFETH MARIOTTA PADILLA,2025-06-12
3319,"CE-2025-TC70% -7.21 - PUNTO SANITARIO DE 4""",SUBCONTRATO - S,UNIDAD - UND,043 - 043 - SUBCONTRATO,47593.0,0,47593.0,True,False,EDIER JAFETH MARIOTTA PADILLA,2025-06-12
3320,"CE-2025-TC70% -7.22 - TUBERIA SANITARIA DE 3""",SUBCONTRATO - S,METRO LINEAL - ML,043 - 043 - SUBCONTRATO,25463.9,0,25463.9,True,False,EDIER JAFETH MARIOTTA PADILLA,2025-06-12
3321,"CE-2025-TC70% -7.23 - PUNTO SANITARIO DE 3""",SUBCONTRATO - S,UNIDAD - UND,043 - 043 - SUBCONTRATO,34339.2,0,34339.2,True,False,EDIER JAFETH MARIOTTA PADILLA,2025-06-12
3322,"CE-2025-TC70% -7.24 - TUBERIA SANITARIA DE 2""",SUBCONTRATO - S,METRO LINEAL - ML,043 - 043 - SUBCONTRATO,22204.7,0,22204.7,True,False,EDIER JAFETH MARIOTTA PADILLA,2025-06-12
3323,"CE-2025-TC70% -7.25 - PUNTO SANITARIO DE 2""",SUBCONTRATO - S,UNIDAD - UND,043 - 043 - SUBCONTRATO,23758.7,0,23758.7,True,False,EDIER JAFETH MARIOTTA PADILLA,2025-06-12
3324,"CE-2025-TC70% -7.26 - TUBERIA PVC LIVIANA 2"" (VENTILACION)",SUBCONTRATO - S,METRO LINEAL - ML,043 - 043 - SUBCONTRATO,23106.3,0,23106.3,True,False,EDIER JAFETH MARIOTTA PADILLA,2025-06-12
3325,"CE-2025-TC70% -7.27 - VALVULA DE ADMISION DE AIRE MINIVENT 2""",SUBCONTRATO - S,UNIDAD - UND,043 - 043 - SUBCONTRATO,158946.9,0,158946.9,True,False,EDIER JAFETH MARIOTTA PADILLA,2025-06-12
3326,CE-2025-TC70% -7.28 - CAJA DE INSPECCION DE 60X60 CM,SUBCONTRATO - S,UNIDAD - UND,043 - 043 - SUBCONTRATO,373735.6,0,373735.6,True,False,EDIER JAFETH MARIOTTA PADILLA,2025-06-12
3327,"CE-2025-TC70% -7.29 - TUBERIA PVC-SANITARIA 8""",SUBCONTRATO - S,METRO LINEAL - ML,043 - 043 - SUBCONTRATO,75883.5,0,75883.5,True,False,EDIER JAFETH MARIOTTA PADILLA,2025-06-12
3328,CE-2025-TC70% -7.3 - COMBO SANITARIOS (PRIMARIA),SUBCONTRATO - S,UNIDAD - UND,043 - 043 - SUBCONTRATO,356934.9,0,356934.9,True,False,EDIER JAFETH MARIOTTA PADILLA,2025-06-12
3329,CE-2025-TC70% -7.30 - CARCAMO EN CONCRETO TIPO C-35 35X40X100 CM,SUBCONTRATO - S,METRO LINEAL - ML,043 - 043 - SUBCONTRATO,102780.3,0,102780.3,True,False,EDIER JAFETH MARIOTTA PADILLA,2025-06-12
3330,CE-2025-TC70% -7.31 - POZO SEPTICO EN CONCRETO 3000 PSI 4.40*1.20 CM,SUBCONTRATO - S,UNIDAD - UND,043 - 043 - SUBCONTRATO,7277193.0,0,7277193.0,True,False,EDIER JAFETH MARIOTTA PADILLA,2025-06-12
3331,CE-2025-TC70% -7.32 - DESINFECCION DEL SISTEMA DE AGUA POTABLE,SUBCONTRATO - S,UNIDAD - UND,043 - 043 - SUBCONTRATO,429788.1,0,429788.1,True,False,EDIER JAFETH MARIOTTA PADILLA,2025-06-12
3332,CE-2025-TC70% -7.33 - BEBEDEROS EN ACERO INOXIDABLE SEGUN DISENO,SUBCONTRATO - S,UNIDAD - UND,043 - 043 - SUBCONTRATO,704657.8,0,704657.8,True,False,EDIER JAFETH MARIOTTA PADILLA,2025-06-12
3333,CE-2025-TC70% -7.34 - POZO SEPTICO EN CONCRETO 3000 PSI-TIPO 2,SUBCONTRATO - S,UNIDAD - UND,043 - 043 - SUBCONTRATO,10955231.0,0,10955231.0,True,False,EDIER JAFETH MARIOTTA PADILLA,2025-06-12
3334,CE-2025-TC70% -7.35 - POZO SEPTICO EN CONCRETO 3000 PSI-TIPO 3,SUBCONTRATO - S,UNIDAD - UND,043 - 043 - SUBCONTRATO,14338036.3,0,14338036.3,True,False,EDIER JAFETH MARIOTTA PADILLA,2025-06-12
3335,"CE-2025-TC70% -7.36 - TUBERIA SANITARIA DE 6""",SUBCONTRATO - S,METRO LINEAL - ML,043 - 043 - SUBCONTRATO,68849.2,0,68849.2,True,False,EDIER JAFETH MARIOTTA PADILLA,2025-06-12
3336,CE-2025-TC70% -7.37 - CARCAMO EN CONCRETO TIPO C-25 25X40X100 CM,SUBCONTRATO - S,METRO LINEAL - ML,043 - 043 - SUBCONTRATO,92476.3,0,92476.3,True,False,EDIER JAFETH MARIOTTA PADILLA,2025-06-12
3337,CE-2025-TC70% -7.38 - PLANTA DE TRATAMIENTO DE AGUA POTABLE,SUBCONTRATO - S,UNIDAD - UND,043 - 043 - SUBCONTRATO,37034128.6,0,37034128.6,True,False,EDIER JAFETH MARIOTTA PADILLA,2025-06-12
3338,"CE-2025-TC70% -7.39 - DUCTO DE DISTRIBUCION DE GAS EN TUBO COBRE DE 1""",SUBCONTRATO - S,METRO LINEAL - ML,043 - 043 - SUBCONTRATO,75800.2,0,75800.2,True,False,EDIER JAFETH MARIOTTA PADILLA,2025-06-12
3339,CE-2025-TC70% -7.4 - COMBO SANITARIOS DISCAPACITADOS (PREJARDIN),SUBCONTRATO - S,UNIDAD - UND,043 - 043 - SUBCONTRATO,627579.4,0,627579.4,True,False,EDIER JAFETH MARIOTTA PADILLA,2025-06-12
3340,"CE-2025-TC70% -7.40 - RED DE DISTRIBUCION DE GAS EN PE 80 AMARILLA RDE 7 DE 1/2""",SUBCONTRATO - S,METRO LINEAL - ML,043 - 043 - SUBCONTRATO,15789.9,0,15789.9,True,False,EDIER JAFETH MARIOTTA PADILLA,2025-06-12
3341,"CE-2025-TC70% -7.41 - UNION DE CILINDROS DE TUBERIA DE ACERO DE 1/2""",SUBCONTRATO - S,UNIDAD - UND,043 - 043 - SUBCONTRATO,17418.1,0,17418.1,True,False,EDIER JAFETH MARIOTTA PADILLA,2025-06-12
3342,"CE-2025-TC70% -7.42 - PUNTO DE RED GAS 1/2""",SUBCONTRATO - S,UNIDAD - UND,043 - 043 - SUBCONTRATO,76405.7,0,76405.7,True,False,EDIER JAFETH MARIOTTA PADILLA,2025-06-12
3343,CE-2025-TC70% -7.43 - COMBO SANITARIOS (PREJARDIN),SUBCONTRATO - S,UNIDAD - UND,043 - 043 - SUBCONTRATO,497504.7,0,497504.7,True,False,EDIER JAFETH MARIOTTA PADILLA,2025-06-12
3344,CE-2025-TC70% -7.44 - TANQUE AEREO PCV DE 2000 L,SUBCONTRATO - S,UNIDAD - UND,043 - 043 - SUBCONTRATO,833501.9,0,833501.9,True,False,EDIER JAFETH MARIOTTA PADILLA,2025-06-12
3345,CE-2025-TC70% -7.45 - TRAMPA DE GRASA,SUBCONTRATO - S,UNIDAD - UND,043 - 043 - SUBCONTRATO,1290491.3,0,1290491.3,True,False,EDIER JAFETH MARIOTTA PADILLA,2025-06-12
3346,CE-2025-TC70% -7.5 - COMBO SANITARIOS DISCAPACITADOS (PRIMARIA),SUBCONTRATO - S,UNIDAD - UND,043 - 043 - SUBCONTRATO,696345.3,0,696345.3,True,False,EDIER JAFETH MARIOTTA PADILLA,2025-06-12
3347,CE-2025-TC70% -7.6 - ACCESORIOS DISCAPACITADOS,SUBCONTRATO - S,UNIDAD - UND,043 - 043 - SUBCONTRATO,390761.0,0,390761.0,True,False,EDIER JAFETH MARIOTTA PADILLA,2025-06-12
3348,CE-2025-TC70% -7.7 - TELEDUCHAS,SUBCONTRATO - S,UNIDAD - UND,043 - 043 - SUBCONTRATO,28000.0,0,28000.0,True,False,EDIER JAFETH MARIOTTA PADILLA,2025-06-12
3349,CE-2025-TC70% -7.8 - ORINALES (PRIMARIA),SUBCONTRATO - S,UNIDAD - UND,043 - 043 - SUBCONTRATO,391640.2,0,391640.2,True,False,EDIER JAFETH MARIOTTA PADILLA,2025-06-12
3350,CE-2025-TC70% -7.9 - LAVAPLATOS EN ACERO INOXIDABLE,SUBCONTRATO - S,UNIDAD - UND,043 - 043 - SUBCONTRATO,340060.0,0,340060.0,True,False,EDIER JAFETH MARIOTTA PADILLA,2025-06-12
3351,"CE-2025-TC70% -8.1 - TABLERO GENERAL DE DISTRIBUCION T-GN (INCLUYE SUMINISTRO, TRANSPORTE E INSTALACION)",SUBCONTRATO - S,UNIDAD - UND,043 - 043 - SUBCONTRATO,1505029.4,19,1790984.99,True,False,DIEGO ANDRES RODRIGUEZ RODRIGUEZ,2025-09-22
3352,"CE-2025-TC70% -8.10 - TRANSFERENCIA MANUAL, BIFASICA, 40A (INCLUYE SUMINISTRO, TRANSPORTE E INSTALACION)",SUBCONTRATO - S,UNIDAD - UND,043 - 043 - SUBCONTRATO,566123.6,19,673687.08,True,False,DIEGO ANDRES RODRIGUEZ RODRIGUEZ,2025-09-22
3353,CE-2025-TC70% -8.11 - ACOMETIDA DESDE PUNTO DE CONEXION HASTA CAJA DEL MEDIDOR EN CABLE DE CU (2 X 2 AWG+ 1 X 2 AWG) THHN (INCLUYE SUMINISTRO TRANSPORTE E INSTALACION),SUBCONTRATO - S,METRO LINEAL - ML,043 - 043 - SUBCONTRATO,83157.2,19,98957.07,True,False,DIEGO ANDRES RODRIGUEZ RODRIGUEZ,2025-09-22
3354,"CE-2025-TC70% -8.12 - ALIMENTADOR DESDE MEDIDOR HASTA T-GN, EN CABLE DE CU (2 X 2 AWG+ 1 X 2 AWG + 1 X 2D AWG) THHN (INCLUYE SUMINISTRO TRANSPORTE E INSTALACION)",SUBCONTRATO - S,METRO LINEAL - ML,043 - 043 - SUBCONTRATO,101110.8,19,120321.85,True,False,DIEGO ANDRES RODRIGUEZ RODRIGUEZ,2025-09-22
3355,"CE-2025-TC70% -8.13 - ALIMENTADOR DESDE T-GN HASTA T-CR CENTRO DE RECURSOS, EN CABLE DE CU (2 X 6 AWG+1 X 6 AWG + 1 X 6D AWG) THHN (INCLUYE SUMINISTRO TRANSPORTE E INSTALACION)",SUBCONTRATO - S,METRO LINEAL - ML,043 - 043 - SUBCONTRATO,42561.4,19,50648.07,True,False,DIEGO ANDRES RODRIGUEZ RODRIGUEZ,2025-09-22
3356,"CE-2025-TC70% -8.14 - ALIMENTADOR DESDE T-GN HASTA T-AU SALON USO MULTIPLES, EN CABLE DE CU (2 X 8 AWG+1 X 8 AWG + 1 X 8D AWG) THHN (INCLUYE SUMINISTRO TRANSPORTE E INSTALACION)",SUBCONTRATO - S,METRO LINEAL - ML,043 - 043 - SUBCONTRATO,28791.7,19,34262.12,True,False,DIEGO ANDRES RODRIGUEZ RODRIGUEZ,2025-09-22
3357,"CE-2025-TC70% -8.15 - ALIMENTADOR DESDE T-GN HASTA T-CM COMEDOR, EN CABLE DE CU (2 X 8 AWG+1 X 8 AWG + 1 X 8D AWG) THHN (INCLUYE SUMINISTRO TRANSPORTE E INSTALACION)",SUBCONTRATO - S,METRO LINEAL - ML,043 - 043 - SUBCONTRATO,28791.7,19,34262.12,True,False,DIEGO ANDRES RODRIGUEZ RODRIGUEZ,2025-09-22
3358,"CE-2025-TC70% -8.16 - ALIMENTADOR DESDE TRANSF-REG HASTA T-REG, EN CABLE DE CU (2 X 8 AWG+1 X 8 AWG + 1 X 8D AWG) THHN (INCLUYE SUMINISTRO TRANSPORTE E INSTALACION)",SUBCONTRATO - S,METRO LINEAL - ML,043 - 043 - SUBCONTRATO,28791.7,19,34262.12,True,False,DIEGO ANDRES RODRIGUEZ RODRIGUEZ,2025-09-22
3359,"CE-2025-TC70% -8.17 - ALIMENTADOR DESDE T-GN HASTA TRANSF-REG, EN CABLE DE CU (2 X 8 AWG+1 X 8 AWG + 1 X 8D AWG) THHN (INCLUYE SUMINISTRO TRANSPORTE E INSTALACION)",SUBCONTRATO - S,METRO LINEAL - ML,043 - 043 - SUBCONTRATO,28791.7,19,34262.12,True,False,DIEGO ANDRES RODRIGUEZ RODRIGUEZ,2025-09-22
3360,"CE-2025-TC70% -8.18 - ALIMENTADOR DESDE T-GN HASTA UPS 6KVA, EN CABLE DE CU (2 X 8 AWG+1 X 8 AWG + 1 X 8D AWG) THHN (INCLUYE SUMINISTRO TRANSPORTE E INSTALACION)",SUBCONTRATO - S,METRO LINEAL - ML,043 - 043 - SUBCONTRATO,28791.7,19,34262.12,True,False,DIEGO ANDRES RODRIGUEZ RODRIGUEZ,2025-09-22
3361,"CE-2025-TC70% -8.19 - ALIMENTADOR DESDE T-GN HASTA T-BA BANOS, EN CABLE DE CU (2 X 12 AWG+1 X 12 AWG + 1 X 12D AWG) THHN (INCLUYE SUMINISTRO TRANSPORTE E INSTALACION)",SUBCONTRATO - S,METRO LINEAL - ML,043 - 043 - SUBCONTRATO,18326.7,19,21808.77,True,False,DIEGO ANDRES RODRIGUEZ RODRIGUEZ,2025-09-22
3362,"CE-2025-TC70% -8.2 - TABLERO PARCIAL T-CR AULA MULTIPROPOSITO (INCLUYE SUMINISTRO, TRANSPORTE E INSTALACION)",SUBCONTRATO - S,UNIDAD - UND,043 - 043 - SUBCONTRATO,1378611.5,19,1640547.69,True,False,DIEGO ANDRES RODRIGUEZ RODRIGUEZ,2025-09-22
3363,"CE-2025-TC70% -8.20 - ALIMENTADOR DESDE T-GN HASTA T-BOM PLANTA DE TRATAMIENTO, EN CABLE DE CU (2 X 8 AWG+1 X 8 AWG + 1 X 8D AWG) THHN (INCLUYE SUMINISTRO TRANSPORTE E INSTALACION)",SUBCONTRATO - S,METRO LINEAL - ML,043 - 043 - SUBCONTRATO,28791.7,19,34262.12,True,False,DIEGO ANDRES RODRIGUEZ RODRIGUEZ,2025-09-22
3364,"CE-2025-TC70% -8.21 - BAJANTE EN TUBERIA IMC 1 1/2"" PARA ACOMETIDA PRINCIPAL",SUBCONTRATO - S,UNIDAD - UND,043 - 043 - SUBCONTRATO,153052.2,0,153052.2,True,False,EDIER JAFETH MARIOTTA PADILLA,2025-06-12
3365,"CE-2025-TC70% -8.22 - CANALIZACION CON TUBERIA PVC CONDUIT 2X2""",SUBCONTRATO - S,METRO LINEAL - ML,043 - 043 - SUBCONTRATO,15824.2,0,15824.2,True,False,EDIER JAFETH MARIOTTA PADILLA,2025-06-12
3366,"CE-2025-TC70% -8.23 - CANALIZACION CON TUBERIA PVC CONDUIT 1X1""",SUBCONTRATO - S,METRO LINEAL - ML,043 - 043 - SUBCONTRATO,6231.4,0,6231.4,True,False,EDIER JAFETH MARIOTTA PADILLA,2025-06-12
3367,CE-2025-TC70% -8.24 - CAJA DE INSPECION ELECTRICA CS-274,SUBCONTRATO - S,UNIDAD - UND,043 - 043 - SUBCONTRATO,786047.5,0,786047.5,True,False,EDIER JAFETH MARIOTTA PADILLA,2025-06-12
3368,CE-2025-TC70% -8.25 - SISTEMA DE PUESTA A TIERRA,SUBCONTRATO - S,UNIDAD - UND,043 - 043 - SUBCONTRATO,5817569.1,0,5817569.1,True,False,EDIER JAFETH MARIOTTA PADILLA,2025-06-12
3369,"CE-2025-TC70% -8.26 - PUNTO ELECTRICO DE INTERRUPTOR SENCILLO EN TUBERIA PVC 1/2""",SUBCONTRATO - S,UNIDAD - UND,043 - 043 - SUBCONTRATO,127834.7,0,127834.7,True,False,EDIER JAFETH MARIOTTA PADILLA,2025-06-12
3370,"CE-2025-TC70% -8.27 - PUNTO ELECTRICO DE INTERRUPTOR DOBLE EN TUBERIA PVC 1/2""",SUBCONTRATO - S,UNIDAD - UND,043 - 043 - SUBCONTRATO,127205.4,0,127205.4,True,False,EDIER JAFETH MARIOTTA PADILLA,2025-06-12
3371,"CE-2025-TC70% -8.28 - PUNTO ELECTRICO DE INTERRUPTOR TRIPLE EN TUBERIA PVC 1/2""",SUBCONTRATO - S,UNIDAD - UND,043 - 043 - SUBCONTRATO,129297.0,0,129297.0,True,False,EDIER JAFETH MARIOTTA PADILLA,2025-06-12
3372,"CE-2025-TC70% -8.29 - PUNTO ELECTRICO SALIDA ALUMBRADO EN TUBERIA PVC SCH40 1/2""",SUBCONTRATO - S,UNIDAD - UND,043 - 043 - SUBCONTRATO,120813.7,0,120813.7,True,False,EDIER JAFETH MARIOTTA PADILLA,2025-06-12
3373,"CE-2025-TC70% -8.3 - TABLERO PARCIAL T-AU SALON DE USOS MULTIPLES (INCLUYE SUMINISTRO, TRANSPORTE E INSTALACION)",SUBCONTRATO - S,UNIDAD - UND,043 - 043 - SUBCONTRATO,996666.3,19,1186032.9,True,False,DIEGO ANDRES RODRIGUEZ RODRIGUEZ,2025-09-22
3374,"CE-2025-TC70% -8.30 - PUNTO ELECTRICO TOMACORRIENTE DOBLE, 120V, TAMPER RESISTANT EN TUBERIA PVC 1/2""",SUBCONTRATO - S,UNIDAD - UND,043 - 043 - SUBCONTRATO,261740.5,0,261740.5,True,False,EDIER JAFETH MARIOTTA PADILLA,2025-06-12
3375,"CE-2025-TC70% -8.31 - PUNTO ELECTRICO TOMACORRIENTE DOBLE, 120V, EN TUBERIA PVC 1/2""",SUBCONTRATO - S,UNIDAD - UND,043 - 043 - SUBCONTRATO,125837.6,0,125837.6,True,False,EDIER JAFETH MARIOTTA PADILLA,2025-06-12
3376,"CE-2025-TC70% -8.32 - PUNTO ELECTRICO GFCI, 120 V EN TUBERIA PVC 1/2""",SUBCONTRATO - S,UNIDAD - UND,043 - 043 - SUBCONTRATO,149940.0,0,149940.0,True,False,EDIER JAFETH MARIOTTA PADILLA,2025-06-12
3377,"CE-2025-TC70% -8.33 - PUNTO ELECTRICO 220 V (AIRE ACONDICIONADO) EN TUBERIA PVC 1/2""",SUBCONTRATO - S,UNIDAD - UND,043 - 043 - SUBCONTRATO,195812.4,0,195812.4,True,False,EDIER JAFETH MARIOTTA PADILLA,2025-06-12
3378,"CE-2025-TC70% -8.34 - PUNTO ELECTRICO SALIDA ALUMBRADO EN TUBERIA EMT 1/2""",SUBCONTRATO - S,UNIDAD - UND,043 - 043 - SUBCONTRATO,178615.5,0,178615.5,True,False,EDIER JAFETH MARIOTTA PADILLA,2025-06-12
3379,CE-2025-TC70% -8.35 - LUMINARIA PANEL LED 40W 60X60 CM,SUBCONTRATO - S,UNIDAD - UND,043 - 043 - SUBCONTRATO,116287.5,0,116287.5,True,False,EDIER JAFETH MARIOTTA PADILLA,2025-06-12
3380,CE-2025-TC70% -8.36 - LUMINARIA PANEL LED 18W 30X30 CM,SUBCONTRATO - S,UNIDAD - UND,043 - 043 - SUBCONTRATO,83727.7,0,83727.7,True,False,EDIER JAFETH MARIOTTA PADILLA,2025-06-12
3381,CE-2025-TC70% -8.37 - LUMINARIA LINEAL HERMETICA LED 36W,SUBCONTRATO - S,UNIDAD - UND,043 - 043 - SUBCONTRATO,168260.4,0,168260.4,True,False,EDIER JAFETH MARIOTTA PADILLA,2025-06-12
3382,CE-2025-TC70% -8.38 - LUMINARIA LINEAL HERMETICA LED 18W,SUBCONTRATO - S,UNIDAD - UND,043 - 043 - SUBCONTRATO,130522.0,0,130522.0,True,False,EDIER JAFETH MARIOTTA PADILLA,2025-06-12
3383,CE-2025-TC70% -8.39 - LAMPARA DE EMERGENCIA CON AVISO SALIDA,SUBCONTRATO - S,UNIDAD - UND,043 - 043 - SUBCONTRATO,96875.8,0,96875.8,True,False,EDIER JAFETH MARIOTTA PADILLA,2025-06-12
3384,"CE-2025-TC70% -8.4 - TABLERO PARCIAL T-CM COMEDOR- COCINA(INCLUYE SUMINISTRO, TRANSPORTE E INSTALACION)",SUBCONTRATO - S,UNIDAD - UND,043 - 043 - SUBCONTRATO,372787.1,19,443616.65,True,False,DIEGO ANDRES RODRIGUEZ RODRIGUEZ,2025-09-22
3385,CE-2025-TC70% -8.40 - LAMPARA DE EMERGENCIA,SUBCONTRATO - S,UNIDAD - UND,043 - 043 - SUBCONTRATO,99651.3,0,99651.3,True,False,EDIER JAFETH MARIOTTA PADILLA,2025-06-12
3386,CE-2025-TC70% -8.41 - CAJA DE PISO PARA CUATRO MODULOS UNIVERSALES (ELECTRICIDAD Y DATOS),SUBCONTRATO - S,UNIDAD - UND,043 - 043 - SUBCONTRATO,499949.8,0,499949.8,True,False,EDIER JAFETH MARIOTTA PADILLA,2025-06-12
3387,CE-2025-TC70% -8.42 - RACK DE COMUNICACIONES,SUBCONTRATO - S,UNIDAD - UND,043 - 043 - SUBCONTRATO,599358.2,0,599358.2,True,False,EDIER JAFETH MARIOTTA PADILLA,2025-06-12
3388,CE-2025-TC70% -8.43 - PUNTO PARA SALIDA DE DATOS RJ45 .,SUBCONTRATO - S,UNIDAD - UND,043 - 043 - SUBCONTRATO,45654.0,0,45654.0,True,False,EDIER JAFETH MARIOTTA PADILLA,2025-06-12
3389,CE-2025-TC70% -8.44 - CABLE UTP CAT 6,SUBCONTRATO - S,METRO LINEAL - ML,043 - 043 - SUBCONTRATO,5426.4,0,5426.4,True,False,EDIER JAFETH MARIOTTA PADILLA,2025-06-12
3390,"CE-2025-TC70% -8.45 - CANALIZACION CON TUBERIA PVC 1/2""",SUBCONTRATO - S,METRO LINEAL - ML,043 - 043 - SUBCONTRATO,4147.5,0,4147.5,True,False,EDIER JAFETH MARIOTTA PADILLA,2025-06-12
3391,CE-2025-TC70% -8.46 - SALIDA HDMI,SUBCONTRATO - S,UNIDAD - UND,043 - 043 - SUBCONTRATO,447353.9,0,447353.9,True,False,EDIER JAFETH MARIOTTA PADILLA,2025-06-12
3392,CE-2025-TC70% -8.47 - DEMANTELAMIENTO PUNTO ELECTRICO,SUBCONTRATO - S,UNIDAD - UND,043 - 043 - SUBCONTRATO,11026.4,0,11026.4,True,False,EDIER JAFETH MARIOTTA PADILLA,2025-06-12
3393,CE-2025-TC70% -8.48 - DEMANTELAMIENTO LAMPARAS Y/O LUMINARIAS,SUBCONTRATO - S,UNIDAD - UND,043 - 043 - SUBCONTRATO,10024.0,0,10024.0,True,False,EDIER JAFETH MARIOTTA PADILLA,2025-06-12
3394,CE-2025-TC70% -8.49 - DESMANTELAMIENTO DE TABLERO DE DISTRIUCION,SUBCONTRATO - S,UNIDAD - UND,043 - 043 - SUBCONTRATO,22052.8,0,22052.8,True,False,EDIER JAFETH MARIOTTA PADILLA,2025-06-12
3395,"CE-2025-TC70% -8.5 - TABLERO REGULADO T-REG (INCLUYE SUMINISTRO, TRANSPORTE E INSTALACION)",SUBCONTRATO - S,UNIDAD - UND,043 - 043 - SUBCONTRATO,372787.1,19,443616.65,True,False,DIEGO ANDRES RODRIGUEZ RODRIGUEZ,2025-09-22
3396,CE-2025-TC70% -8.50 - DESMANTELAMIENTO DE ACOMETIDAS Y ALIMENTADORES ENTRE 10 Y 40MTS,SUBCONTRATO - S,UNIDAD - UND,043 - 043 - SUBCONTRATO,55132.0,0,55132.0,True,False,EDIER JAFETH MARIOTTA PADILLA,2025-06-12
3397,CE-2025-TC70% -8.51 - DESMANTELAMIENTO DE EQUIPO DE MEDIDA DE ENERGIA ELECTRICA,SUBCONTRATO - S,UNIDAD - UND,043 - 043 - SUBCONTRATO,110263.3,0,110263.3,True,False,EDIER JAFETH MARIOTTA PADILLA,2025-06-12
3398,CE-2025-TC70% -8.52 - ETIQUETADO Y MARQUILLADO DE CONDUCTORES Y EQUIPOS ELECTRICOS,SUBCONTRATO - S,UNIDAD - UND,043 - 043 - SUBCONTRATO,1234202.9,0,1234202.9,True,False,EDIER JAFETH MARIOTTA PADILLA,2025-06-12
3399,CE-2025-TC70% -8.53 - AIRE ACONDICIONADO 36.000 BTU (INCLUYE SUMINISTRO TRANSPORTE E INSTALACION),SUBCONTRATO - S,UNIDAD - UND,043 - 043 - SUBCONTRATO,6340397.7,19,7545073.26,True,False,DIEGO ANDRES RODRIGUEZ RODRIGUEZ,2025-09-22
3400,"CE-2025-TC70% -8.54 - TRANSFORMADOR MONOFASICO 25KVA, 13.200/120-240V, (INCLUYE SIMINISTRO, TRANSPORTE E INSTALACION)",SUBCONTRATO - S,UNIDAD - UND,043 - 043 - SUBCONTRATO,8202938.1,19,9761496.34,True,False,DIEGO ANDRES RODRIGUEZ RODRIGUEZ,2025-09-22
3401,"CE-2025-TC70% -8.55 - ESTRUCTURA 710 ICEL MONTAJE TRAFO 1F CON PROTECCION DE TRAFO (INCLUYE SUMINISTRO, TRANSPORTE Y MONTAJE DE LA ESTRUCTURA)",SUBCONTRATO - S,UNIDAD - UND,043 - 043 - SUBCONTRATO,2435876.8,19,2898693.39,True,False,DIEGO ANDRES RODRIGUEZ RODRIGUEZ,2025-09-22
3402,"CE-2025-TC70% -8.56 - ESTRUCTURA DE ALINEAMIENTO 510 ICEL (INCLUYE SUMINISTRO, TRANSPORTE Y MONTAJE DE LA ESTRUCTURA)",SUBCONTRATO - S,UNIDAD - UND,043 - 043 - SUBCONTRATO,316612.1,19,376768.4,True,False,DIEGO ANDRES RODRIGUEZ RODRIGUEZ,2025-09-22
3403,"CE-2025-TC70% -8.57 - POSTE EN CONCRETO 12 M X 510 KG (INCLUYE SUMINISTRO, TRANSPORTE, HINCADO, APLOMADO Y CIMENTACION DEL POSTE)",SUBCONTRATO - S,UNIDAD - UND,043 - 043 - SUBCONTRATO,1565800.6,19,1863302.71,True,False,DIEGO ANDRES RODRIGUEZ RODRIGUEZ,2025-09-22
3404,"CE-2025-TC70% -8.58 - TABLEROS PARCIALES (T-AUS Y T-BOD) DEL SALON DE CLASES Y BODEGAS (INCLUYE SUMINISTRO, TRANSPORTE E INSTALACION)",SUBCONTRATO - S,UNIDAD - UND,043 - 043 - SUBCONTRATO,629255.9,19,748814.52,True,False,DIEGO ANDRES RODRIGUEZ RODRIGUEZ,2025-09-22
3405,"CE-2025-TC70% -8.59 - ALIMENTADOR DESDE T-GN HASTA T-BA BANOS, EN CABLE DE CU (1 X 8 AWG+1 X 8 AWG + 1 X 8D AWG) THHN (INCLUYE SUMINISTRO TRANSPORTE E INSTALACION)",SUBCONTRATO - S,METRO LINEAL - ML,043 - 043 - SUBCONTRATO,22518.3,19,26796.78,True,False,DIEGO ANDRES RODRIGUEZ RODRIGUEZ,2025-09-22
3406,"CE-2025-TC70% -8.6 - TABLERO PARCIAL T-BA BANOS (INCLUYE SUMINISTRO, TRANSPORTE E INSTALACION)",SUBCONTRATO - S,UNIDAD - UND,043 - 043 - SUBCONTRATO,240198.0,19,285835.62,True,False,DIEGO ANDRES RODRIGUEZ RODRIGUEZ,2025-09-22
3407,"CE-2025-TC70% -8.60 - ESTRUCTURA FINAL DE CIRCUITO 514 ICEL (INCLUYE SUMINISTRO, TRANSPORTE Y MONTAJE DE LA ESTRUCTURA)",SUBCONTRATO - S,UNIDAD - UND,043 - 043 - SUBCONTRATO,316585.5,19,376736.75,True,False,DIEGO ANDRES RODRIGUEZ RODRIGUEZ,2025-09-22
3408,CE-2025-TC70% -8.61 - CABLE ACSR 2 AWG (INCLUYE EL TENDIDO Y TENSIONADO EN RED PRIMARIA 1 HILO),SUBCONTRATO - S,KILOMETRO - KM,043 - 043 - SUBCONTRATO,4288798.5,0,4288798.5,True,False,EDIER JAFETH MARIOTTA PADILLA,2025-06-12
3409,"CE-2025-TC70% -8.62 - TEMPLETE DIRECTO A TIERRA / MEDIA TENSION (INCLUYE SUMINISTRO, TRANSPORTE E INSTALACION)",SUBCONTRATO - S,UNIDAD - UND,043 - 043 - SUBCONTRATO,292628.0,19,348227.32,True,False,DIEGO ANDRES RODRIGUEZ RODRIGUEZ,2025-09-22
3410,"CE-2025-TC70% -8.63 - TABLERO PARCIAL T-SALA SALA DE SISTEMAS (INCLUYE SUMINISTRO, TRANSPORTE E INSTALACION)",SUBCONTRATO - S,UNIDAD - UND,043 - 043 - SUBCONTRATO,1046362.8,19,1245171.73,True,False,DIEGO ANDRES RODRIGUEZ RODRIGUEZ,2025-09-22
3411,"CE-2025-TC70% -8.64 - TABLERO PARCIAL T - CM COMEDOR- COCINA(INCLUYE SUMINISTRO, TRANSPORTE E INSTALACION)",SUBCONTRATO - S,UNIDAD - UND,043 - 043 - SUBCONTRATO,386628.9,19,460088.39,True,False,DIEGO ANDRES RODRIGUEZ RODRIGUEZ,2025-09-22
3412,"CE-2025-TC70% -8.65 - TABLERO PARCIAL T-SP SALA DE PROFESORES (INCLUYE SUMINISTRO, TRANSPORTE E INSTALACION)",SUBCONTRATO - S,UNIDAD - UND,043 - 043 - SUBCONTRATO,254037.7,19,302304.86,True,False,DIEGO ANDRES RODRIGUEZ RODRIGUEZ,2025-09-22
3413,"CE-2025-TC70% -8.66 - TABLERO PARCIAL BIFASICO DE 8 CIRCUITOS (INCLUYE SUMINISTRO, TRANSPORTE E INSTALACION)",SUBCONTRATO - S,UNIDAD - UND,043 - 043 - SUBCONTRATO,303680.3,19,361379.56,True,False,DIEGO ANDRES RODRIGUEZ RODRIGUEZ,2025-09-22
3414,"CE-2025-TC70% -8.67 - TABLERO PARCIAL T-SALA DE SALA DE SISTEMAS (INCLUYE SUMINISTRO, TRANSPORTE E INSTALACION)",SUBCONTRATO - S,UNIDAD - UND,043 - 043 - SUBCONTRATO,1221952.2,19,1454123.12,True,False,DIEGO ANDRES RODRIGUEZ RODRIGUEZ,2025-09-22
3415,CE-2025-TC70% -8.68 - ACOMETIDA DESDE PUNTO DE CONEXION HASTA CAJA DEL MEDIDOR EN CABLE DE CU (2 X 4 AWG+ 1 X 4 AWG) THHN (INCLUYE SUMINISTRO TRANSPORTE E INSTALACION),SUBCONTRATO - S,METRO LINEAL - ML,043 - 043 - SUBCONTRATO,61094.6,19,72702.57,True,False,DIEGO ANDRES RODRIGUEZ RODRIGUEZ,2025-09-22
3416,"CE-2025-TC70% -8.69 - ALIMENTADOR DESDE MEDIDOR HASTA T-GN, EN CABLE DE CU (2 X 4 AWG+ 1 X 4 AWG + 1 X 4D AWG) THHN (INCLUYE SUMINISTRO TRANSPORTE E INSTALACION)",SUBCONTRATO - S,METRO LINEAL - ML,043 - 043 - SUBCONTRATO,72879.1,19,86726.13,True,False,DIEGO ANDRES RODRIGUEZ RODRIGUEZ,2025-09-22
3417,"CE-2025-TC70% -8.7 - TABLERO PARCIAL T-BOM PLANTA DE TRATAMIENTO (INCLUYE SUMINISTRO, TRANSPORTE E INSTALACION)",SUBCONTRATO - S,UNIDAD - UND,043 - 043 - SUBCONTRATO,244600.3,19,291074.36,True,False,DIEGO ANDRES RODRIGUEZ RODRIGUEZ,2025-09-22
3418,"CE-2025-TC70% -8.70 - TABLERO PARCIAL T-AU1 SALON DE USOS MULTIPLES (INCLUYE SUMINISTRO, TRANSPORTE E INSTALACION)",SUBCONTRATO - S,UNIDAD - UND,043 - 043 - SUBCONTRATO,1.0,19,1.19,True,False,DIEGO ANDRES RODRIGUEZ RODRIGUEZ,2025-09-22
3419,"CE-2025-TC70% -8.71 - ALIMENTADOR DESDE T-GN HASTA T-SALA SALA DE SISTEMAS, EN CABLE DE CU (2 X 6 AWG+1 X 6 AWG + 1 X 6D AWG) THHN (INCLUYE SUMINISTRO TRANSPORTE E INSTALACION)",SUBCONTRATO - S,METRO LINEAL - ML,043 - 043 - SUBCONTRATO,42561.4,19,50648.07,True,False,DIEGO ANDRES RODRIGUEZ RODRIGUEZ,2025-09-22
3420,"CE-2025-TC70% -8.72 - ALIMENTADOR DESDE T-GN HASTA T-AU1 SALON USO MULTIPLES, EN CABLE DE CU (2 X 8 AWG+1 X 8 AWG + 1 X 8D AWG) THHN (INCLUYE SUMINISTRO TRANSPORTE E INSTALACION)",SUBCONTRATO - S,METRO LINEAL - ML,043 - 043 - SUBCONTRATO,28791.7,19,34262.12,True,False,DIEGO ANDRES RODRIGUEZ RODRIGUEZ,2025-09-22
3421,"CE-2025-TC70% -8.73 - ALIMENTADOR DESDE T-GN HASTA T-AU2 SALON USO MULTIPLES, EN CABLE DE CU (2 X 8 AWG+1 X 8 AWG + 1 X 8D AWG) THHN (INCLUYE SUMINISTRO TRANSPORTE E INSTALACION)",SUBCONTRATO - S,METRO LINEAL - ML,043 - 043 - SUBCONTRATO,28791.7,19,34262.12,True,False,DIEGO ANDRES RODRIGUEZ RODRIGUEZ,2025-09-22
3422,"CE-2025-TC70% -8.74 - ALIMENTADOR DESDE T-GN HASTA T-AUS1 AULA MULTIPLE, EN CABLE DE CU (2 X 8 AWG+1 X 8 AWG + 1 X 8D AWG) THHN (INCLUYE SUMINISTRO TRANSPORTE E INSTALACION)",SUBCONTRATO - S,METRO LINEAL - ML,043 - 043 - SUBCONTRATO,28791.7,19,34262.12,True,False,DIEGO ANDRES RODRIGUEZ RODRIGUEZ,2025-09-22
3423,"CE-2025-TC70% -8.75 - TABLERO PARCIAL T-CR CENTRO DE RECURSOS (INCLUYE SUMINISTRO, TRANSPORTE E INSTALACION)",SUBCONTRATO - S,UNIDAD - UND,043 - 043 - SUBCONTRATO,1.0,19,1.19,True,False,DIEGO ANDRES RODRIGUEZ RODRIGUEZ,2025-09-22
3424,CE-2025-TC70% -8.76 - ALIMENTADOR EN CABLE DE CU (1 X 8 AWG+1 X 8 AWG + 1 X 8D AWG) THHN (INCLUYE SUMINISTRO TRANSPORTE E INSTALACION),SUBCONTRATO - S,METRO LINEAL - ML,043 - 043 - SUBCONTRATO,22518.3,19,26796.78,True,False,DIEGO ANDRES RODRIGUEZ RODRIGUEZ,2025-09-22
3425,"CE-2025-TC70% -8.77 - ALIMENTADOR EN CABLE DE CU 2 X 8 AWG+1 X 8 AWG + 1 X 8D AWG, THHN (INCLUYE SUMINISTRO TRANSPORTE E INSTALACION)",SUBCONTRATO - S,METRO LINEAL - ML,043 - 043 - SUBCONTRATO,28791.7,19,34262.12,True,False,DIEGO ANDRES RODRIGUEZ RODRIGUEZ,2025-09-22
3426,"CE-2025-TC70% -8.78 - ALIMENTADOR DESDE T-GN HASTA T-CR AULA MULTIPROPOSITO, EN CABLE DE CU (2 X 6 AWG+1 X 6 AWG + 1 X 6D AWG) THHN (INCLUYE SUMINISTRO TRANSPORTE E INSTALACION)",SUBCONTRATO - S,METRO LINEAL - ML,043 - 043 - SUBCONTRATO,42561.4,19,50648.07,True,False,DIEGO ANDRES RODRIGUEZ RODRIGUEZ,2025-09-22
3427,CE-2025-TC70% -8.79 - LAMPARA DE APLIQUE DE PARED 18W,SUBCONTRATO - S,UNIDAD - UND,043 - 043 - SUBCONTRATO,61346.6,0,61346.6,True,False,EDIER JAFETH MARIOTTA PADILLA,2025-06-12
3428,"CE-2025-TC70% -8.8 - SISTEMA DE ALIMENTACION ININTERRUMPIDA UPS, 6KVA, BIFASICA (INCLUYE SUMINISTRO, TRANSPORTE E INSTALACION)",SUBCONTRATO - S,UNIDAD - UND,043 - 043 - SUBCONTRATO,6961682.7,19,8284402.41,True,False,DIEGO ANDRES RODRIGUEZ RODRIGUEZ,2025-09-22
3429,"CE-2025-TC70% -8.80 - TABLERO GENERAL DE DISTRIBUCION T-A (INCLUYE SUMINISTRO, TRANSPORTE E INSTALACION)",SUBCONTRATO - S,UNIDAD - UND,043 - 043 - SUBCONTRATO,2356416.3,19,2804135.4,True,False,DIEGO ANDRES RODRIGUEZ RODRIGUEZ,2025-09-22
3430,"CE-2025-TC70% -8.81 - TABLERO PARCIAL T-B BLOQUE 2 (INCLUYE SUMINISTRO, TRANSPORTE E INSTALACION)",SUBCONTRATO - S,UNIDAD - UND,043 - 043 - SUBCONTRATO,1254900.5,19,1493331.6,True,False,DIEGO ANDRES RODRIGUEZ RODRIGUEZ,2025-09-22
3431,"CE-2025-TC70% -8.82 - TABLERO PARCIAL T-1 EDIFICIO ADMINISTRATIVO (INCLUYE SUMINISTRO, TRANSPORTE E INSTALACION)",SUBCONTRATO - S,UNIDAD - UND,043 - 043 - SUBCONTRATO,1022647.5,19,1216950.53,True,False,DIEGO ANDRES RODRIGUEZ RODRIGUEZ,2025-09-22
3432,"CE-2025-TC70% -8.83 - TABLERO PARCIAL T-2 CENTRO DE RECURSOS (INCLUYE SUMINISTRO, TRANSPORTE E INSTALACION)",SUBCONTRATO - S,UNIDAD - UND,043 - 043 - SUBCONTRATO,895367.2,19,1065486.97,True,False,DIEGO ANDRES RODRIGUEZ RODRIGUEZ,2025-09-22
3433,"CE-2025-TC70% -8.84 - TABLERO REGULADO T-REG (INCLUYE SUMINISTRO, TRANSPORTE E INSTALACION)",SUBCONTRATO - S,UNIDAD - UND,043 - 043 - SUBCONTRATO,542376.1,19,645427.56,True,False,DIEGO ANDRES RODRIGUEZ RODRIGUEZ,2025-09-22
3434,"CE-2025-TC70% -8.85 - TABLERO PARCIAL T-3 AULAS JARDIN INFANTIL (INCLUYE SUMINISTRO, TRANSPORTE E INSTALACION)",SUBCONTRATO - S,UNIDAD - UND,043 - 043 - SUBCONTRATO,392909.3,19,467562.07,True,False,DIEGO ANDRES RODRIGUEZ RODRIGUEZ,2025-09-22
3435,"CE-2025-TC70% -8.86 - TABLERO PARCIAL T-4 ENFERMERIA (INCLUYE SUMINISTRO, TRANSPORTE E INSTALACION)",SUBCONTRATO - S,UNIDAD - UND,043 - 043 - SUBCONTRATO,424991.7,19,505740.12,True,False,DIEGO ANDRES RODRIGUEZ RODRIGUEZ,2025-09-22
3436,"CE-2025-TC70% -8.87 - TABLERO PARCIAL T-5 AULAS (INCLUYE SUMINISTRO, TRANSPORTE E INSTALACION)",SUBCONTRATO - S,UNIDAD - UND,043 - 043 - SUBCONTRATO,467146.4,19,555904.22,True,False,DIEGO ANDRES RODRIGUEZ RODRIGUEZ,2025-09-22
3437,"CE-2025-TC70% -8.88 - TABLERO PARCIAL T-IL1 ILUMINACION EXTERIOR (INCLUYE SUMINISTRO, TRANSPORTE E INSTALACION)",SUBCONTRATO - S,UNIDAD - UND,043 - 043 - SUBCONTRATO,401715.3,19,478041.21,True,False,DIEGO ANDRES RODRIGUEZ RODRIGUEZ,2025-09-22
3438,"CE-2025-TC70% -8.89 - ALIMENTADOR DESDE T-A HASTA T-B, EN CABLE DE CU (3 X 6 AWG+ 1 X 6 AWG + 1 X 8T AWG) THHN (INCLUYE SUMINISTRO TRANSPORTE E INSTALACION)",SUBCONTRATO - S,METRO LINEAL - ML,043 - 043 - SUBCONTRATO,57033.2,19,67869.51,True,False,DIEGO ANDRES RODRIGUEZ RODRIGUEZ,2025-09-22
3439,"CE-2025-TC70% -8.9 - MEDIDOR ELECTRONICO MONOFASICO TRIFILAR 120V (INCLUYE SUMINISTRO, TRANSPORTE E INSTALACION)",SUBCONTRATO - S,UNIDAD - UND,043 - 043 - SUBCONTRATO,642926.2,19,765082.18,True,False,DIEGO ANDRES RODRIGUEZ RODRIGUEZ,2025-09-22
3440,CE-2025-TC70% -8.90 - LUMINARIA LINEAL HERMETICA LED 50W,SUBCONTRATO - S,UNIDAD - UND,043 - 043 - SUBCONTRATO,200776.8,0,200776.8,True,False,EDIER JAFETH MARIOTTA PADILLA,2025-06-12
3441,"CE-2025-TC70% -8.91 - CANALIZACION CON TUBERIA PVC 3/4""",SUBCONTRATO - S,METRO LINEAL - ML,043 - 043 - SUBCONTRATO,4669.0,0,4669.0,True,False,EDIER JAFETH MARIOTTA PADILLA,2025-06-12
3442,"CE-2025-TC70% -8.92 - CANALIZACION CON TUBERIA PVC 1""",SUBCONTRATO - S,UNIDAD - UND,043 - 043 - SUBCONTRATO,14725.2,0,14725.2,True,False,EDIER JAFETH MARIOTTA PADILLA,2025-06-12
3443,"CE-2025-TC70% -8.93 - CANALIZACION CON TUBERIA PVC 2""",SUBCONTRATO - S,UNIDAD - UND,043 - 043 - SUBCONTRATO,23064.3,0,23064.3,True,False,EDIER JAFETH MARIOTTA PADILLA,2025-06-12
3444,CE-2025 - POSTE METALICO DE 6M PARA ALUMBRADO PUBLICO - INCLUYE PEDESTAL,MATERIAL - M,UNIDAD - UND,"014 - 014 - INSTALACIONES ELECTRICAS, VOZ Y DATOS",773500.0,19,920465.0,True,False,DIEGO ANDRES RODRIGUEZ RODRIGUEZ,2025-09-22
3445,"CE-2025-TC70% -8.95 - CANALIZACION EN TUBOS DE 1"" PVC Y CABLE # 10AWG PARA CIRCUITOS DE LAMPARAS.",SUBCONTRATO - S,METRO LINEAL - ML,043 - 043 - SUBCONTRATO,9494.1,0,9494.1,True,False,EDIER JAFETH MARIOTTA PADILLA,2025-06-12
3446,CE-2025-TC70% -8.96 - CAJAS DE INSPECCION 40X40 Y PUESTAS A TIERRA,SUBCONTRATO - S,UNIDAD - UND,043 - 043 - SUBCONTRATO,801898.3,0,801898.3,True,False,EDIER JAFETH MARIOTTA PADILLA,2025-06-12
3447,CE-2025 - LAMPARA 60W AP,SUBCONTRATO - S,UNIDAD - UND,043 - 043 - SUBCONTRATO,416998.61,0,416998.61,True,False,HERNAN CAMILO GARCIA CONTRERAS,2025-09-19
3448,CE-2025 - REFLECTOR SYLFLOOD 150W,SUBCONTRATO - S,UNIDAD - UND,043 - 043 - SUBCONTRATO,858714.5,0,858714.5,True,False,HERNAN CAMILO GARCIA CONTRERAS,2025-09-19
3449,CE-2025-TC70% -9.10 - CERCHAS EN TUBO RECTANGULAR DE 100*50*4MM,SUBCONTRATO - S,METRO LINEAL - ML,043 - 043 - SUBCONTRATO,90129.2,0,90129.2,True,False,EDIER JAFETH MARIOTTA PADILLA,2025-06-12
3450,CE-2025-TC70% -9.11 - CERCHAS EN TUBO RECTANGULAR DE 100*50*2MM,SUBCONTRATO - S,METRO LINEAL - ML,043 - 043 - SUBCONTRATO,56179.9,0,56179.9,True,False,EDIER JAFETH MARIOTTA PADILLA,2025-06-12
3451,CE-2025-TC70% -9.12 - CORREAS EN PERFIL METALICO DE 120*60*1.5MM,SUBCONTRATO - S,METRO LINEAL - ML,043 - 043 - SUBCONTRATO,52838.1,0,52838.1,True,False,EDIER JAFETH MARIOTTA PADILLA,2025-06-12
3452,"CE-2025-TC70% -9.13 - TUBO METALICO REDONDO DE 3""*2.5MM",SUBCONTRATO - S,METRO LINEAL - ML,043 - 043 - SUBCONTRATO,61383.7,0,61383.7,True,False,EDIER JAFETH MARIOTTA PADILLA,2025-06-12
3453,CE-2025-TC70% -9.15 - CANAL METALICA DE AGUAS LLUVIAS,SUBCONTRATO - S,METRO LINEAL - ML,043 - 043 - SUBCONTRATO,102204.2,0,102204.2,True,False,EDIER JAFETH MARIOTTA PADILLA,2025-06-12
3454,CE-2025-TC70% -9.16 - MEJORAMIENTO PERIMETRAL EN BLOQUE Y MALLA ESLABONADA,SUBCONTRATO - S,METRO LINEAL - ML,043 - 043 - SUBCONTRATO,299886.3,0,299886.3,True,False,EDIER JAFETH MARIOTTA PADILLA,2025-06-12
3455,CE-2025-TC70% -9.17 - CAJONES DE 0.57*0.31 PARA EXTINTORES,SUBCONTRATO - S,UNIDAD - UND,043 - 043 - SUBCONTRATO,169924.3,0,169924.3,True,False,EDIER JAFETH MARIOTTA PADILLA,2025-06-12
3456,CE-2025-TC70% -9.18 - EXTINTOR,SUBCONTRATO - S,UNIDAD - UND,043 - 043 - SUBCONTRATO,121457.0,0,121457.0,True,False,EDIER JAFETH MARIOTTA PADILLA,2025-06-12
3457,CE-2025-TC70% -9.19 - GUARDA ESCOBAS EN CONCRETO,SUBCONTRATO - S,METRO LINEAL - ML,043 - 043 - SUBCONTRATO,19742.1,0,19742.1,True,False,EDIER JAFETH MARIOTTA PADILLA,2025-06-12
3458,"CE-2025-TC70% -9.20 - BARANDA METALICA EN TUBO CIRCULAR DE 2"" (SEGUN DISENO)",SUBCONTRATO - S,METRO LINEAL - ML,043 - 043 - SUBCONTRATO,425575.5,0,425575.5,True,False,EDIER JAFETH MARIOTTA PADILLA,2025-06-12
3459,CE-2025-TC70% -9.21 - CONSTRUCCION DE APOYO PARA CUBIERTA CON TUBO CUADRADO DE 100*100*3MM DE 3.20 DE ALTURA MAS ANCLAJE EN PLATINA CON PERNOS Y ACCESORIOS DE O.20*0.20 Y ZAPATA DE 1.00*1.00*0.30,SUBCONTRATO - S,UNIDAD - UND,043 - 043 - SUBCONTRATO,982715.3,0,982715.3,True,False,EDIER JAFETH MARIOTTA PADILLA,2025-06-12
3460,"CE-2025-TC70% -9.22 - REPOSICION DE CERRAMIENTO EN LADRILLO, ESTRUCTURA METALICA Y MALLA ESLABONADA",SUBCONTRATO - S,METRO LINEAL - ML,043 - 043 - SUBCONTRATO,504090.3,0,504090.3,True,False,EDIER JAFETH MARIOTTA PADILLA,2025-06-12
3461,CE-2025-TC70% -9.23 - ACCESOS PRINCIPALES,SUBCONTRATO - S,METRO CUADRADO - M2,043 - 043 - SUBCONTRATO,387375.1,0,387375.1,True,False,EDIER JAFETH MARIOTTA PADILLA,2025-06-12
3462,CE-2025-TC70% -9.24 - CONTENEDORES DE RAICES,SUBCONTRATO - S,UNIDAD - UND,043 - 043 - SUBCONTRATO,839916.7,0,839916.7,True,False,EDIER JAFETH MARIOTTA PADILLA,2025-06-12
3463,CE-2025-TC70% -9.25 - PODAS DE RAMAS Y CORTES RADICULARES,SUBCONTRATO - S,UNIDAD - UND,043 - 043 - SUBCONTRATO,158741.8,0,158741.8,True,False,EDIER JAFETH MARIOTTA PADILLA,2025-06-12
3464,CE-2025-TC70% -9.26 - MALLA CONTRA IMPACTO H= 6.00 M,SUBCONTRATO - S,METRO LINEAL - ML,043 - 043 - SUBCONTRATO,57187.9,0,57187.9,True,False,EDIER JAFETH MARIOTTA PADILLA,2025-06-12
3465,CE-2025-TC70% -9.27 - MORTERO CON ESTAMPADO E=0.04M,SUBCONTRATO - S,METRO CUADRADO - M2,043 - 043 - SUBCONTRATO,137054.4,0,137054.4,True,False,EDIER JAFETH MARIOTTA PADILLA,2025-06-12
3466,CE-2025-TC70% -9.28 - BORDILLOS DE CONFINAMIENTOS 0.10*0.45,SUBCONTRATO - S,METRO LINEAL - ML,043 - 043 - SUBCONTRATO,76072.5,0,76072.5,True,False,EDIER JAFETH MARIOTTA PADILLA,2025-06-12
3467,CE-2025-TC70% -9.29 - CERRAMIENTO EN ESTRUCTURA METALICA Y MALLA ESLABONADA,SUBCONTRATO - S,METRO LINEAL - ML,043 - 043 - SUBCONTRATO,372450.4,0,372450.4,True,False,EDIER JAFETH MARIOTTA PADILLA,2025-06-12
3468,"CE-2025-TC70% -9.35 - PLACA PARA TANQUE AEREO E= 0.1 M, CON MALLA ELECTROSOLDADA Y METALDECK",SUBCONTRATO - S,METRO CUADRADO - M2,043 - 043 - SUBCONTRATO,205945.6,0,205945.6,True,False,EDIER JAFETH MARIOTTA PADILLA,2025-06-12
3469,"CE-2025-TC70% -9.37 - MALLA CONTRAIMPACTO METALICA H=5,0 M (SEGUN DISENO), INC.CIMENTACION Y MURO H=1M",SUBCONTRATO - S,METRO LINEAL - ML,043 - 043 - SUBCONTRATO,1717807.0,0,1717807.0,True,False,EDIER JAFETH MARIOTTA PADILLA,2025-06-12
3470,CE-2025-TC70% -9.5 - PEDESTAL CILINDRICO EN CONCRETO REFORZADO DE DIAMETRO DE 0.30*3.20 DE ALTURA,SUBCONTRATO - S,UNIDAD - UND,043 - 043 - SUBCONTRATO,398002.5,0,398002.5,True,False,EDIER JAFETH MARIOTTA PADILLA,2025-06-12
3471,"CE-2025-TC70% -9.7 - RAMPA EN CONCRETO DE 3.000 PSI REFORZADO, E=0.08M (INCLUYE CINTA ANTIDESLIZANTE)",SUBCONTRATO - S,METRO CUADRADO - M2,043 - 043 - SUBCONTRATO,89566.4,0,89566.4,True,False,EDIER JAFETH MARIOTTA PADILLA,2025-06-12
3472,CE-2025-TC70% -9.8 - BORDILLOS DE CONFINAMIENTOS 0.10*0.60,SUBCONTRATO - S,METRO LINEAL - ML,043 - 043 - SUBCONTRATO,93835.0,0,93835.0,True,False,EDIER JAFETH MARIOTTA PADILLA,2025-06-12
3473,"PUNTILLAS CON CABEZA DE HIERRO 2.1/2""",MATERIAL - M,LIBRA - LB,020 - 020 - FERRETERIA MENOR,4216.27,19,5017.36,True,False,DIEGO ANDRES RODRIGUEZ RODRIGUEZ,2025-09-16
3474,"PUNTILLAS CON CABEZA DE HIERRO 2""PULG.",MATERIAL - M,LIBRA - LB,020 - 020 - FERRETERIA MENOR,4258.0,19,5067.02,True,False,DIEGO ANDRES RODRIGUEZ RODRIGUEZ,2025-09-16
3475,LUBRICANTE PVC (500G),MATERIAL - M,UNIDAD - UND,013 - 013 - INSTALACIONES HIDROSANITARIAS,0.0,0,0.0,True,False,,
3476,CINTA DE PELIGRO X 500 MTS,MATERIAL - M,ROLLO - ROLL,020 - 020 - FERRETERIA MENOR,25987.35,19,30924.95,True,False,MARIA PAULA BALLEN MANOSALVA,2026-06-04
3477,PALETA DE SENALIZACION PARE Y SIGA,DOTACION - D,UNIDAD - UND,029 - 029 - SG-SST,26854.33,0,26854.33,True,False,DIEGO ANDRES RODRIGUEZ RODRIGUEZ,2025-07-29
3478,LAMINA DE PVC PARA CIELORRASO 0.25*5.95 M. 7 MM,MATERIAL - M,UNIDAD - UND,004 - 004 - CUBIERTA Y CANALES,24675.34,19,29363.65,True,False,MARIA PAULA BALLEN MANOSALVA,2025-07-29
3479,CORNIZA PVC 5.95 ML,MATERIAL - M,UNIDAD - UND,004 - 004 - CUBIERTA Y CANALES,11248.84,19,13386.12,True,False,MARIA PAULA BALLEN MANOSALVA,2025-07-29
3480,UNION EN H DE PVC CIELO RASO 2.90MT COLOR BLANCO,MATERIAL - M,UNIDAD - UND,004 - 004 - CUBIERTA Y CANALES,14249.96,19,16957.45,True,False,MARIA PAULA BALLEN MANOSALVA,2025-07-29
3481,SP GEOTEXTIL T 2400 ROLLO 3.85*120M,MATERIAL - M,UNIDAD - UND,001 - 001 - ADHESIVOS Y ADITIVOS,1736692.19,19,2066663.71,True,False,HENRY DE JESUS TABORDA ZAPATA,2026-07-24
3482,CANGURO APISONADOR REFERENCIA RM-120 DE 3HP,EQUIPO - E,UNIDAD - UND,022 - 022 - MAQUINARIA Y EQUIPO,4499999.28,0,4499999.28,True,False,,
3483,CALCOMANIA MEDIDA(CM):ANCHO: 80 X ALTO: 50PLOTTEADA EN VRS NARANJA ELMOTIVO: SENAL ENTRADA Y SALIDA DE VOLQUETAS,SEÑALIZACIÓN - Ñ,UNIDAD - UND,037 - 037 - SEÑALIZACION,110000.03,0,110000.03,True,False,,
3484,CORREAS EN PERFIL C METALICO DE 160*60*1.5MM X 6M,MATERIAL - M,UNIDAD - UND,004 - 004 - CUBIERTA Y CANALES,96576.72,19,114926.3,True,False,MARIA PAULA BALLEN MANOSALVA,2025-07-29
3485,PUNTO ECOLOGICO DE 55 LITROS 3 PUESTOS VAIVEN,DOTACION - D,UNIDAD - UND,042 - 042 - AMBIENTAL,362845.88,0,362845.88,True,False,,
3486,"LAMINA DE ETERBOARD 6MM 1,22X2,44",MATERIAL - M,UNIDAD - UND,007 - 007 - PREFABRICADOS EN CONCRETO,68000.0,0,68000.0,True,False,,
3487,"PARAL BASE 9X2,44",MATERIAL - M,UNIDAD - UND,018 - 018 - CARPINTERIA METALICA,12000.0,0,12000.0,True,False,,
3488,PROTECTOR DE VOLTAJE MULTI 110V,MATERIAL - M,UNIDAD - UND,015 - 015 - REDES ELECTRICAS,27000.0,19,32130.0,True,False,DIEGO ANDRES RODRIGUEZ RODRIGUEZ,2025-09-22
3489,TABLAS PARA FORMALETA,MATERIAL - M,UNIDAD - UND,019 - 019 - CARPINTERIA MADERA,25666.67,0,25666.67,True,False,,
3490,"SELLO TUBO ALCANTARILLADO 200MM 8""",MATERIAL - M,UNIDAD - UND,013 - 013 - INSTALACIONES HIDROSANITARIAS,10000.0,0,10000.0,True,False,,
3491,TUBO ALCANTA. CORRUGADO 10,MATERIAL - M,UNIDAD - UND,013 - 013 - INSTALACIONES HIDROSANITARIAS,282700.0,0,282700.0,True,False,,
3492,"TUBO ALCANTARILLADO 8"" * 6MT(200MM)",MATERIAL - M,UNIDAD - UND,013 - 013 - INSTALACIONES HIDROSANITARIAS,195500.0,0,195500.0,True,False,,
3493,STARLINK MINI AC DUAL BAND WI-FI,EQUIPO - E,UNIDAD - UND,022 - 022 - MAQUINARIA Y EQUIPO,808900.0,0,808900.0,True,False,,
3494,PUNTILLA CON CABEZA 2 1/2 X 400 GRS,MATERIAL - M,LIBRA - LB,020 - 020 - FERRETERIA MENOR,4143.09,19,4930.28,True,False,DIEGO ANDRES RODRIGUEZ RODRIGUEZ,2025-09-16
3495,PUNTILLA CON CABEZA 3 X 400 GRS,MATERIAL - M,LIBRA - LB,020 - 020 - FERRETERIA MENOR,5326.01,19,6337.95,True,False,DIEGO ANDRES RODRIGUEZ RODRIGUEZ,2025-09-16
3496,RADIO DE DOS VIAS BAOFENG DF-888S,EQUIPO - E,UNIDAD - UND,028 - 028 - EQUIPOS TECNOLOGICOS,90000.0,0,90000.0,True,False,,
3497,CARETA TRANSPARENTE ESMERILAR,EQUIPO - E,UNIDAD - UND,022 - 022 - MAQUINARIA Y EQUIPO,17492.0,0,17492.0,True,False,,
3498,"CLAVO ESTRIADO VERTICAL 21/2"" ACERO",MATERIAL - M,LIBRA - LB,020 - 020 - FERRETERIA MENOR,8841.42,19,10521.29,True,False,DIEGO ANDRES RODRIGUEZ RODRIGUEZ,2025-09-16
3499,CONO VIAL REFLECTIVO RIGIDO X70CM,SEÑALIZACIÓN - Ñ,UNIDAD - UND,037 - 037 - SEÑALIZACION,44554.0,0,44554.0,True,False,,
3500,BARRA N. 18 LBS,EQUIPO - E,UNIDAD - UND,020 - 020 - FERRETERIA MENOR,77999.25,19,92819.11,True,False,DIEGO ANDRES RODRIGUEZ RODRIGUEZ,2025-09-16
3501,CABO EN MADERA PARA ZAPAPICO,EQUIPO - E,UNIDAD - UND,020 - 020 - FERRETERIA MENOR,7593.0,19,9035.67,True,False,DIEGO ANDRES RODRIGUEZ RODRIGUEZ,2025-09-16
3502,"CABO FINO PARA PALA 1,20 CMS X 38 MM",EQUIPO - E,UNIDAD - UND,020 - 020 - FERRETERIA MENOR,6296.99,19,7493.42,True,False,DIEGO ANDRES RODRIGUEZ RODRIGUEZ,2025-09-16
3503,CABO PARA PALA - PALIN,EQUIPO - E,UNIDAD - UND,020 - 020 - FERRETERIA MENOR,9201.96,19,10950.33,True,False,DIEGO ANDRES RODRIGUEZ RODRIGUEZ,2025-09-16
3504,CARRETILLA PLATON PLASTICOS T/COLOSO BELLOTA-MACHO LLANTA,EQUIPO - E,UNIDAD - UND,020 - 020 - FERRETERIA MENOR,204768.0,19,243673.92,True,False,DIEGO ANDRES RODRIGUEZ RODRIGUEZ,2025-09-16
3505,CLAVIJA AEREA CAUCHO TER P/TIERRA 15 AMP 003,MATERIAL - M,UNIDAD - UND,020 - 020 - FERRETERIA MENOR,5549.99,19,6604.49,True,False,DIEGO ANDRES RODRIGUEZ RODRIGUEZ,2025-09-16
3506,DISCO CORTE EXTRAFINO 4 1/2,MATERIAL - M,UNIDAD - UND,020 - 020 - FERRETERIA MENOR,2100.99,19,2500.18,True,False,DIEGO ANDRES RODRIGUEZ RODRIGUEZ,2025-09-16
3507,"DISCO CORTE EXTRAFINO 7""",MATERIAL - M,UNIDAD - UND,020 - 020 - FERRETERIA MENOR,3710.48,19,4415.47,True,False,DIEGO ANDRES RODRIGUEZ RODRIGUEZ,2025-09-16
3508,"DISCO SIERRA MADERA 7"" T40",MATERIAL - M,UNIDAD - UND,020 - 020 - FERRETERIA MENOR,17761.0,19,21135.59,True,False,DIEGO ANDRES RODRIGUEZ RODRIGUEZ,2025-09-16
3509,PALA REDONDA NO. 2,EQUIPO - E,UNIDAD - UND,020 - 020 - FERRETERIA MENOR,11623.99,19,13832.55,True,False,DIEGO ANDRES RODRIGUEZ RODRIGUEZ,2025-09-16
3510,PALIN HOYADOR,EQUIPO - E,UNIDAD - UND,020 - 020 - FERRETERIA MENOR,11056.99,19,13157.82,True,False,DIEGO ANDRES RODRIGUEZ RODRIGUEZ,2025-09-16
3511,"PULIDORA 4 1/2"" 750 W 120 V",EQUIPO - E,UNIDAD - UND,022 - 022 - MAQUINARIA Y EQUIPO,181283.99,0,181283.99,True,False,,
3512,"PULIDORA ANGULAR 7"" 2400 W",EQUIPO - E,UNIDAD - UND,022 - 022 - MAQUINARIA Y EQUIPO,512775.0,0,512775.0,True,False,,
3513,HOJA DE SEGUETA PARA HIERRO NO.18,MATERIAL - M,UNIDAD - UND,020 - 020 - FERRETERIA MENOR,4080.21,19,4855.45,True,False,DIEGO ANDRES RODRIGUEZ RODRIGUEZ,2025-09-16
3514,TERMO PLASTICO BEBIDA POPOTAMO DE 22 LTS,DOTACION - D,UNIDAD - UND,029 - 029 - SG-SST,273600.04,19,325584.05,True,False,DIEGO ANDRES RODRIGUEZ RODRIGUEZ,2025-07-29
3515,TOMA AEREA CAUCHO TERM.P/TIERRA 15 011,MATERIAL - M,UNIDAD - UND,"014 - 014 - INSTALACIONES ELECTRICAS, VOZ Y DATOS",6700.0,19,7973.0,True,False,DIEGO ANDRES RODRIGUEZ RODRIGUEZ,2025-09-22
3516,ZAPAPICO IMDICO,EQUIPO - E,UNIDAD - UND,020 - 020 - FERRETERIA MENOR,24097.99,19,28676.61,True,False,DIEGO ANDRES RODRIGUEZ RODRIGUEZ,2025-09-16
3517,MAQUINARIA (30 CM X 50 CM),SEÑALIZACIÓN - Ñ,UNIDAD - UND,037 - 037 - SEÑALIZACION,41650.0,0,41650.0,True,False,,
3518,PROHIBIDO EL PASO A PERSONAL NO AUTORIZADO (30 CM X 50 CM),SEÑALIZACIÓN - Ñ,UNIDAD - UND,037 - 037 - SEÑALIZACION,41650.0,0,41650.0,True,False,,
3519,SIO- ENTRADA Y SALIDA DE VOLQUETAS 120 CM X 60 CM,SEÑALIZACIÓN - Ñ,UNIDAD - UND,037 - 037 - SEÑALIZACION,255850.0,0,255850.0,True,False,,
3520,SIO-02 INICIO DE OBRA (PARAL MOVIL TIPO TIJERA) 120 CM X 60 CM,SEÑALIZACIÓN - Ñ,UNIDAD - UND,037 - 037 - SEÑALIZACION,273700.0,0,273700.0,True,False,,
3521,SIO-02 INICIO DE OBRA 120 CM X 60 CM,SEÑALIZACIÓN - Ñ,UNIDAD - UND,037 - 037 - SEÑALIZACION,255850.0,0,255850.0,True,False,,
3522,SPO-02 MAQUINARIA EN LA VIA (PARAL MOVIL TIPO TIJERA) 60 CM X 60 CM,SEÑALIZACIÓN - Ñ,UNIDAD - UND,037 - 037 - SEÑALIZACION,190400.0,0,190400.0,True,False,,
3523,[SPMC4Y] MC4,EQUIPO - E,UNIDAD - UND,026 - 026 - EQUIPOS ESPECIALIZADOS,20000.0,0,20000.0,True,False,,
3524,BATERIA DE GEL GREENPOINT 12V 55AH GP 1300 CICLOS AL 50% DE DOD. 12 MESES DE,MATERIAL - M,UNIDAD - UND,020 - 020 - FERRETERIA MENOR,469000.0,19,558110.0,True,False,DIEGO ANDRES RODRIGUEZ RODRIGUEZ,2025-09-16
3525,CABLE FOTOVOLTAICO 4 MM (METRO) COLOR NEGRO,MATERIAL - M,METRO - M,015 - 015 - REDES ELECTRICAS,7973.0,19,9487.87,True,False,DIEGO ANDRES RODRIGUEZ RODRIGUEZ,2025-09-22
3526,CABLE SOLDADOR # 4,MATERIAL - M,UNIDAD - UND,015 - 015 - REDES ELECTRICAS,33320.0,19,39650.8,True,False,DIEGO ANDRES RODRIGUEZ RODRIGUEZ,2025-09-22
3527,CONTROLADOR SRNE MPPT 30A 12/24 2 ANOS DE GARANTIA POR DEFECTOS DE FABRICA,EQUIPO - E,UNIDAD - UND,026 - 026 - EQUIPOS ESPECIALIZADOS,379000.0,0,379000.0,True,False,,
3528,INVERSOR ONDA PURA BELTTT 12V A 110V 1500W,EQUIPO - E,UNIDAD - UND,026 - 026 - EQUIPOS ESPECIALIZADOS,847000.0,0,847000.0,True,False,,
3529,MC4 (MACHO Y HEMBRA) CONECTORES MC4 MACHO Y HEMBRA,MATERIAL - M,UNIDAD - UND,020 - 020 - FERRETERIA MENOR,7973.0,19,9487.87,True,False,DIEGO ANDRES RODRIGUEZ RODRIGUEZ,2025-09-16
3530,PANEL SOLAR MONOCRISTALINO 450W LUXEN 12 ANOS DE GARANTIA POR DEFECTOS DE,EQUIPO - E,UNIDAD - UND,026 - 026 - EQUIPOS ESPECIALIZADOS,412000.0,0,412000.0,True,False,,
3531,SOLAR DC BREAKER PROJOY 2P (500V) 32A 1 ANO DE GARANTIA POR DEFECTOS DE FABRICA,EQUIPO - E,UNIDAD - UND,026 - 026 - EQUIPOS ESPECIALIZADOS,89250.0,0,89250.0,True,False,,
3532,TERMINAL DE OJO CABLE SOLDADOR #4/0,MATERIAL - M,UNIDAD - UND,020 - 020 - FERRETERIA MENOR,8925.0,19,10620.75,True,False,DIEGO ANDRES RODRIGUEZ RODRIGUEZ,2025-09-16
3533,CE2025-MO GENERAL,SUBCONTRATO - S,UNIDAD - UND,043 - 043 - SUBCONTRATO,1.0,0,1.0,True,False,HERNAN CAMILO GARCIA CONTRERAS,2025-08-19
3534,LAMINA DE METALDECK X6MT C-22,MATERIAL - M,UNIDAD - UND,006 - 006 - CONCRETOS Y MORTEROS,282000.0,19,335580.0,True,False,MARIA PAULA BALLEN MANOSALVA,2025-07-29
3535,"MALLA ELECTROSOLDADA ROLLO 4MM (6MX2,35)",MATERIAL - M,ROLLO - ROLL,003 - 003 - ACEROS Y REFUERZOS METALICO,130764.01,19,155609.17,True,False,MARIA PAULA BALLEN MANOSALVA,2025-07-29
3536,PEGO ENCHAPE GRIS X 25 KG,MATERIAL - M,BULTO - BE,020 - 020 - FERRETERIA MENOR,12740.79,19,15161.54,True,False,DIEGO ANDRES RODRIGUEZ RODRIGUEZ,2025-09-16
3537,WIN METALICO X 6.0 MTS,MATERIAL - M,UNIDAD - UND,009 - 009 - ENCHAPES,17900.28,19,21301.33,True,False,MARIA PAULA BALLEN MANOSALVA,2025-07-29
3538,TUBO HIERRO 100X100 2MM X6MT,MATERIAL - M,UNIDAD - UND,020 - 020 - FERRETERIA MENOR,226980.0,19,270106.2,True,False,DIEGO ANDRES RODRIGUEZ RODRIGUEZ,2025-09-16
3539,"TUBO SANITARIO S/P 2"" X6MT",MATERIAL - M,UNIDAD - UND,013 - 013 - INSTALACIONES HIDROSANITARIAS,20000.0,0,20000.0,True,False,,
3540,PORCELANATO DIAMANTI BATTISTI 60X60 1RA ITALIA,MATERIAL - M,METRO CUADRADO - M2,020 - 020 - FERRETERIA MENOR,45000.0,19,53550.0,True,False,DIEGO ANDRES RODRIGUEZ RODRIGUEZ,2025-09-16
3541,TAPA OIDOS DE INSERCION,DOTACION - D,UNIDAD - UND,029 - 029 - SG-SST,1583.33,19,1884.16,True,False,DIEGO ANDRES RODRIGUEZ RODRIGUEZ,2025-07-29
3542,CHALECO REFLECTIVO NARANJA,DOTACION - D,UNIDAD - UND,029 - 029 - SG-SST,8749.99,19,10412.49,True,False,DIEGO ANDRES RODRIGUEZ RODRIGUEZ,2025-07-29
3543,"LAMINA DE ZINC 3,05 GRUESA",MATERIAL - M,UNIDAD - UND,020 - 020 - FERRETERIA MENOR,34000.0,19,40460.0,True,False,DIEGO ANDRES RODRIGUEZ RODRIGUEZ,2025-09-16
3545,"CE2025-TC-PUERTA METALICA , APERTURA CORREDIZA CON LUCETA EN REJILLA",SUBCONTRATO - S,METRO CUADRADO - M2,043 - 043 - SUBCONTRATO,295000.0,0,295000.0,True,False,,
3546,"CE2025-TC-PUERTA METALICA , APERTURA ABATIBLE CON LUCETA EN REJILLA Y REJA LATERAL",SUBCONTRATO - S,METRO CUADRADO - M2,043 - 043 - SUBCONTRATO,350000.0,0,350000.0,True,False,,
3547,CE2025-TC-VENTANA METALICA CORREDIZA DE 2 HOJAS CON VIDRIO,SUBCONTRATO - S,METRO CUADRADO - M2,043 - 043 - SUBCONTRATO,270000.0,0,270000.0,True,False,,
3548,"CE2025-TC-VENTANA METALICA CORREDIZA DE 3 HOJAS CON VIDRIO, REJILLA SUPERIOR Y REJA DE PROTECCION",SUBCONTRATO - S,METRO CUADRADO - M2,043 - 043 - SUBCONTRATO,360000.0,0,360000.0,True,False,,
3549,CE2025-TC-DIVISIONES EN ACERO INOXIDABLE,SUBCONTRATO - S,METRO CUADRADO - M2,043 - 043 - SUBCONTRATO,530000.0,0,530000.0,True,False,,
3550,CE2025-TC-VENTANA TIPO PERSIANA CON ANGEO EN FIBRA DE VIDRIO,SUBCONTRATO - S,METRO CUADRADO - M2,043 - 043 - SUBCONTRATO,280000.0,0,280000.0,True,False,,
3551,"CS2025-TC-PUERTA METALICA, APERTURA ABATIBLE CON LUCETA EN REJILLA",SUBCONTRATO - S,METRO CUADRADO - M2,043 - 043 - SUBCONTRATO,290000.0,0,290000.0,True,False,,
3552,"CE2025-TC-PUERTA METALICA DOBLE HOJA , APERTURA ABATIBLE CON LUCETA EN REJILLA Y VIDRIO",SUBCONTRATO - S,METRO CUADRADO - M2,043 - 043 - SUBCONTRATO,295000.0,0,295000.0,True,False,HERNAN CAMILO GARCIA CONTRERAS,2025-08-12
3553,CE2025-TC-PUERTA METALICA TIPO ACORDION EN REJAS 50*25*1.1MM Y MARCO SEGUN DISENO,SUBCONTRATO - S,METRO CUADRADO - M2,043 - 043 - SUBCONTRATO,350000.0,0,350000.0,True,False,,
3554,CE2025-TC-VENTANA METALICA ABATIBLE DE 2 HOJA CON REJILLA SUPERIOR,SUBCONTRATO - S,METRO CUADRADO - M2,043 - 043 - SUBCONTRATO,270000.0,0,270000.0,True,False,,
3555,CE2025-TC-VENTANA METALICA ABATIBLE DE 1 HOJA CON REJILLA SUPERIOR,SUBCONTRATO - S,METRO CUBICO - M3,043 - 043 - SUBCONTRATO,270000.0,0,270000.0,True,False,,
3556,CE2025-TC-VENTANA METALICA EN TUBO CON ANGEO DE FIBRA DE VIDRIO,SUBCONTRATO - S,METRO CUADRADO - M2,043 - 043 - SUBCONTRATO,275000.0,0,275000.0,True,False,,
3557,"CE2025-TC-VENTANA METALICA , CORREDIZA DE 3 HOJAS CON VIDRIO Y REJILLA SUPERIOR",SUBCONTRATO - S,METRO CUADRADO - M2,043 - 043 - SUBCONTRATO,268000.0,0,268000.0,True,False,,
3558,"CE2025-TC-PUERTA METALICA, APERTURA ABATIBLE CON LUCETA EN REJILLA Y VIDRIO",SUBCONTRATO - S,METRO CUADRADO - M2,043 - 043 - SUBCONTRATO,295000.0,0,295000.0,True,False,,
3559,"CE2025-PLATINA EN LAMINA HR 1/2"" 20X20CM",SUBCONTRATO - S,UNIDAD - UND,043 - 043 - SUBCONTRATO,30000.0,0,30000.0,True,False,,
3560,"CE2025-PERNO DE ANCLAJE ASTM A 307 DE 1/2"" X 50 CM",SUBCONTRATO - S,UNIDAD - UND,043 - 043 - SUBCONTRATO,21000.0,0,21000.0,True,False,,
3561,CE2025-TC-PUERTA PARA BANO( SEGUN DISENO),SUBCONTRATO - S,METRO CUADRADO - M2,043 - 043 - SUBCONTRATO,290000.0,0,290000.0,True,False,,
3562,CE2025-TC-VENTANA PARA BANO (SEGUN DISENO),SUBCONTRATO - S,METRO CUADRADO - M2,043 - 043 - SUBCONTRATO,270000.0,0,270000.0,True,False,,
3563,CE2025-TUBERIA DE HIERRO CUADRADA ESTRUCTURAL 100X100X4MM,MATERIAL - M,METRO LINEAL - ML,003 - 003 - ACEROS Y REFUERZOS METALICO,90000.0,19,107100.0,True,False,MARIA PAULA BALLEN MANOSALVA,2025-07-29
3564,EMULSION ASFALTICA PARA MANTO EN CALIENTE,CONSUMIBLES - C,GALON - GAL,004 - 004 - CUBIERTA Y CANALES,1.0,19,1.19,True,False,MARIA PAULA BALLEN MANOSALVA,2025-07-29
3565,CE2025-SOLDADURA 7018X1/8 PULG.,CONSUMIBLES - C,KILOGRAMO - KG,003 - 003 - ACEROS Y REFUERZOS METALICO,20000.0,19,23800.0,True,False,MARIA PAULA BALLEN MANOSALVA,2025-07-29
3566,CE2025-PERFIL METALICO ESTRUCTURAL DE 100*50*4MM,MATERIAL - M,METRO LINEAL - ML,003 - 003 - ACEROS Y REFUERZOS METALICO,50000.0,19,59500.0,True,False,MARIA PAULA BALLEN MANOSALVA,2025-07-29
3567,CE205-TUBO RECTANGULAR EN PERFIL METALICO DE 50*25*1.1MM,ATENCIÓN EMERGENCIA - A,METRO LINEAL - ML,003 - 003 - ACEROS Y REFUERZOS METALICO,7000.0,19,8330.0,True,False,MARIA PAULA BALLEN MANOSALVA,2025-07-29
3568,CE2025-VENTANA EN REJA METALICA,SUBCONTRATO - S,METRO CUADRADO - M2,043 - 043 - SUBCONTRATO,210000.0,0,210000.0,True,False,,
3569,CE2025-TUBO RECTANGULAR ESTRUCTURAL 120X60X2MM -6M,MATERIAL - M,UNIDAD - UND,003 - 003 - ACEROS Y REFUERZOS METALICO,160030.01,19,190435.71,True,False,HERNAN CAMILO GARCIA CONTRERAS,2025-08-28
3570,CE2025-ANTICORROSIVO,CONSUMIBLES - C,GALON - GAL,017 - 017 - ACABADOS Y PINTURA,49005.0,19,58315.95,True,False,DIEGO ANDRES RODRIGUEZ RODRIGUEZ,2025-09-15
3571,CE2025-TUBO RECTANGULAR ESTRUCTURAL 200*100*4MM,MATERIAL - M,METRO LINEAL - ML,003 - 003 - ACEROS Y REFUERZOS METALICO,115000.0,19,136850.0,True,False,MARIA PAULA BALLEN MANOSALVA,2025-07-29
3572,"REDUCCION SANITARIA 4""X2""",MATERIAL - M,UNIDAD - UND,013 - 013 - INSTALACIONES HIDROSANITARIAS,4393.16,0,4393.16,True,False,,
3573,PEGANTE PVC 1/32 GALON,CONSUMIBLES - C,UNIDAD - UND,001 - 001 - ADHESIVOS Y ADITIVOS,6848.0,19,8149.12,True,False,DIEGO ANDRES RODRIGUEZ RODRIGUEZ,2025-07-29
3574,CEMENTO BLANCO X 20KG,MATERIAL - M,UNIDAD - UND,001 - 001 - ADHESIVOS Y ADITIVOS,43751.97,0,43751.97,True,False,ALISON CAMILA BENAVIDES RIVERA,2026-06-30
3575,CE2025-TUBERIA ACERO ESTRUCTURAL 4X2 PULG,MATERIAL - M,METRO LINEAL - ML,003 - 003 - ACEROS Y REFUERZOS METALICO,89267.12,19,106227.87,True,False,HERNAN CAMILO GARCIA CONTRERAS,2025-09-05
3576,CE2025-SOLDADURA 6013 X1/8 PULG.,CONSUMIBLES - C,KILOGRAMO - KG,003 - 003 - ACEROS Y REFUERZOS METALICO,13886.48,19,16524.91,True,False,MARIA PAULA BALLEN MANOSALVA,2025-07-29
3577,COMBO SANITARIO BLANCO CON INCRUSTACIONES POR 5 PIEZAS),MATERIAL - M,UNIDAD - UND,011 - 011 - GRIFERIA Y APARATOS HIDROSANITARIOS,365781.94,0,365781.94,True,False,DIEGO ANDRES RODRIGUEZ RODRIGUEZ,2026-07-31
3578,SANITARIO BLANCO AHORRADOR - CON GRIFERIA DE DESAGUE,MATERIAL - M,UNIDAD - UND,011 - 011 - GRIFERIA Y APARATOS HIDROSANITARIOS,245479.82,0,245479.82,True,False,,
3579,MANGUERA PARA SANITARIO,MATERIAL - M,UNIDAD - UND,011 - 011 - GRIFERIA Y APARATOS HIDROSANITARIOS,2903.22,0,2903.22,True,False,,
3580,CE2025-TUBERIA RECTANGULAR DE 3X1+1/2 PULG.CAL.18,MATERIAL - M,METRO LINEAL - ML,004 - 004 - CUBIERTA Y CANALES,8149.51,19,9697.92,True,False,HERNAN CAMILO GARCIA CONTRERAS,2025-09-05
3581,LAVAMANOS BLANCO SENCILLO DE SOBRE PONER,MATERIAL - M,UNIDAD - UND,011 - 011 - GRIFERIA Y APARATOS HIDROSANITARIOS,1.0,0,1.0,True,False,,
3582,GRIFERIA PARA LAVAMANOS - LINEA ECONOMICA,MATERIAL - M,UNIDAD - UND,011 - 011 - GRIFERIA Y APARATOS HIDROSANITARIOS,19569.28,0,19569.28,True,False,,
3583,CANASTILLA DE DESAGUE PARA LAVAMANOS,MATERIAL - M,UNIDAD - UND,011 - 011 - GRIFERIA Y APARATOS HIDROSANITARIOS,6709.12,0,6709.12,True,False,,
3584,TUBO PARA CORTINA X 6 ML,MATERIAL - M,UNIDAD - UND,020 - 020 - FERRETERIA MENOR,28420.71,19,33820.64,True,False,DIEGO ANDRES RODRIGUEZ RODRIGUEZ,2025-09-16
3585,BOMBILLO LED 30 W,CONSUMIBLES - C,UNIDAD - UND,"014 - 014 - INSTALACIONES ELECTRICAS, VOZ Y DATOS",10629.04,19,12648.56,True,False,DIEGO ANDRES RODRIGUEZ RODRIGUEZ,2025-09-15
3586,"RODILLO DE FELPA 9""",MATERIAL - M,UNIDAD - UND,020 - 020 - FERRETERIA MENOR,6655.35,19,7919.87,True,False,DIEGO ANDRES RODRIGUEZ RODRIGUEZ,2025-09-16
3587,"DISCO ABRASIVO CORTE METAL 4-1/2"" X 1 MM",MATERIAL - M,UNIDAD - UND,020 - 020 - FERRETERIA MENOR,1860.78,19,2214.33,True,False,DIEGO ANDRES RODRIGUEZ RODRIGUEZ,2025-09-16
3588,TABLA BURRA DE 3CM X 30 CM X 3 MTS,MATERIAL - M,UNIDAD - UND,019 - 019 - CARPINTERIA MADERA,31515.06,0,31515.06,True,False,,
3589,"BUJE PARA LAVAPLATOS 2"" X 1-1/4""",MATERIAL - M,UNIDAD - UND,013 - 013 - INSTALACIONES HIDROSANITARIAS,1857.01,0,1857.01,True,False,,
3590,"CHAZOS 3/8"" PLASTICOS",MATERIAL - M,UNIDAD - UND,020 - 020 - FERRETERIA MENOR,203.64,19,242.33,True,False,DIEGO ANDRES RODRIGUEZ RODRIGUEZ,2025-09-16
3591,"TORNILLO GOLOSO PARA CHAZO 3/8""",CONSUMIBLES - C,UNIDAD - UND,020 - 020 - FERRETERIA MENOR,117.03,19,139.27,True,False,DIEGO ANDRES RODRIGUEZ RODRIGUEZ,2025-09-15
3592,"TIJERA PARA CORTE DE METAL 10"" RECTA",EQUIPO - E,UNIDAD - UND,020 - 020 - FERRETERIA MENOR,28374.94,19,33766.18,True,False,DIEGO ANDRES RODRIGUEZ RODRIGUEZ,2025-09-16
3593,BISTURI INDUSTRIAL,EQUIPO - E,UNIDAD - UND,020 - 020 - FERRETERIA MENOR,8183.32,19,9738.15,True,False,DIEGO ANDRES RODRIGUEZ RODRIGUEZ,2025-09-16
3594,COPA PARA TALADRO 5/16,CONSUMIBLES - C,UNIDAD - UND,020 - 020 - FERRETERIA MENOR,3612.07,19,4298.36,True,False,DIEGO ANDRES RODRIGUEZ RODRIGUEZ,2025-09-15
3595,FLEXOMETRO (8M),EQUIPO - E,UNIDAD - UND,020 - 020 - FERRETERIA MENOR,22604.13,19,26898.91,True,False,MARIA PAULA BALLEN MANOSALVA,2025-07-28
3596,CE2025-PISO EPDM 2 CM DE ESPESOR,MATERIAL - M,METRO CUADRADO - M2,006 - 006 - CONCRETOS Y MORTEROS,221937.29,19,264105.38,True,False,MARIA PAULA BALLEN MANOSALVA,2025-07-29
3597,CE2025-TC-BANCAS FABRICADAS EN SITIO,SUBCONTRATO - S,UNIDAD - UND,043 - 043 - SUBCONTRATO,340000.0,0,340000.0,True,False,,
3598,CE2025-CESPED SINTETICO ESPESOR 20 MM,MATERIAL - M,METRO CUADRADO - M2,009 - 009 - ENCHAPES,53517.83,19,63686.22,True,False,MARIA PAULA BALLEN MANOSALVA,2025-07-29
3599,CE2025-TC-MALLA CONTRAIMPACTO METALICA H=5,SUBCONTRATO - S,METRO LINEAL - ML,043 - 043 - SUBCONTRATO,1500000.0,0,1500000.0,True,False,,
3600,ESTIBAS DE MADERA,MATERIAL - M,UNIDAD - UND,019 - 019 - CARPINTERIA MADERA,31031.75,0,31031.75,True,False,,
3601,"DISCO CORTE METAL 4""",MATERIAL - M,UNIDAD - UND,020 - 020 - FERRETERIA MENOR,4009.19,19,4770.94,True,False,DIEGO ANDRES RODRIGUEZ RODRIGUEZ,2025-09-16
3602,"DISCO CORTE SEGMENTADO DIAMANTADO 7"" (CONCRETO-LADRILLO)",MATERIAL - M,UNIDAD - UND,020 - 020 - FERRETERIA MENOR,18055.75,19,21486.34,True,False,DIEGO ANDRES RODRIGUEZ RODRIGUEZ,2025-09-16
3603,NYLON ALBANIL,MATERIAL - M,METRO - M,020 - 020 - FERRETERIA MENOR,5491.13,19,6534.44,True,False,HENRY DE JESUS TABORDA ZAPATA,2026-08-02
3604,PEGANTE PVC 1/4 MG,MATERIAL - M,UNIDAD - UND,012 - 012 - INSTALACIONES HIDRAULICAS,32904.05,0,32904.05,True,False,,
3605,BOTA PVC CON PUNTERA,DOTACION - D,UNIDAD - UND,029 - 029 - SG-SST,66750.0,19,79432.5,True,False,DIEGO ANDRES RODRIGUEZ RODRIGUEZ,2025-07-29
3606,IMPERMEABLE 2 PIEZAS - AMARILLO,DOTACION - D,UNIDAD - UND,029 - 029 - SG-SST,46000.0,19,54740.0,True,False,DIEGO ANDRES RODRIGUEZ RODRIGUEZ,2025-07-29
3607,PENDON EN BANNER CON OJALES MEDIDA (CM): ANCHO: 800 X ALTO: 400 VELOCIDAD IMPRESION: RAPIDA OJALES: CADA 20 CM SI INCLUYE: DIAGRAMACION MOTIVO: VALLA INFORMATIVA,DOTACION - D,UNIDAD - UND,029 - 029 - SG-SST,1150000.0,19,1368500.0,True,False,DIEGO ANDRES RODRIGUEZ RODRIGUEZ,2025-07-29
3608,"LAVAPLATOS EN ACERO INOXIDABLE 1X0,5 M",MATERIAL - M,UNIDAD - UND,011 - 011 - GRIFERIA Y APARATOS HIDROSANITARIOS,117894.0,0,117894.0,True,False,,
3609,CABALLETE UPVC BLANCO 0.45X1.05 M E=2.2MM,MATERIAL - M,UNIDAD - UND,004 - 004 - CUBIERTA Y CANALES,26500.0,19,31535.0,True,False,MARIA PAULA BALLEN MANOSALVA,2025-07-29
3610,TUBERIA PVC CORRUG. ALC. 200 MM(8 PULG.),MATERIAL - M,METRO LINEAL - ML,013 - 013 - INSTALACIONES HIDROSANITARIAS,0.0,0,0.0,True,False,,
3611,ADHESIVO DURAFORT 1/4 GLN,MATERIAL - M,UNIDAD - UND,013 - 013 - INSTALACIONES HIDROSANITARIAS,0.0,0,0.0,True,False,,
3612,"TUBO DE COBRE L 1""",MATERIAL - M,METRO LINEAL - ML,011 - 011 - GRIFERIA Y APARATOS HIDROSANITARIOS,0.0,0,0.0,True,False,,
3613,"MANGUERA DE GAS AMARILLA PE 16 1/2""",MATERIAL - M,METRO LINEAL - ML,011 - 011 - GRIFERIA Y APARATOS HIDROSANITARIOS,0.0,0,0.0,True,False,,
3614,PLASTICO NEGRO X4MTR X100MTR C-6,MATERIAL - M,ROLLO - ROLL,020 - 020 - FERRETERIA MENOR,462672.0,19,550579.68,True,False,DIEGO ANDRES RODRIGUEZ RODRIGUEZ,2025-09-16
3615,MOTOBOMBA TOYAMA DIESEL XP TDWP50CXP 2X2 7HP,EQUIPO - E,UNIDAD - UND,022 - 022 - MAQUINARIA Y EQUIPO,1800000.0,0,1800000.0,True,False,,
3616,"MANGUERA SUCCION 2""X6""MT",MATERIAL - M,METRO - M,013 - 013 - INSTALACIONES HIDROSANITARIAS,280000.0,0,280000.0,True,False,,
3617,"MANGUERA PLANA TIPO BOMBERO 2""",EQUIPO - E,METRO - M,013 - 013 - INSTALACIONES HIDROSANITARIAS,9000.0,0,9000.0,True,False,DIEGO ANDRES RODRIGUEZ RODRIGUEZ,2025-06-24
3618,"ACOPLE MACHO ALUMINIO 2""",MATERIAL - M,UNIDAD - UND,013 - 013 - INSTALACIONES HIDROSANITARIAS,30000.0,0,30000.0,True,False,,
3619,"CHEQUE PIE NAPOLI 2""",MATERIAL - M,UNIDAD - UND,013 - 013 - INSTALACIONES HIDROSANITARIAS,180000.0,0,180000.0,True,False,,
3620,TERPEL ULTEK 50 MONO,MATERIAL - M,UNIDAD - UND,013 - 013 - INSTALACIONES HIDROSANITARIAS,21000.0,0,21000.0,True,False,,
3621,SIKA ANTISOL BLANCO X20KG,MATERIAL - M,UNIDAD - UND,020 - 020 - FERRETERIA MENOR,274934.61,19,327172.19,True,False,DIEGO ANDRES RODRIGUEZ RODRIGUEZ,2025-09-16
3622,SIKADUR PRIMER 32 X1KG,MATERIAL - M,UNIDAD - UND,020 - 020 - FERRETERIA MENOR,186811.0,19,222305.09,True,False,DIEGO ANDRES RODRIGUEZ RODRIGUEZ,2025-09-16
3623,TUBO DE HIERRO 4X4 ESTRUCTURAL,MATERIAL - M,UNIDAD - UND,003 - 003 - ACEROS Y REFUERZOS METALICO,200000.0,19,238000.0,True,False,MARIA PAULA BALLEN MANOSALVA,2025-07-29
3624,MANGUERA PARA LAVAMANOS,MATERIAL - M,UNIDAD - UND,003 - 003 - ACEROS Y REFUERZOS METALICO,2028.8,19,2414.27,True,False,MARIA PAULA BALLEN MANOSALVA,2025-07-29
3625,"TELA LONA VERDE 2,10X100 M 65 GRS",MATERIAL - M,ROLLO - ROLL,020 - 020 - FERRETERIA MENOR,195837.29,19,233046.38,True,False,DIEGO ANDRES RODRIGUEZ RODRIGUEZ,2025-09-16
3626,MANO DE OBRA - CONSORCIO M&G,SUBCONTRATO - S,UNIDAD - UND,043 - 043 - SUBCONTRATO,1.0,0,1.0,True,False,,
3627,"TUBERIA SANITARIA 3"" SEMIPESADA X6M",MATERIAL - M,UNIDAD - UND,013 - 013 - INSTALACIONES HIDROSANITARIAS,41689.07,0,41689.07,True,False,,
3629,CE2025-MO-EL FUTURO DE LOS NINOS,SUBCONTRATO - S,UNIDAD - UND,043 - 043 - SUBCONTRATO,1.0,0,1.0,True,False,,
3630,CE2025-MO-ELECTRICA-BOCAS DEL CARANAL,SUBCONTRATO - S,UNIDAD - UND,043 - 043 - SUBCONTRATO,1.0,0,1.0,True,False,EDIER JAFETH MARIOTTA PADILLA,2025-07-11
3631,MO VILLA HERMOSA,SUBCONTRATO - S,UNIDAD - UND,043 - 043 - SUBCONTRATO,1.0,0,1.0,True,False,,
3632,MO ELECTRICA VILLA HERMOSA,SUBCONTRATO - S,UNIDAD - UND,043 - 043 - SUBCONTRATO,1.0,0,1.0,True,False,,
3633,CARPINTERIA METALICA - CONSORCIO M&G,SUBCONTRATO - S,UNIDAD - UND,043 - 043 - SUBCONTRATO,1.0,0,1.0,True,False,,
3634,VISITA DE CATEGORIZACION,SUBCONTRATO - S,UNIDAD - UND,043 - 043 - SUBCONTRATO,1.0,0,1.0,True,False,,
3635,ELABORACION DE DIAGNOSTICO,SUBCONTRATO - S,UNIDAD - UND,043 - 043 - SUBCONTRATO,1.0,0,1.0,True,False,MARIA PAULA BALLEN MANOSALVA,2025-06-18
3636,CE-2025-FERRETERIA MENOR,EQUIPO - E,UNIDAD - UND,020 - 020 - FERRETERIA MENOR,1.0,19,1.19,True,False,DIEGO ANDRES RODRIGUEZ RODRIGUEZ,2025-09-16
3637,ARRIENDO DE VIVIENDA - CE2025,SERVICIOS - Q,MES - MS,035 - 035 - ARRIENDOS,1.0,0,1.0,True,False,,
3638,UND MANO DE OBRA - MEJORAMIENTO VIVIENDA,SUBCONTRATO - S,UNIDAD - UND,043 - 043 - SUBCONTRATO,1.0,0,1.0,True,False,LUIS FERNANDO CAMPO ACOSTA,2025-06-18
3639,ML MANO DE OBRA - MEJORAMIENTO VIVIENDA,SUBCONTRATO - S,METRO LINEAL - ML,043 - 043 - SUBCONTRATO,1.0,0,1.0,True,False,LUIS FERNANDO CAMPO ACOSTA,2025-06-18
3640,M2 MANO DE OBRA - MEJORAMIENTO VIVIENDA,SUBCONTRATO - S,METRO CUADRADO - M2,043 - 043 - SUBCONTRATO,1.0,0,1.0,True,False,,
3641,M3 MANO DE OBRA - MEJORAMIENTO VIVIENDA,SUBCONTRATO - S,METRO CUBICO - M3,043 - 043 - SUBCONTRATO,1.0,0,1.0,True,False,,
3642,GASOLINA,CONSUMIBLES - C,GALON - GAL,023 - 023 - TRANSPORTE,1.0,19,1.19,True,False,DIEGO ANDRES RODRIGUEZ RODRIGUEZ,2025-09-15
3643,DIESEL,CONSUMIBLES - C,GALON - GAL,023 - 023 - TRANSPORTE,1.0,19,1.19,True,False,DIEGO ANDRES RODRIGUEZ RODRIGUEZ,2025-09-15
3644,"TUBERIA PVC PRESION 13.5 - 1/2"" X 6M",MATERIAL - M,UNIDAD - UND,012 - 012 - INSTALACIONES HIDRAULICAS,10456.85,0,10456.85,True,False,LUIS FERNANDO CAMPO ACOSTA,2025-06-24
3645,"ADAPATADOR MACHO 1/2"" - PVC PRESION",MATERIAL - M,UNIDAD - UND,012 - 012 - INSTALACIONES HIDRAULICAS,241.57,0,241.57,True,False,,
3646,MANO DE OBRA (UNAL),HONORARIOS - H,UNIDAD - UND,025 - 025 - PERSONAL ADMINISTRATIVO,0.0,0,0.0,True,False,,
3647,REEMBOLSO,MATERIAL - M,UNIDAD - UND,020 - 020 - FERRETERIA MENOR,0.0,19,0.0,True,False,DIEGO ANDRES RODRIGUEZ RODRIGUEZ,2025-09-16
3648,SUMINISTRO PLATINAS Y PERNOS,SUBCONTRATO - S,UNIDAD - UND,043 - 043 - SUBCONTRATO,1.0,0,1.0,True,False,,
3649,SUMINISTRO DE COMBUSTIBLE - CE-2025,SUBCONTRATO - S,UNIDAD - UND,043 - 043 - SUBCONTRATO,1.0,0,1.0,True,False,,
3650,FORMALETA DE MADERA,EQUIPO - E,UNIDAD - UND,022 - 022 - MAQUINARIA Y EQUIPO,0.0,0,0.0,True,False,,
3651,MANTENIMIENTO DE BANO PORTATIL,SERVICIOS - Q,UNIDAD - UND,034 - 034 - MANTENIMIENTO,0.0,0,0.0,True,False,,
3652,PEGANTE PVC PEQUENO,MATERIAL - M,UNIDAD - UND,012 - 012 - INSTALACIONES HIDRAULICAS,5894.32,0,5894.32,True,False,,
3653,"TUBIERIA SANITARIA 2""",MATERIAL - M,METRO LINEAL - ML,012 - 012 - INSTALACIONES HIDRAULICAS,1.0,0,1.0,True,False,,
3654,"REDUCCION 4""X3""",MATERIAL - M,UNIDAD - UND,012 - 012 - INSTALACIONES HIDRAULICAS,4857.18,0,4857.18,True,False,,
3655,"TUBIERIA SANITARIA 3"" X 6M",MATERIAL - M,UNIDAD - UND,012 - 012 - INSTALACIONES HIDRAULICAS,30196.29,0,30196.29,True,False,LUIS FERNANDO CAMPO ACOSTA,2025-06-24
3656,"TUBIERIA SANITARIA 4"" X 6M",MATERIAL - M,UNIDAD - UND,012 - 012 - INSTALACIONES HIDRAULICAS,43300.18,0,43300.18,True,False,LUIS FERNANDO CAMPO ACOSTA,2025-06-24
3657,"REJILLA DE 4""X3"" PLASTICA",MATERIAL - M,UNIDAD - UND,013 - 013 - INSTALACIONES HIDROSANITARIAS,4739.65,0,4739.65,True,False,,
3658,"TUBERIA CONDUIT 1/2"" X 3M",MATERIAL - M,UNIDAD - UND,015 - 015 - REDES ELECTRICAS,3268.14,19,3889.09,True,False,DIEGO ANDRES RODRIGUEZ RODRIGUEZ,2025-09-22
3659,CAJA RECTANGULAR 4X2 PVC,MATERIAL - M,UNIDAD - UND,015 - 015 - REDES ELECTRICAS,829.08,19,986.61,True,False,DIEGO ANDRES RODRIGUEZ RODRIGUEZ,2025-09-22
3660,ALAMBRE #12,MATERIAL - M,METRO LINEAL - ML,020 - 020 - FERRETERIA MENOR,2249.25,19,2676.61,True,False,DIEGO ANDRES RODRIGUEZ RODRIGUEZ,2025-09-16
3661,"FORMALETA PARA PLACA (PARALES, CAMILLAS, CERCHAS)",EQUIPO - E,Porcentaje - %,022 - 022 - MAQUINARIA Y EQUIPO,0.0,0,0.0,True,False,,
3662,FORMALETA METALICA MODULAR,MATERIAL - M,UNIDAD - UND,022 - 022 - MAQUINARIA Y EQUIPO,0.0,0,0.0,True,False,,
3663,VARILLA 1/2 FERRETETERIA CABANAS,MATERIAL - M,UNIDAD - UND,003 - 003 - ACEROS Y REFUERZOS METALICO,1.0,19,1.19,True,False,MARIA PAULA BALLEN MANOSALVA,2025-07-29
3664,ENCHAPE DE PISO CALIDAD PRIMERA (MIN 45 X 45 CM) REF. CONTRADANZA,MATERIAL - M,METRO CUADRADO - M2,009 - 009 - ENCHAPES,21920.02,19,26084.82,True,False,MARIA PAULA BALLEN MANOSALVA,2026-05-19
3665,ENCHAPE ANTIDESLIZNTE (MEDIDA MINIMA 57X57 CM),MATERIAL - M,METRO CUADRADO - M2,009 - 009 - ENCHAPES,25920.97,19,30845.95,True,False,MARIA PAULA BALLEN MANOSALVA,2025-07-29
3666,ENCHAPE DE PARED (MEDIDA MINIMA 20.5 X 20.5 CM),MATERIAL - M,METRO CUADRADO - M2,009 - 009 - ENCHAPES,25787.19,19,30686.76,True,False,MARIA PAULA BALLEN MANOSALVA,2026-05-05
3667,PUERTAS EN CARPINTERIA MADERA CON INSTALACION,SUBCONTRATO - S,UNIDAD - UND,019 - 019 - CARPINTERIA MADERA,1.0,0,1.0,True,False,,
3668,GRIFERIA DUCHA TIPO ECONOMICA CON MEZCLADOR Y MONOCONTROL,MATERIAL - M,UNIDAD - UND,011 - 011 - GRIFERIA Y APARATOS HIDROSANITARIOS,144863.46,0,144863.46,True,False,YEFERSON ELIAS DUARTE NIEVES,2025-08-08
3669,CAJA OCTOGONAL EMT,MATERIAL - M,UNIDAD - UND,015 - 015 - REDES ELECTRICAS,1957.55,19,2329.48,True,False,DIEGO ANDRES RODRIGUEZ RODRIGUEZ,2025-09-22
3670,CAJA OCTAGONAL PVC SCH40,MATERIAL - M,UNIDAD - UND,015 - 015 - REDES ELECTRICAS,817.77,19,973.15,True,False,DIEGO ANDRES RODRIGUEZ RODRIGUEZ,2025-09-22
3671,CAJA PARA MEDIDOR BIFASICO CON ESPACIO PARA TOTALIZADOR PARA FIJAR EN POSTE,MATERIAL - M,UNIDAD - UND,015 - 015 - REDES ELECTRICAS,139999.93,19,166599.92,True,False,DIEGO ANDRES RODRIGUEZ RODRIGUEZ,2025-09-22
3672,GRIFERIA PARA LAVAPLATOS TIPO ECONOMICA CON MEZCLADOR Y MONOCONTROL,MATERIAL - M,UNIDAD - UND,011 - 011 - GRIFERIA Y APARATOS HIDROSANITARIOS,32618.1,0,32618.1,True,False,YEFERSON ELIAS DUARTE NIEVES,2025-08-08
3673,"PUERTA PARA BANO PUERTA PARA BANO (CON MARCO) 0,60-0,80 M X 1,90-2,10 M EN LAMINA COLD ROLLED CALIBRE 18 (INCLUYE ADECUACION DE VANO, CERRADURA DE POMO, BISAGRAS, ANTICORROSIVO Y PINTURA ESMALTE))",SUBCONTRATO - S,UNIDAD - UND,018 - 018 - CARPINTERIA METALICA,1.0,0,1.0,True,False,LUIS FERNANDO CAMPO ACOSTA,2025-06-19
3674,"PUERTA EXTERIOR (CON MARCO) 0,60-0,80 M X 1,90-2,10 M EN LAMINA COLD ROLLED CALIBRE 18 INCLUYE ADECUACION DE VANO, CERRADURA DE SOBREPONER 2 PASADORES, BISAGRAS, ANTICORROSIVO Y PINTURA ESMALTEE",SUBCONTRATO - S,UNIDAD - UND,018 - 018 - CARPINTERIA METALICA,1.0,0,1.0,True,False,LUIS FERNANDO CAMPO ACOSTA,2025-06-19
3675,"PUERTA EXTERIOR (CON MARCO) 0,90 X 2,20 M EN LAMINA COLD ROLLED CALIBRE 18 INCLUYE ADECUACION DE VANO, CERRADURA DE SOBREPONER 2 PASADORES, ANTICORROSIVO NEGRO MATE",SUBCONTRATO - S,METRO CUADRADO - M2,018 - 018 - CARPINTERIA METALICA,1.0,0,1.0,True,False,MARIA PAULA BALLEN MANOSALVA,2026-05-13
3676,"VENTANA CORREDERA, ALUMINIO CRUDO CALIBRE 16 (INCLUYE ADECUACION DE VANO, VIDRIO 4MM Y CIERRE)",SUBCONTRATO - S,METRO CUADRADO - M2,018 - 018 - CARPINTERIA METALICA,1.0,0,1.0,True,False,LUIS FERNANDO CAMPO ACOSTA,2025-06-19
3677,"VENTANA CORREDERA, LAMINA COLD ROLLED CALIBRE 16 (INCLUYE ADECUACION DEL VANO, VIDRIO 4 MM, ANTICORROSIVO Y PINTURA)",SUBCONTRATO - S,METRO CUADRADO - M2,018 - 018 - CARPINTERIA METALICA,1.0,0,1.0,True,False,LUIS FERNANDO CAMPO ACOSTA,2025-06-19
3678,"TEJA ARQUITECTONICA PREPINTADA CALIBRE 30, ESPESOR E=0,3 MM 1X3MTS",MATERIAL - M,UNIDAD - UND,004 - 004 - CUBIERTA Y CANALES,1.0,19,1.19,True,False,MARIA PAULA BALLEN MANOSALVA,2025-07-29
3679,"TEJA ARQUITECTONICA PREPINTADA CALIBRE 30, ESPESOR E=0,3 MM 1X 4MTS",MATERIAL - M,UNIDAD - UND,004 - 004 - CUBIERTA Y CANALES,62142.86,19,73950.0,True,False,MARIA PAULA BALLEN MANOSALVA,2025-07-29
3680,"TEJA ARQUITECTONICA PREPINTADA CALIBRE 30, ESPESOR E=0,3 MM 1X3.40 MTS",MATERIAL - M,UNIDAD - UND,004 - 004 - CUBIERTA Y CANALES,99999.93,19,118999.92,True,False,MARIA PAULA BALLEN MANOSALVA,2025-07-29
3681,"TEJA ARQUITECTONICA PREPINTADA CALIBRE 30, ESPESOR E=0,3 MM 1X4,30 MTS",MATERIAL - M,UNIDAD - UND,004 - 004 - CUBIERTA Y CANALES,134999.88,19,160649.86,True,False,MARIA PAULA BALLEN MANOSALVA,2025-07-29
3682,"TEJA ARQUITECTONICA PREPINTADA CALIBRE 30, ESPESOR E=0,3 MM 1X5,40 MTS",MATERIAL - M,UNIDAD - UND,004 - 004 - CUBIERTA Y CANALES,100000.0,19,119000.0,True,False,MARIA PAULA BALLEN MANOSALVA,2025-07-29
3683,"TEJA ARQUITECTONICA PREPINTADA CALIBRE 30, ESPESOR E=0,3 MM 1X5,60 MTS",MATERIAL - M,UNIDAD - UND,004 - 004 - CUBIERTA Y CANALES,86800.0,19,103292.0,True,False,MARIA PAULA BALLEN MANOSALVA,2025-07-29
3684,"TEJA ARQUITECTONICA PREPINTADA CALIBRE 30, ESPESOR E=0,3 MM 1X5,80 MTS",MATERIAL - M,UNIDAD - UND,004 - 004 - CUBIERTA Y CANALES,1.0,19,1.19,True,False,MARIA PAULA BALLEN MANOSALVA,2025-07-29
3685,"TEJA ARQUITECTONICA PREPINTADA CALIBRE 30, ESPESOR E=0,3 MM 1X6 MTS.",MATERIAL - M,UNIDAD - UND,004 - 004 - CUBIERTA Y CANALES,100000.0,19,119000.0,True,False,MARIA PAULA BALLEN MANOSALVA,2025-07-29
3686,LAMINA DE CIELO RASO PVC 290X30CM ESPESOR 7MM,MATERIAL - M,UNIDAD - UND,004 - 004 - CUBIERTA Y CANALES,15000.0,19,17850.0,True,False,MARIA PAULA BALLEN MANOSALVA,2025-07-29
3687,ALAMBRE NEGRO X 25KG,MATERIAL - M,ROLLO - ROLL,020 - 020 - FERRETERIA MENOR,144905.05,19,172437.01,True,False,DIEGO ANDRES RODRIGUEZ RODRIGUEZ,2025-09-16
3688,"TUBERIA SANITARIA 4"" X 6M",MATERIAL - M,UNIDAD - UND,012 - 012 - INSTALACIONES HIDRAULICAS,56610.0,0,56610.0,True,False,,
3689,CINTA AISLANTE NEGRA 19MM X 18M,MATERIAL - M,UNIDAD - UND,"014 - 014 - INSTALACIONES ELECTRICAS, VOZ Y DATOS",4157.72,19,4947.69,True,False,DIEGO ANDRES RODRIGUEZ RODRIGUEZ,2025-09-22
3690,PERFIL EN TUBO RECTANGULAR PTE 120 MM X 60 MM DE ESPESOR E=2 MM X 6M,MATERIAL - M,UNIDAD - UND,004 - 004 - CUBIERTA Y CANALES,160000.0,19,190400.0,True,False,MARIA PAULA BALLEN MANOSALVA,2025-07-29
3691,CANAL PVC AMANCO 6M PECHO PALOMA LISO,MATERIAL - M,UNIDAD - UND,004 - 004 - CUBIERTA Y CANALES,164729.32,19,196027.89,True,False,MARIA PAULA BALLEN MANOSALVA,2025-07-29
3692,BAJANTE BLANCO DE 3M,MATERIAL - M,UNIDAD - UND,004 - 004 - CUBIERTA Y CANALES,66631.67,19,79291.69,True,False,MARIA PAULA BALLEN MANOSALVA,2025-07-29
3693,TAPA EXTERNA IZQUIERDA,MATERIAL - M,UNIDAD - UND,004 - 004 - CUBIERTA Y CANALES,7951.58,19,9462.38,True,False,MARIA PAULA BALLEN MANOSALVA,2025-07-29
3694,ADAPTADOR BAJANTE A 3IN,MATERIAL - M,UNIDAD - UND,004 - 004 - CUBIERTA Y CANALES,7500.0,19,8925.0,True,False,MARIA PAULA BALLEN MANOSALVA,2025-07-29
3695,ESTUCO PLASTICO 5 GALONES PARA INTERIOR,MATERIAL - M,CUÑETE - CÑT,017 - 017 - ACABADOS Y PINTURA,46707.18,0,46707.18,True,False,DIEGO ANDRES RODRIGUEZ RODRIGUEZ,2025-07-24
3697,CAJA MENOR,MATERIAL - M,UNIDAD - UND,020 - 020 - FERRETERIA MENOR,0.0,19,0.0,True,False,DIEGO ANDRES RODRIGUEZ RODRIGUEZ,2025-09-16
3698,MATERIALES DE FERRETERIA MENOR,MATERIAL - M,UNIDAD - UND,020 - 020 - FERRETERIA MENOR,0.0,19,0.0,True,False,DIEGO ANDRES RODRIGUEZ RODRIGUEZ,2025-09-16
3699,PANEL LED REDONDO DE 12W,MATERIAL - M,UNIDAD - UND,"014 - 014 - INSTALACIONES ELECTRICAS, VOZ Y DATOS",8929.83,19,10626.5,True,False,DIEGO ANDRES RODRIGUEZ RODRIGUEZ,2025-09-22
3700,RECARGA DE CELULAR SOCIAL,CONSUMIBLES - C,MES - MS,005 - 005 - PAPELERIA,32000.0,19,38080.0,True,False,MARIA PAULA BALLEN MANOSALVA,2025-07-29
3701,INSUMOS DE ALIMENTOS CS-ESC-2025,SUBCONTRATO - S,UNIDAD - UND,043 - 043 - SUBCONTRATO,1.0,0,1.0,True,False,,
3702,ALQUILER DE MEZCLADORA,SUBCONTRATO - S,DIA - DIA,043 - 043 - SUBCONTRATO,1.0,0,1.0,True,False,EDIER JAFETH MARIOTTA PADILLA,2025-06-25
3703,BALANZA MECANICA COLGANTE CAPACIDAD DE 25 LB,EQUIPO - E,UNIDAD - UND,020 - 020 - FERRETERIA MENOR,68782.0,19,81850.58,True,False,DIEGO ANDRES RODRIGUEZ RODRIGUEZ,2025-09-16
3704,SOPORTE PARA TUBO DE CORTINA,MATERIAL - M,UNIDAD - UND,020 - 020 - FERRETERIA MENOR,1650.04,19,1963.55,True,False,DIEGO ANDRES RODRIGUEZ RODRIGUEZ,2025-09-16
3705,MANO DE OBRA CORD,SUBCONTRATO - S,UNIDAD - UND,043 - 043 - SUBCONTRATO,0.0,0,0.0,True,False,,
3706,LAVADERO PREFABRICADO MEDIDAS 60 CM X 50 CM X 20 CM,MATERIAL - M,UNIDAD - UND,020 - 020 - FERRETERIA MENOR,158628.4,19,188767.8,True,False,DIEGO ANDRES RODRIGUEZ RODRIGUEZ,2025-09-16
3707,"BUJE CAUCHO DE 2"" A 1-1/4""",CONSUMIBLES - C,UNIDAD - UND,011 - 011 - GRIFERIA Y APARATOS HIDROSANITARIOS,2000.0,19,2380.0,True,False,DIEGO ANDRES RODRIGUEZ RODRIGUEZ,2025-09-15
3708,SOLDADURA PVC 1/132 DE GL,MATERIAL - M,UNIDAD - UND,020 - 020 - FERRETERIA MENOR,0.0,19,0.0,True,False,DIEGO ANDRES RODRIGUEZ RODRIGUEZ,2025-09-16
3709,"TAPON LISO PRESION PVC DE 1/2""",ATENCIÓN EMERGENCIA - A,UNIDAD - UND,020 - 020 - FERRETERIA MENOR,301.17,19,358.39,True,False,DIEGO ANDRES RODRIGUEZ RODRIGUEZ,2025-09-15
3710,SOPORTE PARA ESPEJO PLASTICO,ATENCIÓN EMERGENCIA - A,UNIDAD - UND,020 - 020 - FERRETERIA MENOR,0.0,19,0.0,True,False,DIEGO ANDRES RODRIGUEZ RODRIGUEZ,2025-09-15
3711,CE2025-MO-VILLA HERMOSA,SUBCONTRATO - S,UNIDAD - UND,043 - 043 - SUBCONTRATO,1.0,0,1.0,True,False,HERNAN CAMILO GARCIA CONTRERAS,2025-07-02
3712,"TEJA ARQUITECTONICA PREPINTADA CALIBRE 30, ESPESOR E=0,3 MM 1X4,70 MTS",MATERIAL - M,UNIDAD - UND,004 - 004 - CUBIERTA Y CANALES,100000.0,19,119000.0,True,False,MARIA PAULA BALLEN MANOSALVA,2025-07-28
3713,CARACTERIZACION PLATAFORMA NAOWEE SUITE,SERVICIOS - Q,UNIDAD - UND,043 - 043 - SUBCONTRATO,0.0,19,0.0,True,False,MARIA PAULA BALLEN MANOSALVA,2025-07-28
3714,IMPUESTO DELINEAMIENTO URBANO - CE2025,SUBCONTRATO - S,UNIDAD - UND,043 - 043 - SUBCONTRATO,1.0,19,1.19,True,False,MARIA PAULA BALLEN MANOSALVA,2025-07-28
3715,CE2025 - ENSAYOS DE LABORATORIOS,SUBCONTRATO - S,UNIDAD - UND,043 - 043 - SUBCONTRATO,1.0,19,1.19,True,False,MARIA PAULA BALLEN MANOSALVA,2025-07-28
3716,GRIFERIA ORINAL TIPO PUSH,MATERIAL - M,UNIDAD - UND,011 - 011 - GRIFERIA Y APARATOS HIDROSANITARIOS,0.0,19,0.0,True,False,MARIA PAULA BALLEN MANOSALVA,2025-07-28
3717,ROLLO CINTA ASFALTICA 1.5 MM X 15 CM X 10 M,MATERIAL - M,UNIDAD - UND,004 - 004 - CUBIERTA Y CANALES,86463.0,19,102890.97,True,False,MARIA PAULA BALLEN MANOSALVA,2025-07-29
3718,VINILO TIPO AAA - EXTERIORES,MATERIAL - M,CUÑETE - CÑT,017 - 017 - ACABADOS Y PINTURA,296830.77,19,353228.62,True,False,HERNAN CAMILO GARCIA CONTRERAS,2025-08-21
3719,EMPAQUES CANAL PVC AMAZONAS,MATERIAL - M,UNIDAD - UND,004 - 004 - CUBIERTA Y CANALES,1.0,19,1.19,True,False,MARIA PAULA BALLEN MANOSALVA,2025-07-29
3720,PANEL LED SOBREPONER CIRCULAR 18 W,MATERIAL - M,UNIDAD - UND,"014 - 014 - INSTALACIONES ELECTRICAS, VOZ Y DATOS",8374.0,19,9965.06,True,False,DIEGO ANDRES RODRIGUEZ RODRIGUEZ,2025-09-22
3721,CAMISA MANGA LARGA - TIPO OXFORD TALLA L -HOMBRE,DOTACION - D,UNIDAD - UND,029 - 029 - SG-SST,33400.0,19,39746.0,True,False,DIEGO ANDRES RODRIGUEZ RODRIGUEZ,2025-07-29
3722,CAMISA MANGA LARGA - TIPO OXFORD TALLA L -MUJER,DOTACION - D,UNIDAD - UND,029 - 029 - SG-SST,32000.0,19,38080.0,True,False,DIEGO ANDRES RODRIGUEZ RODRIGUEZ,2025-07-29
3723,CAMISA MANGA LARGA - TIPO OXFORD TALLA M -MUJER,DOTACION - D,UNIDAD - UND,029 - 029 - SG-SST,33000.0,19,39270.0,True,False,DIEGO ANDRES RODRIGUEZ RODRIGUEZ,2025-07-29
3724,CAMISA MANGA LARGA - TIPO JEAN TALLA M - HOMBRE,DOTACION - D,UNIDAD - UND,029 - 029 - SG-SST,28500.0,19,33915.0,True,False,DIEGO ANDRES RODRIGUEZ RODRIGUEZ,2025-07-29
3725,CAMISA MANGA LARGA - TIPO JEAN TALLA L - HOMBRE,DOTACION - D,UNIDAD - UND,029 - 029 - SG-SST,29500.0,19,35105.0,True,False,DIEGO ANDRES RODRIGUEZ RODRIGUEZ,2025-07-29
3726,CAMISA MANGA LARGA - TIPO JEAN TALLA XL - HOMBRE,DOTACION - D,UNIDAD - UND,029 - 029 - SG-SST,29000.0,19,34510.0,True,False,DIEGO ANDRES RODRIGUEZ RODRIGUEZ,2025-07-29
3727,CAMIBUSO MANGA LARGA CUELLO REDONDO GRIS OSCURO S,DOTACION - D,UNIDAD - UND,029 - 029 - SG-SST,17500.0,19,20825.0,True,False,DIEGO ANDRES RODRIGUEZ RODRIGUEZ,2025-07-29
3728,CAMIBUSO MANGA LARGA CUELLO REDONDO GRIS OSCURO M,DOTACION - D,UNIDAD - UND,029 - 029 - SG-SST,17772.73,19,21149.55,True,False,DIEGO ANDRES RODRIGUEZ RODRIGUEZ,2025-07-29
3729,CAMIBUSO MANGA LARGA CUELLO REDONDO GRIS OSCURO L,DOTACION - D,UNIDAD - UND,029 - 029 - SG-SST,21192.29,19,25218.83,True,False,DIEGO ANDRES RODRIGUEZ RODRIGUEZ,2025-07-29
3730,CAMIBUSO MANGA LARGA CUELLO REDONDO GRIS OSCURO XL,DOTACION - D,UNIDAD - UND,029 - 029 - SG-SST,21863.62,19,26017.71,True,False,DIEGO ANDRES RODRIGUEZ RODRIGUEZ,2025-07-29
3731,PANTALON INDUSTRIAL EN JEAN TALLA 16 - MUJER,DOTACION - D,UNIDAD - UND,029 - 029 - SG-SST,29000.0,19,34510.0,True,False,DIEGO ANDRES RODRIGUEZ RODRIGUEZ,2025-07-29
3732,PANTALON INDUSTRIAL EN JEAN TALLA 30,DOTACION - D,UNIDAD - UND,029 - 029 - SG-SST,29000.0,19,34510.0,True,False,DIEGO ANDRES RODRIGUEZ RODRIGUEZ,2025-07-29
3733,PANTALON INDUSTRIAL EN JEAN TALLA 32,DOTACION - D,UNIDAD - UND,029 - 029 - SG-SST,30714.21,19,36549.91,True,False,DIEGO ANDRES RODRIGUEZ RODRIGUEZ,2025-07-29
3734,PANTALON INDUSTRIAL EN JEAN TALLA 34,DOTACION - D,UNIDAD - UND,029 - 029 - SG-SST,29428.57,19,35020.0,True,False,DIEGO ANDRES RODRIGUEZ RODRIGUEZ,2025-07-29
3735,PANTALON INDUSTRIAL EN JEAN TALLA 38,DOTACION - D,UNIDAD - UND,029 - 029 - SG-SST,29333.33,19,34906.66,True,False,DIEGO ANDRES RODRIGUEZ RODRIGUEZ,2025-07-29
3736,BOTAS DE SEGURIDAD CON PUNTERA TALLA 39,DOTACION - D,UNIDAD - UND,029 - 029 - SG-SST,60090.91,19,71508.18,True,False,DIEGO ANDRES RODRIGUEZ RODRIGUEZ,2025-07-29
3737,BOTAS DE SEGURIDAD CON PUNTERA TALLA 40,DOTACION - D,UNIDAD - UND,029 - 029 - SG-SST,60083.33,19,71499.16,True,False,DIEGO ANDRES RODRIGUEZ RODRIGUEZ,2025-07-29
3738,BOTAS DE SEGURIDAD CON PUNTERA TALLA 41,DOTACION - D,UNIDAD - UND,029 - 029 - SG-SST,58923.08,19,70118.47,True,False,DIEGO ANDRES RODRIGUEZ RODRIGUEZ,2025-07-29
3739,BOTAS DE SEGURIDAD CON PUNTERA TALLA 42,DOTACION - D,UNIDAD - UND,029 - 029 - SG-SST,56600.0,19,67354.0,True,False,DIEGO ANDRES RODRIGUEZ RODRIGUEZ,2025-07-29
3740,SENALIZACIONES DE SEGURIDAD CAMILLA DE EMERGENCIA,SEÑALIZACIÓN - Ñ,UNIDAD - UND,029 - 029 - SG-SST,2625.0,19,3123.75,True,False,DIEGO ANDRES RODRIGUEZ RODRIGUEZ,2025-07-29
3741,SENALIZACIONES DE SEGURIDAD EXTINTOR MULTIPROPOSITO,SEÑALIZACIÓN - Ñ,UNIDAD - UND,029 - 029 - SG-SST,2625.0,19,3123.75,True,False,DIEGO ANDRES RODRIGUEZ RODRIGUEZ,2025-07-29
3742,SENALIZACIONES DE SEGURIDAD BOTIQUIN DE PRIMEROS AUXILIOS,SEÑALIZACIÓN - Ñ,UNIDAD - UND,029 - 029 - SG-SST,2666.67,19,3173.34,True,False,DIEGO ANDRES RODRIGUEZ RODRIGUEZ,2025-07-29
3743,SENALIZACIONES DE SEGURIDAD RUTAS DE EVACUACION DERECHA,SEÑALIZACIÓN - Ñ,UNIDAD - UND,029 - 029 - SG-SST,2666.67,19,3173.34,True,False,DIEGO ANDRES RODRIGUEZ RODRIGUEZ,2025-07-29
3744,SENALIZACIONES DE SEGURIDAD RUTAS DE EVACUACION IZQUIERDA,SEÑALIZACIÓN - Ñ,UNIDAD - UND,029 - 029 - SG-SST,2500.0,19,2975.0,True,False,DIEGO ANDRES RODRIGUEZ RODRIGUEZ,2025-07-29
3745,SENALIZACIONES DE SEGURIDAD SALIDA DE EMERGENCIA,SEÑALIZACIÓN - Ñ,UNIDAD - UND,029 - 029 - SG-SST,2625.0,19,3123.75,True,False,DIEGO ANDRES RODRIGUEZ RODRIGUEZ,2025-07-29
3746,SENALIZACIONES DE SEGURIDAD ESPACIO LIBRE HUMO,SEÑALIZACIÓN - Ñ,UNIDAD - UND,029 - 029 - SG-SST,3000.0,19,3570.0,True,False,DIEGO ANDRES RODRIGUEZ RODRIGUEZ,2025-07-29
3747,SENALIZACIONES DE SEGURIDAD OBLIGATORIO USO EPP,SEÑALIZACIÓN - Ñ,UNIDAD - UND,029 - 029 - SG-SST,2666.67,19,3173.34,True,False,DIEGO ANDRES RODRIGUEZ RODRIGUEZ,2025-07-29
3748,SENALIZACIONES DE SEGURIDAD PROHIBIDO ACCESO A PERSONAL NO AUTORIZADO,SEÑALIZACIÓN - Ñ,UNIDAD - UND,029 - 029 - SG-SST,2666.67,19,3173.34,True,False,DIEGO ANDRES RODRIGUEZ RODRIGUEZ,2025-07-29
3749,SENALIZACIONES DE SEGURIDADPUNTO DE ENCUENTRO,SEÑALIZACIÓN - Ñ,UNIDAD - UND,029 - 029 - SG-SST,2666.67,19,3173.34,True,False,DIEGO ANDRES RODRIGUEZ RODRIGUEZ,2025-07-29
3750,SENALIZACIONES DE SEGURIDAD PUNTO DE HIDRATACION,SEÑALIZACIÓN - Ñ,UNIDAD - UND,029 - 029 - SG-SST,2900.0,19,3451.0,True,False,DIEGO ANDRES RODRIGUEZ RODRIGUEZ,2025-07-29
3751,SENALIZACIONES DE SEGURIDAD RIESGO ELECTRICO,SEÑALIZACIÓN - Ñ,UNIDAD - UND,029 - 029 - SG-SST,2500.0,19,2975.0,True,False,DIEGO ANDRES RODRIGUEZ RODRIGUEZ,2025-07-29
3752,"TERMINAL EMT 1""",MATERIAL - M,UNIDAD - UND,"014 - 014 - INSTALACIONES ELECTRICAS, VOZ Y DATOS",1889.99,19,2249.09,True,False,DIEGO ANDRES RODRIGUEZ RODRIGUEZ,2025-09-22
3753,ARRENDO BODEGA PTO LIBERTADOR,OFICINA - O,MES - MS,035 - 035 - ARRIENDOS,0.0,0,0.0,True,False,,
3754,ARRENDO OFICINA PTO LIBERTADOR,OFICINA - O,MES - MS,035 - 035 - ARRIENDOS,0.0,0,0.0,True,False,,
3755,CE2025-MO-SAN LUIS,SUBCONTRATO - S,UNIDAD - UND,043 - 043 - SUBCONTRATO,1.0,0,1.0,True,False,,
3756,TRANSPORTE DE MATERIALES UNAL,TRANSPORTE - T,UNIDAD - UND,023 - 023 - TRANSPORTE,1529124.5,0,1529124.5,True,False,DIEGO ANDRES RODRIGUEZ RODRIGUEZ,2025-09-22
3757,SERVICIOS PROFESIONALES UNAL,HONORARIOS - H,DIA - DIA,025 - 025 - PERSONAL ADMINISTRATIVO,0.0,0,0.0,True,False,,
3758,SERVICIO DE INTERNET SATELITAL STARLINK,SERVICIOS - Q,MES - MS,030 - 030 - SERVICIOS PUBLICOS,0.0,0,0.0,True,False,,
3759,BARRA DE SEGURIDAD ABATIBLE EN ACERO 304,MATERIAL - M,UNIDAD - UND,011 - 011 - GRIFERIA Y APARATOS HIDROSANITARIOS,433283.25,0,433283.25,True,False,,
3760,BARRA DE SEGURIDAD ACERO INOXIDABLE 60 CM SATINADO,MATERIAL - M,UNIDAD - UND,018 - 018 - CARPINTERIA METALICA,95000.08,0,95000.08,True,False,ALISON CAMILA BENAVIDES RIVERA,2026-07-03
3761,CARGUE Y DESCARGUE DE MATERIAL,HONORARIOS - H,HORA - HR,020 - 020 - FERRETERIA MENOR,1.0,19,1.19,True,False,DIEGO ANDRES RODRIGUEZ RODRIGUEZ,2025-09-16
3762,ALIMENTACION,CONSUMIBLES - C,DIA - DIA,044 - 044 - VIATICOS,1.0,19,1.19,True,False,DIEGO ANDRES RODRIGUEZ RODRIGUEZ,2025-09-22
3763,PEAJES,TRANSPORTE - T,UNIDAD - UND,044 - 044 - VIATICOS,1.0,19,1.19,True,False,DIEGO ANDRES RODRIGUEZ RODRIGUEZ,2025-09-22
3764,TRANSPORTE PUBLICO (PASAJE),TRANSPORTE - T,UNIDAD - UND,044 - 044 - VIATICOS,1.0,0,1.0,True,False,DIEGO ANDRES RODRIGUEZ RODRIGUEZ,2025-09-22
3765,ANDAMIO TUBULAR USADO DE 1.50 X 1.42 ( CRUCETA DE 2.4),EQUIPO - E,UNIDAD - UND,022 - 022 - MAQUINARIA Y EQUIPO,327250.0,0,327250.0,True,False,,
3766,SIKA WATERBAR/CINTA PVC O-22 SELLAR E IMPERMEABILIZAR 15M,MATERIAL - M,UNIDAD - UND,001 - 001 - ADHESIVOS Y ADITIVOS,1487704.0,19,1770367.76,True,False,DIEGO ANDRES RODRIGUEZ RODRIGUEZ,2025-07-29
3767,CE2025 - PRESTACION DE SERVICIOS CONSULTORIA - FUNDACION EL ALCARAVAN,SUBCONTRATO - S,UNIDAD - UND,043 - 043 - SUBCONTRATO,1.0,0,1.0,True,False,HERNAN CAMILO GARCIA CONTRERAS,2025-07-11
3768,CE2025-MO-ELECTRICA-SAN LUIS,SUBCONTRATO - S,UNIDAD - UND,043 - 043 - SUBCONTRATO,1.0,0,1.0,True,False,,
3769,SANITARIO CON ACCESORIOS,MATERIAL - M,UNIDAD - UND,011 - 011 - GRIFERIA Y APARATOS HIDROSANITARIOS,0.0,0,0.0,True,False,,
3770,TRANSPORTE MATERIAL FLUVIAL,TRANSPORTE - T,UNIDAD - UND,023 - 023 - TRANSPORTE,1.0,0,1.0,True,False,DIEGO ANDRES RODRIGUEZ RODRIGUEZ,2025-09-22
3771,MEDIDOR BIFASICO ELECTRONICO DE 100 AMP CON PROTOCOLO,MATERIAL - M,UNIDAD - UND,"014 - 014 - INSTALACIONES ELECTRICAS, VOZ Y DATOS",210180.02,19,250114.22,True,False,DIEGO ANDRES RODRIGUEZ RODRIGUEZ,2025-09-22
3772,BARRA DE SEGURIDAD RECTA EN ACERO INOXIDABLE DIA 1 1/4IN LONG 30CM,MATERIAL - M,UNIDAD - UND,011 - 011 - GRIFERIA Y APARATOS HIDROSANITARIOS,129015.27,0,129015.27,True,False,,
3773,FORMATO DESPLAZAMIENTO,ATENCIÓN EMERGENCIA - A,UNIDAD - UND,025 - 025 - PERSONAL ADMINISTRATIVO,0.0,19,0.0,True,False,DIEGO ANDRES RODRIGUEZ RODRIGUEZ,2025-09-15
3774,TEJA SUPERTRAPEZOIDAL TERMOACUSTICA 11.80 * 1.13 M,MATERIAL - M,UNIDAD - UND,004 - 004 - CUBIERTA Y CANALES,298777.57,19,355545.31,True,False,MARIA PAULA BALLEN MANOSALVA,2025-07-29
3775,"CONDULETA LB 1"" - EMT",MATERIAL - M,UNIDAD - UND,015 - 015 - REDES ELECTRICAS,25000.0,19,29750.0,True,False,DIEGO ANDRES RODRIGUEZ RODRIGUEZ,2025-09-22
3776,"CONDULETA LB 3/4"" - EMT",MATERIAL - M,UNIDAD - UND,015 - 015 - REDES ELECTRICAS,18000.0,19,21420.0,True,False,DIEGO ANDRES RODRIGUEZ RODRIGUEZ,2025-09-22
3777,"CONDULETA LL 3/4"" - EMT",MATERIAL - M,UNIDAD - UND,015 - 015 - REDES ELECTRICAS,18000.0,19,21420.0,True,False,DIEGO ANDRES RODRIGUEZ RODRIGUEZ,2025-09-22
3778,TROQUEL SENCILLO PARA CANALETA (100X45) PLASTICO,MATERIAL - M,UNIDAD - UND,"014 - 014 - INSTALACIONES ELECTRICAS, VOZ Y DATOS",4586.0,19,5457.34,True,False,DIEGO ANDRES RODRIGUEZ RODRIGUEZ,2025-09-22
3779,"CHAZOS PLASTICOS DE 1/4""",MATERIAL - M,UNIDAD - UND,"014 - 014 - INSTALACIONES ELECTRICAS, VOZ Y DATOS",1055.49,19,1256.03,True,False,DIEGO ANDRES RODRIGUEZ RODRIGUEZ,2025-09-22
3780,CINTA ANCHA EMPAQUE 200 MTS ADHESIVA ALTA CALIDAD EMBALAJE,MATERIAL - M,ROLLO - ROLL,020 - 020 - FERRETERIA MENOR,11470.6,19,13650.01,True,False,HENRY DE JESUS TABORDA ZAPATA,2026-07-29
3781,SELECTOR MANUAL 3X40 AMP,MATERIAL - M,UNIDAD - UND,"014 - 014 - INSTALACIONES ELECTRICAS, VOZ Y DATOS",121133.67,19,144149.07,True,False,DIEGO ANDRES RODRIGUEZ RODRIGUEZ,2025-09-22
3782,CAJA METALICA 20X20X15,MATERIAL - M,UNIDAD - UND,"014 - 014 - INSTALACIONES ELECTRICAS, VOZ Y DATOS",1.0,19,1.19,True,False,DIEGO ANDRES RODRIGUEZ RODRIGUEZ,2025-09-22
3783,LUZ PILOTO 110V - COLOR VERDE,MATERIAL - M,UNIDAD - UND,"014 - 014 - INSTALACIONES ELECTRICAS, VOZ Y DATOS",15000.0,19,17850.0,True,False,DIEGO ANDRES RODRIGUEZ RODRIGUEZ,2025-09-22
3784,"TERMINAL CONDUIT PVC 2""",MATERIAL - M,UNIDAD - UND,015 - 015 - REDES ELECTRICAS,3959.96,19,4712.35,True,False,DIEGO ANDRES RODRIGUEZ RODRIGUEZ,2025-09-22
3785,"MANGUERA CORAZA LIQUID TIGHT - 1 1/2""",MATERIAL - M,METRO LINEAL - ML,"014 - 014 - INSTALACIONES ELECTRICAS, VOZ Y DATOS",13513.35,19,16080.89,True,False,DIEGO ANDRES RODRIGUEZ RODRIGUEZ,2025-09-22
3786,"CONECTOR PARA CORAZA LIQUID TIGHT - 1 1/2""",MATERIAL - M,UNIDAD - UND,"014 - 014 - INSTALACIONES ELECTRICAS, VOZ Y DATOS",10160.58,19,12091.09,True,False,DIEGO ANDRES RODRIGUEZ RODRIGUEZ,2025-09-22
3787,CAJA 4X4 PVC SCH40 (INCLUYE TAPA Y TORNILLO),MATERIAL - M,UNIDAD - UND,"014 - 014 - INSTALACIONES ELECTRICAS, VOZ Y DATOS",1240.0,19,1475.6,True,False,DIEGO ANDRES RODRIGUEZ RODRIGUEZ,2025-09-22
3788,"TERMINAL CONDUIT PVC 3/4""",MATERIAL - M,UNIDAD - UND,015 - 015 - REDES ELECTRICAS,1.0,19,1.19,True,False,DIEGO ANDRES RODRIGUEZ RODRIGUEZ,2025-09-22
3789,"TORNILLO GOLOSO 8 X 1 1/2""",MATERIAL - M,UNIDAD - UND,"014 - 014 - INSTALACIONES ELECTRICAS, VOZ Y DATOS",1.0,19,1.19,True,False,DIEGO ANDRES RODRIGUEZ RODRIGUEZ,2025-09-22
3790,CABLE 2X8 + 8 CONCENTRICO,MATERIAL - M,METRO - M,015 - 015 - REDES ELECTRICAS,24763.8,19,29468.92,True,False,DIEGO ANDRES RODRIGUEZ RODRIGUEZ,2025-09-22
3791,BREAKER TERMOMAGNETICO 2X30,MATERIAL - M,UNIDAD - UND,015 - 015 - REDES ELECTRICAS,30999.55,19,36889.46,True,False,DIEGO ANDRES RODRIGUEZ RODRIGUEZ,2025-09-22
3792,PUNTILLA GALVANIZADA 1 1/2IN,MATERIAL - M,LIBRA - LB,020 - 020 - FERRETERIA MENOR,5456.84,19,6493.64,True,False,DIEGO ANDRES RODRIGUEZ RODRIGUEZ,2025-09-16
3793,"PUNTILLA GALVANIZADA 3""",MATERIAL - M,LIBRA - LB,020 - 020 - FERRETERIA MENOR,8389.07,19,9982.99,True,False,DIEGO ANDRES RODRIGUEZ RODRIGUEZ,2025-09-16
3794,"DISCO CORTE CONCRETO 4""",MATERIAL - M,UNIDAD - UND,020 - 020 - FERRETERIA MENOR,9116.78,19,10848.97,True,False,DIEGO ANDRES RODRIGUEZ RODRIGUEZ,2025-09-16
3795,INVERCRIL BOLSA,MATERIAL - M,UNIDAD - UND,020 - 020 - FERRETERIA MENOR,16499.95,19,19634.94,True,False,DIEGO ANDRES RODRIGUEZ RODRIGUEZ,2025-09-16
3796,TORNILLO 12 X 2IN,MATERIAL - M,UNIDAD - UND,020 - 020 - FERRETERIA MENOR,363.32,19,432.35,True,False,DIEGO ANDRES RODRIGUEZ RODRIGUEZ,2025-09-16
3797,ENVASE PLASTICO CILINDRICO PARA PINTURA 1 GALON,MATERIAL - M,UNIDAD - UND,020 - 020 - FERRETERIA MENOR,4914.29,19,5848.01,True,False,DIEGO ANDRES RODRIGUEZ RODRIGUEZ,2025-09-16
3798,"BUJE CAUCHO DE 2"" A 1 1/2""",MATERIAL - M,UNIDAD - UND,011 - 011 - GRIFERIA Y APARATOS HIDROSANITARIOS,3525.03,0,3525.03,True,False,,
3799,INSTALACION DE SERVICIO DE INTERNET,SERVICIOS - Q,UNIDAD - UND,"014 - 014 - INSTALACIONES ELECTRICAS, VOZ Y DATOS",1.0,19,1.19,True,False,DIEGO ANDRES RODRIGUEZ RODRIGUEZ,2025-09-22
3800,PENDON EN BANNER CON OJALES - DIMEN: (200X100) CM - OJALES CADA 20 CM - INCLUYE DIAGRAMACION MOTIVO,MATERIAL - M,UNIDAD - UND,043 - 043 - SUBCONTRATO,120000.0,0,120000.0,True,False,,
3801,MANO DE OBRA - CONSORCIO HABITAT CESAR,NOMINA - N,UNIDAD - UND,043 - 043 - SUBCONTRATO,1.0,0,1.0,True,False,,
3802,"TEJA ARQUITECTONICA PREPINTADA CALIBRE 30, ESPESOR E=0,3 MM 1X3,50 MTS",MATERIAL - M,UNIDAD - UND,004 - 004 - CUBIERTA Y CANALES,100000.0,19,119000.0,True,False,MARIA PAULA BALLEN MANOSALVA,2025-07-29
3803,"TEJA ARQUITECTONICA PREPINTADA CALIBRE 30, ESPESOR E=0,3 MM 1X4,10 MTS",MATERIAL - M,UNIDAD - UND,004 - 004 - CUBIERTA Y CANALES,87500.0,19,104125.0,True,False,MARIA PAULA BALLEN MANOSALVA,2025-07-29
3804,SOLDADURA 6011X1/8,MATERIAL - M,KILOGRAMO - KG,020 - 020 - FERRETERIA MENOR,1.0,19,1.19,True,False,DIEGO ANDRES RODRIGUEZ RODRIGUEZ,2025-09-16
3805,"TEJA ARQUITECTONICA PREPINTADA CALIBRE 30, ESPESOR E=0,3 MM 1X4,60 MTS",MATERIAL - M,UNIDAD - UND,004 - 004 - CUBIERTA Y CANALES,100000.0,19,119000.0,True,False,MARIA PAULA BALLEN MANOSALVA,2025-07-29
3806,"TEJA ARQUITECTONICA PREPINTADA CALIBRE 30, ESPESOR E=0,3 MM 1X4,50 MTS",MATERIAL - M,UNIDAD - UND,004 - 004 - CUBIERTA Y CANALES,100000.0,19,119000.0,True,False,MARIA PAULA BALLEN MANOSALVA,2025-07-29
3807,PINTURA EN ESMALTE DISOLVENTE,MATERIAL - M,GALON - GAL,020 - 020 - FERRETERIA MENOR,1.0,19,1.19,True,False,DIEGO ANDRES RODRIGUEZ RODRIGUEZ,2025-09-16
3808,ANDAMIO CERTIFICADO POR DIA,EQUIPO - E,DIA - DIA,020 - 020 - FERRETERIA MENOR,1.0,19,1.19,True,False,DIEGO ANDRES RODRIGUEZ RODRIGUEZ,2025-09-16
3809,VOLQUETA 6M3,MAQUINARIA - B,VIAJE - VJ,022 - 022 - MAQUINARIA Y EQUIPO,1.0,0,1.0,True,False,,
3810,TELA VERDE TIPO BOGOTA O SIMILAR H=2.1 M,MATERIAL - M,METRO LINEAL - ML,020 - 020 - FERRETERIA MENOR,1.0,19,1.19,True,False,DIEGO ANDRES RODRIGUEZ RODRIGUEZ,2025-09-16
3811,"CLAVO ESTRIADO VERTICAL 2-1/2""",MATERIAL - M,LIBRA - LB,020 - 020 - FERRETERIA MENOR,8679.0,19,10328.01,True,False,HERNAN CAMILO GARCIA CONTRERAS,2025-10-16
3812,"TABLA PARA FORMALETA 1""X2"" L=3.0 M",MATERIAL - M,UNIDAD - UND,019 - 019 - CARPINTERIA MADERA,1.0,0,1.0,True,False,,
3813,"TABLA PARA FORMALETA 2""X2"" L=3.0 M",MATERIAL - M,UNIDAD - UND,019 - 019 - CARPINTERIA MADERA,1.0,0,1.0,True,False,,
3814,MANO DE OBRA (COMISION TOPOGRAFICA) - CONSORCIO HABITAT CESAR,NOMINA - N,UNIDAD - UND,024 - 024 - PERSONAL OPERATIVO,1.0,0,1.0,True,False,,
3815,"ESTACA EN MADERA L=1 M - 2""X2""",MATERIAL - M,UNIDAD - UND,019 - 019 - CARPINTERIA MADERA,1.0,0,1.0,True,False,,
3816,"PUNTILLA 2"" CON CABEZA DE ACERO",MATERIAL - M,LIBRA - LB,020 - 020 - FERRETERIA MENOR,1.0,19,1.19,True,False,DIEGO ANDRES RODRIGUEZ RODRIGUEZ,2025-09-16
3817,TRANSPORTE A SITIO VOLQUETA 6 M3,TRANSPORTE - T,VIAJE - VJ,023 - 023 - TRANSPORTE,1.0,0,1.0,True,False,DIEGO ANDRES RODRIGUEZ RODRIGUEZ,2025-09-22
3818,DESATRASO CAJA MENOR UNAL.,MATERIAL - M,UNIDAD - UND,020 - 020 - FERRETERIA MENOR,0.0,19,0.0,True,False,DIEGO ANDRES RODRIGUEZ RODRIGUEZ,2025-09-16
3819,SERVICIO DE MANO DE OBRA DE SOLDADURA,SERVICIOS - Q,UNIDAD - UND,018 - 018 - CARPINTERIA METALICA,0.0,0,0.0,True,False,,
3820,SERVICIO DE PRUEBAS Y ENSAYOS DE LABORATORIOS,SERVICIOS - Q,UNIDAD - UND,040 - 040 - DISEÑOS Y CONSULTORIAS,0.0,0,0.0,True,False,,
3821,ALQUILER Y MANTENIMIENTO DE BANO PORTATIL - CE2025,SUBCONTRATO - S,DIA - DIA,043 - 043 - SUBCONTRATO,51566.67,0,51566.67,True,False,EDIER JAFETH MARIOTTA PADILLA,2025-07-23
3822,CE2025 REVISION ESTRUCTURAL BLOQUE MULTIGRADO LA PESQUERA,SUBCONTRATO - S,UNIDAD - UND,043 - 043 - SUBCONTRATO,3055500.0,0,3055500.0,True,False,EDIER JAFETH MARIOTTA PADILLA,2025-07-23
3823,EXTINTOR ABC DE 5 LB,MATERIAL - M,UNIDAD - UND,029 - 029 - SG-SST,1.0,19,1.19,True,False,DIEGO ANDRES RODRIGUEZ RODRIGUEZ,2025-07-29
3824,"CINTA BANDIT 3/4"" - 30MTROS",MATERIAL - M,ROLLO - ROLL,"014 - 014 - INSTALACIONES ELECTRICAS, VOZ Y DATOS",83101.03,19,98890.23,True,False,DIEGO ANDRES RODRIGUEZ RODRIGUEZ,2025-09-22
3825,"HEBILLAS PARA CINTA BANDIT DE 3/4""",MATERIAL - M,UNIDAD - UND,"014 - 014 - INSTALACIONES ELECTRICAS, VOZ Y DATOS",579.26,19,689.32,True,False,DIEGO ANDRES RODRIGUEZ RODRIGUEZ,2025-09-22
3826,CAJA METALICA DE PASO 20X20X15 CHAPA PLASTICA,MATERIAL - M,UNIDAD - UND,"014 - 014 - INSTALACIONES ELECTRICAS, VOZ Y DATOS",1.0,19,1.19,True,False,DIEGO ANDRES RODRIGUEZ RODRIGUEZ,2025-09-22
3827,"TUBERIA EMT 3/4"" X 3M",MATERIAL - M,UNIDAD - UND,"014 - 014 - INSTALACIONES ELECTRICAS, VOZ Y DATOS",17279.99,19,20563.19,True,False,DIEGO ANDRES RODRIGUEZ RODRIGUEZ,2025-09-22
3828,"TUBERIA EMT 1"" X 3M",MATERIAL - M,UNIDAD - UND,"014 - 014 - INSTALACIONES ELECTRICAS, VOZ Y DATOS",32925.0,19,39180.75,True,False,DIEGO ANDRES RODRIGUEZ RODRIGUEZ,2025-09-22
3829,CABLE XLPE NO 1/0 AWG 15 KV NO 1/0 ALUMINIO AISLADO CINTA 133 PORCIENTO SR 207357,MATERIAL - M,METRO - M,015 - 015 - REDES ELECTRICAS,31892.0,19,37951.48,True,False,DIEGO ANDRES RODRIGUEZ RODRIGUEZ,2025-09-22
3830,EQUIPO DE BOMBEO A COMBUSTION,EQUIPO - E,DIA - DIA,022 - 022 - MAQUINARIA Y EQUIPO,1.0,0,1.0,True,False,,
3831,RELLENO EN MATERIAL SELECCIONADO,MATERIAL - M,METRO CUBICO - M3,002 - 002 - AGREGADOS PETREOS,1.0,19,1.19,True,False,DIEGO ANDRES RODRIGUEZ RODRIGUEZ,2025-07-29
3832,TRANSPORTE A SITIO L<10 KM,TRANSPORTE - T,KILOMETRO - KM,023 - 023 - TRANSPORTE,1.0,0,1.0,True,False,DIEGO ANDRES RODRIGUEZ RODRIGUEZ,2025-09-22
3833,ARENA LAVADA CANTERA,MATERIAL - M,METRO CUBICO - M3,002 - 002 - AGREGADOS PETREOS,71274.72,19,84816.92,True,False,DIEGO ANDRES RODRIGUEZ RODRIGUEZ,2025-07-29
3834,CE2025 REVISION ESTRUCTURAL CERRAMIENTOS,SUBCONTRATO - S,UNIDAD - UND,043 - 043 - SUBCONTRATO,900000.0,0,900000.0,True,False,,
3835,ACARREO INTERNO DE MATERIAL HASTA 100 M DE DISTANCIA,TRANSPORTE - T,GLOBAL - GLB,023 - 023 - TRANSPORTE,1.0,19,1.19,True,False,DIEGO ANDRES RODRIGUEZ RODRIGUEZ,2025-09-16
3836,TUBERIA PVC CORRUG. ALC. 200 MM(8 PULG.) X 6M,MATERIAL - M,UNIDAD - UND,013 - 013 - INSTALACIONES HIDROSANITARIAS,250201.0,0,250201.0,True,False,,
3837,CONCRETO 1:2:3 ELABORADO EN OBRA-3.000PSI CLASE D,MATERIAL - M,METRO CUBICO - M3,002 - 002 - AGREGADOS PETREOS,1.0,19,1.19,True,False,YEFERSON ELIAS DUARTE NIEVES,2025-08-05
3838,PIEDRA RAJON,MATERIAL - M,METRO CUBICO - M3,002 - 002 - AGREGADOS PETREOS,1.0,19,1.19,True,False,DIEGO ANDRES RODRIGUEZ RODRIGUEZ,2025-07-29
3839,"TABLAS FORMALETA 1"" X 30 X 3MTS",EQUIPO - E,UNIDAD - UND,019 - 019 - CARPINTERIA MADERA,1.0,0,1.0,True,False,,
3840,"EQUIPO DE FUNDIDA CONCRETO (RANA, EQUIPO DE VIBRADO Y EQUIPO DE BOMBEO)",EQUIPO - E,DIA - DIA,022 - 022 - MAQUINARIA Y EQUIPO,1.0,0,1.0,True,False,,
3841,PUNTOS DE SOLDADURA,SERVICIOS - Q,UNIDAD - UND,018 - 018 - CARPINTERIA METALICA,5000.0,0,5000.0,True,False,,
3842,LADRILLO EN ARCILLA REFERENCIA BOC O SIMILAR,MATERIAL - M,UNIDAD - UND,010 - 010 - MAMPOSTERIA,1.0,0,1.0,True,False,,
3843,MORTERO 1:4 IMPERMEABILIZADO,MATERIAL - M,METRO CUBICO - M3,006 - 006 - CONCRETOS Y MORTEROS,1.0,19,1.19,True,False,MARIA PAULA BALLEN MANOSALVA,2025-07-29
3844,MORTERO 1:4,MATERIAL - M,METRO CUBICO - M3,006 - 006 - CONCRETOS Y MORTEROS,1.0,19,1.19,True,False,MARIA PAULA BALLEN MANOSALVA,2025-07-29
3845,LADRILLO TOLETE DM 0.22 M X 0.11M X0.07M,MATERIAL - M,UNIDAD - UND,010 - 010 - MAMPOSTERIA,1004.67,0,1004.67,True,False,YEFERSON ELIAS DUARTE NIEVES,2025-08-15
3846,BLOQUE DE ARCILLA 0.10X0.20X0.40,MATERIAL - M,UNIDAD - UND,010 - 010 - MAMPOSTERIA,1.0,0,1.0,True,False,,
3847,TEMPORIZADOR ORBIT DE RIEGO PARA 6 ESTACIONES,MATERIAL - M,UNIDAD - UND,026 - 026 - EQUIPOS ESPECIALIZADOS,219900.0,19,261681.0,True,False,MARIA PAULA BALLEN MANOSALVA,2025-07-28
3848,BLOQUE DE CEMENTO 0.30X0.20X0.10,MATERIAL - M,UNIDAD - UND,010 - 010 - MAMPOSTERIA,2856.0,19,3398.64,True,False,MARIA PAULA BALLEN MANOSALVA,2025-07-28
3849,MALLA VENA DE REFUERZO 200X50MM O SIMILAR,MATERIAL - M,METRO CUADRADO - M2,020 - 020 - FERRETERIA MENOR,1.0,19,1.19,True,False,MARIA PAULA BALLEN MANOSALVA,2025-07-28
3850,WIN METALICO,MATERIAL - M,METRO LINEAL - ML,018 - 018 - CARPINTERIA METALICA,1.0,19,1.19,True,False,MARIA PAULA BALLEN MANOSALVA,2025-07-28
3851,CUADRILLA (INSTALADOR CARPINTERIA METALICA + 1 AYUDANTE) - CONSORCIO HABITAT CESAR,NOMINA - N,UNIDAD - UND,025 - 025 - PERSONAL ADMINISTRATIVO,1.0,0,1.0,True,False,,
3852,TABLA DE PLANILLERA APOYO DEPOSITO Y GANCHO DE PRESION A4,CONSUMIBLES - C,UNIDAD - UND,005 - 005 - PAPELERIA,1.0,19,1.19,True,False,MARIA PAULA BALLEN MANOSALVA,2025-07-28
3853,CAJA DE LAPICES HB2 KLIPP,CONSUMIBLES - C,UNIDAD - UND,005 - 005 - PAPELERIA,1.0,19,1.19,True,False,,
3854,CAJA DE LAPICEROS OFFI-ESCO,CONSUMIBLES - C,UNIDAD - UND,005 - 005 - PAPELERIA,1.0,19,1.19,True,False,,
3855,CAJA DE CLIPS DE COLORES 28MM,CONSUMIBLES - C,UNIDAD - UND,005 - 005 - PAPELERIA,1.0,19,1.19,True,False,,
3856,MARCADOR SHARPIE COLOR NEGRO,CONSUMIBLES - C,UNIDAD - UND,005 - 005 - PAPELERIA,1.0,19,1.19,True,False,,
3857,REGLA PLASTICA 15 CM,CONSUMIBLES - C,UNIDAD - UND,005 - 005 - PAPELERIA,1.0,19,1.19,True,False,,
3858,RESALTADORES - COLOR AZUL,CONSUMIBLES - C,UNIDAD - UND,005 - 005 - PAPELERIA,1.0,19,1.19,True,False,,
3859,HUELLERO,CONSUMIBLES - C,UNIDAD - UND,005 - 005 - PAPELERIA,1.0,19,1.19,True,False,,
3860,SIKA LATEX X 4.5 KLS,MATERIAL - M,UNIDAD - UND,020 - 020 - FERRETERIA MENOR,1.0,19,1.19,True,False,DIEGO ANDRES RODRIGUEZ RODRIGUEZ,2025-09-16
3862,"TABLA FORMALETA 1"" X 40CMT X 3 MTS",EQUIPO - E,UNIDAD - UND,019 - 019 - CARPINTERIA MADERA,1.0,0,1.0,True,False,,
3863,FORMALETA PARA VIGAS SOBRE MURO 11.11ML O .3X.3,MATERIAL - M,UNIDAD - UND,019 - 019 - CARPINTERIA MADERA,1.0,0,1.0,True,False,,
3864,BORDADO PARA CAMISA - 1 LOGO,SERVICIOS - Q,UNIDAD - UND,036 - 036 - GASTOS DE REPRESENTACION,4500.0,0,4500.0,True,False,,
3865,CAMISA TIPO OXFORD - HOMBRE - AZUL,DOTACION - D,UNIDAD - UND,024 - 024 - PERSONAL OPERATIVO,28666.66,0,28666.66,True,False,,
3866,FORMALETA PARA MESONES,MATERIAL - M,UNIDAD - UND,019 - 019 - CARPINTERIA MADERA,1.0,0,1.0,True,False,,
3867,PANTALON JEAN - INDUSTRIAL - 14 ONZ - HOMBRE,DOTACION - D,UNIDAD - UND,025 - 025 - PERSONAL ADMINISTRATIVO,29000.0,0,29000.0,True,False,,
3868,GUANTE DE PRECISION EN NYLON CON PALMA EN NITRILO ROJO,DOTACION - D,UNIDAD - UND,025 - 025 - PERSONAL ADMINISTRATIVO,3700.0,0,3700.0,True,False,,
3869,SIKADUR 32 PRIMER X 1 KG,MATERIAL - M,UNIDAD - UND,020 - 020 - FERRETERIA MENOR,1.0,19,1.19,True,False,,
3870,"TUBO ALCANTARILLADO CORRUGADO RS 10"" 250 MM",MATERIAL - M,UNIDAD - UND,013 - 013 - INSTALACIONES HIDROSANITARIAS,365770.0,0,365770.0,True,False,,
3871,TAPA REGISTRO PLASTICA 15 X 15,ATENCIÓN EMERGENCIA - A,UNIDAD - UND,011 - 011 - GRIFERIA Y APARATOS HIDROSANITARIOS,0.0,19,0.0,True,False,DIEGO ANDRES RODRIGUEZ RODRIGUEZ,2025-09-15
3872,TUBERIA PVC RDE 13.5-315 PSI 1/2 PULG X 6 M,MATERIAL - M,UNIDAD - UND,012 - 012 - INSTALACIONES HIDRAULICAS,9272.14,0,9272.14,True,False,,
3873,TUBERIA PVC RDE 13.5-315 PSI 3/4 PULG X 6 M,MATERIAL - M,UNIDAD - UND,012 - 012 - INSTALACIONES HIDRAULICAS,15659.59,0,15659.59,True,False,,
3874,TUBERIA PVC RDE 21 PSI 1-1/2 PULG - CE2025 X 6 M,MATERIAL - M,UNIDAD - UND,012 - 012 - INSTALACIONES HIDRAULICAS,38579.33,0,38579.33,True,False,,
3879,TUBERIA PVC VENTILACION 2 PULG X 6 M,MATERIAL - M,UNIDAD - UND,012 - 012 - INSTALACIONES HIDRAULICAS,32833.33,0,32833.33,True,False,,
3880,"CINTA ENMASCARAR 2"" ROLLO X 50 M",ATENCIÓN EMERGENCIA - A,UNIDAD - UND,020 - 020 - FERRETERIA MENOR,8327.9,19,9910.2,True,False,DIEGO ANDRES RODRIGUEZ RODRIGUEZ,2025-09-15
3881,POLIZA DE CUMPLIMIENTO - CONSORCIO HABITAT CESAR,SERVICIOS - Q,UNIDAD - UND,040 - 040 - DISEÑOS Y CONSULTORIAS,1.0,19,1.19,True,False,,
3882,POLIZA DE RESPONSABILIDAD CIVIL EXTRACONTRACTUAL - CONSORCIO HABITAT CESAR,SERVICIOS - Q,UNIDAD - UND,040 - 040 - DISEÑOS Y CONSULTORIAS,1.0,19,1.19,True,False,YEFERSON ELIAS DUARTE NIEVES,2025-07-29
3883,CHALECO SALVAVIDAS ADULTOS COLOR NARANJA - TALLAS : M - L,ELEMEN. PROTECCION - P,UNIDAD - UND,029 - 029 - SG-SST,65000.0,0,65000.0,True,False,,
3884,LIJA #180 PLIEGO,MATERIAL - M,UNIDAD - UND,018 - 018 - CARPINTERIA METALICA,1654.17,0,1654.17,True,False,HERNAN CAMILO GARCIA CONTRERAS,2025-07-29
3885,BOLSA PLASTICA INDUSTRIAL 1X1.20,DOTACION - D,UNIDAD - UND,042 - 042 - AMBIENTAL,858.09,0,858.09,True,False,,
3886,SIKADUR ANCHORFIX-4 ADHESIVO DE ANCLAJE DE VARILLAS Y PERNOS 600CC,MATERIAL - M,UNIDAD - UND,020 - 020 - FERRETERIA MENOR,119973.42,19,142768.37,True,False,,
3887,"VARILLA RED. CORR. 1/2"" X 6 ML - ML",MATERIAL - M,UNIDAD - UND,020 - 020 - FERRETERIA MENOR,1.0,19,1.19,True,False,,
3888,"PERFORACION CON BROCA DE 5/8"" PARA ANCLAR VARILLAS DE 1/2"" PROF 0.12 M- EN EL SUELO",MATERIAL - M,UNIDAD - UND,020 - 020 - FERRETERIA MENOR,1.0,19,1.19,True,False,,
3889,DESPLAZAMIENTOS OPERARIOS,TRANSPORTE - T,VIAJE - VJ,023 - 023 - TRANSPORTE,1.0,19,1.19,True,False,DIEGO ANDRES RODRIGUEZ RODRIGUEZ,2025-09-16
3890,"PERFORACION CON BROCA DE 1/2"" PARA ANCLAR VARILLAS DE 3/8"" PROF 0.10 M - EN EL SUELO",MATERIAL - M,UNIDAD - UND,020 - 020 - FERRETERIA MENOR,1.0,19,1.19,True,False,,
3891,"VARILLA REDONDA CORRUGADA DE ACERO 3/8"" X 6 M",MATERIAL - M,UNIDAD - UND,020 - 020 - FERRETERIA MENOR,1.0,19,1.19,True,False,,
3892,SIKA IMPER MUR X 2 KLS 177333 O SIMILAR,MATERIAL - M,UNIDAD - UND,020 - 020 - FERRETERIA MENOR,1.0,19,1.19,True,False,,
3893,SEGUETA NICHOLSON O SIMILAR,MATERIAL - M,UNIDAD - UND,020 - 020 - FERRETERIA MENOR,1.0,19,1.19,True,False,DIEGO ANDRES RODRIGUEZ RODRIGUEZ,2025-09-16
3894,"MALLA ELECTROSOLDADA 5MM DE 6X2,35M SEPARACION 15X15CM",MATERIAL - M,METRO CUADRADO - M2,020 - 020 - FERRETERIA MENOR,1.0,19,1.19,True,False,DIEGO ANDRES RODRIGUEZ RODRIGUEZ,2025-09-16
3895,EQUIPO DE PINTURA (COMPRESOR),EQUIPO - E,UNIDAD - UND,022 - 022 - MAQUINARIA Y EQUIPO,1.0,0,1.0,True,False,,
3896,TRANSPORTE POR VIAJES EN MOTOCARRO,TRANSPORTE - T,VIAJE - VJ,023 - 023 - TRANSPORTE,1.0,0,1.0,True,False,DIEGO ANDRES RODRIGUEZ RODRIGUEZ,2025-09-22
3897,TRANSPORTE POR VIAJES CAMION 4 TON,TRANSPORTE - T,VIAJE - VJ,023 - 023 - TRANSPORTE,1.0,0,1.0,True,False,DIEGO ANDRES RODRIGUEZ RODRIGUEZ,2025-09-22
3898,SOLDADURA PVC DE 1/64 GL,ATENCIÓN EMERGENCIA - A,UNIDAD - UND,020 - 020 - FERRETERIA MENOR,5379.74,19,6401.89,True,False,DIEGO ANDRES RODRIGUEZ RODRIGUEZ,2025-09-22
3899,"TUBO SANITARIO 1 1/2"" X 6 ML",CONSUMIBLES - C,UNIDAD - UND,020 - 020 - FERRETERIA MENOR,17125.89,19,20379.81,True,False,DIEGO ANDRES RODRIGUEZ RODRIGUEZ,2025-09-22
3900,"TEE SANITARIA 4""",CONSUMIBLES - C,UNIDAD - UND,020 - 020 - FERRETERIA MENOR,8156.66,19,9706.43,True,False,DIEGO ANDRES RODRIGUEZ RODRIGUEZ,2025-09-22
3901,"REDUCCION SANITARIA DE 3"" X 2""",CONSUMIBLES - C,UNIDAD - UND,020 - 020 - FERRETERIA MENOR,1653.8,19,1968.02,True,False,DIEGO ANDRES RODRIGUEZ RODRIGUEZ,2025-09-15
3902,"REDUCCION SANITARIA DE 2 A 1 1/2""",CONSUMIBLES - C,UNIDAD - UND,020 - 020 - FERRETERIA MENOR,757.14,19,901.0,True,False,DIEGO ANDRES RODRIGUEZ RODRIGUEZ,2025-09-15
3903,"TAPON 1/2"" CON ROSCA PVC PRESION",CONSUMIBLES - C,UNIDAD - UND,020 - 020 - FERRETERIA MENOR,321.76,19,382.89,True,False,DIEGO ANDRES RODRIGUEZ RODRIGUEZ,2025-09-15
3904,CRUCETA PLASTICA JUNTAS 2MM X 300UND,MATERIAL - M,UNIDAD - UND,009 - 009 - ENCHAPES,5916.8,19,7040.99,True,False,LUIS FERNANDO CAMPO ACOSTA,2025-08-08
3905,REGADERA DUCHA CROMADA,CONSUMIBLES - C,UNIDAD - UND,020 - 020 - FERRETERIA MENOR,9049.19,19,10768.54,True,False,DIEGO ANDRES RODRIGUEZ RODRIGUEZ,2025-09-15
3907,CAJA 4X4 PVC ELECTRICA CON SUPLEMENTO,CONSUMIBLES - C,UNIDAD - UND,020 - 020 - FERRETERIA MENOR,656.99,19,781.82,True,False,MARIA PAULA BALLEN MANOSALVA,2026-07-03
3908,YESO BLANCO,CONSUMIBLES - C,KILOGRAMO - KG,020 - 020 - FERRETERIA MENOR,2085.77,19,2482.07,True,False,DIEGO ANDRES RODRIGUEZ RODRIGUEZ,2025-09-15
3909,DISCO DE CORTE VERDE PARA VIDRIO DE 4 PULGADAS,MATERIAL - M,UNIDAD - UND,009 - 009 - ENCHAPES,14693.22,19,17484.93,True,False,YEFERSON ELIAS DUARTE NIEVES,2025-09-18
3910,CE2025-MO-LA PESQUERA,SUBCONTRATO - S,UNIDAD - UND,043 - 043 - SUBCONTRATO,1.0,0,1.0,True,False,,
3911,VINIPEL PELICULA STREEC FILM 50 CMS X 300 MTS,MATERIAL - M,UNIDAD - UND,020 - 020 - FERRETERIA MENOR,31702.0,19,37725.38,True,False,DIEGO ANDRES RODRIGUEZ RODRIGUEZ,2025-09-16
3912,PLASTICO NEGRO 2 X 4 MTS CAL. 6 X 100 MTS APROX.,MATERIAL - M,UNIDAD - UND,020 - 020 - FERRETERIA MENOR,349560.72,19,415977.26,True,False,DIEGO ANDRES RODRIGUEZ RODRIGUEZ,2025-09-16
3913,AMARRE TEJA CABEZA METALICA CALIBRE 18,MATERIAL - M,UNIDAD - UND,020 - 020 - FERRETERIA MENOR,325.5,19,387.34,True,False,DIEGO ANDRES RODRIGUEZ RODRIGUEZ,2025-09-16
3915,"PLASTICO NEGRO 1,5X3MTS CAL 6 X180 MTS",MATERIAL - M,UNIDAD - UND,020 - 020 - FERRETERIA MENOR,0.0,19,0.0,True,False,DIEGO ANDRES RODRIGUEZ RODRIGUEZ,2025-09-16
3916,"SIFON PLASTICO FLEXIBLE BLANCO DE 2""",MATERIAL - M,UNIDAD - UND,013 - 013 - INSTALACIONES HIDROSANITARIAS,7458.78,0,7458.78,True,False,,
3917,"TUBO PRESION RDE 13.5 PVC 1"" EXT LISO X 6 MTS",MATERIAL - M,METRO LINEAL - ML,012 - 012 - INSTALACIONES HIDRAULICAS,1.0,19,1.19,True,False,,
3918,"CODO 90° PRESION PVC 1""",MATERIAL - M,UNIDAD - UND,012 - 012 - INSTALACIONES HIDRAULICAS,1.0,19,1.19,True,False,,
3919,"TUBO PRESION PVC 3/4"" LISO X 6 MTS",MATERIAL - M,UNIDAD - UND,012 - 012 - INSTALACIONES HIDRAULICAS,1.0,19,1.19,True,False,,
3920,"TUBO PRESION RDE 9 PVC 1/2"" LISO X6MTS",MATERIAL - M,UNIDAD - UND,012 - 012 - INSTALACIONES HIDRAULICAS,13418.14,19,15967.59,True,False,YEFERSON ELIAS DUARTE NIEVES,2025-08-01
3921,"TAPON SOLDADO PVC PRESION DE 3/4""",MATERIAL - M,UNIDAD - UND,012 - 012 - INSTALACIONES HIDRAULICAS,1.0,19,1.19,True,False,,
3922,"TAPON SOLDADO PVC PRESION DE1/2""",MATERIAL - M,UNIDAD - UND,012 - 012 - INSTALACIONES HIDRAULICAS,202.3,19,240.74,True,False,,
3923,"FLOTADOR Ø 3/4"" EN BRONCE",MATERIAL - M,UNIDAD - UND,012 - 012 - INSTALACIONES HIDRAULICAS,1.0,19,1.19,True,False,,
3924,"CHEQUE DE 3/4""-RED WHITE O SIMILAR",MATERIAL - M,UNIDAD - UND,012 - 012 - INSTALACIONES HIDRAULICAS,1.0,19,1.19,True,False,,
3925,"LLAVE PASO R/WHITE 3/4"" O SIMILAR",MATERIAL - M,UNIDAD - UND,012 - 012 - INSTALACIONES HIDRAULICAS,1.0,19,1.19,True,False,,
3926,"CHEQUE CORTINA R/W 1"" O SIMILAR",MATERIAL - M,UNIDAD - UND,012 - 012 - INSTALACIONES HIDRAULICAS,1.0,19,1.19,True,False,,
3927,"ADAPTADOR MACHO 1""",MATERIAL - M,UNIDAD - UND,012 - 012 - INSTALACIONES HIDRAULICAS,1500.0,0,1500.0,True,False,HENRY DE JESUS TABORDA ZAPATA,2026-07-27
3928,"MURO DOBLE 0.25, LADRILLO COMUN .07X.11X.22, INCLUYE MORTERO 1:4",MATERIAL - M,METRO CUADRADO - M2,010 - 010 - MAMPOSTERIA,1.0,0,1.0,True,False,,
3929,"ALISTADO DE MUROS PARA ENCHAPE, MORTERO IMPERMEBILIZADO 1:4 (INCLUYE PICADA, FILOS Y DILATACIONES)",MATERIAL - M,METRO CUADRADO - M2,006 - 006 - CONCRETOS Y MORTEROS,1.0,0,1.0,True,False,,
3930,CICLOPEOS 60% CONCRETO 1:2.3 Y 40% PIEDRA RAJON,MATERIAL - M,METRO CUADRADO - M2,006 - 006 - CONCRETOS Y MORTEROS,1.0,0,1.0,True,False,,
3931,"PLACA MACIZA 0.15, CONCRETO 3.000 PSI",MATERIAL - M,METRO CUADRADO - M2,006 - 006 - CONCRETOS Y MORTEROS,1.0,0,1.0,True,False,,
3932,VIGA AEREA EN CONCRETO 3.000 PSI.,MATERIAL - M,METRO CUADRADO - M2,006 - 006 - CONCRETOS Y MORTEROS,1.0,0,1.0,True,False,MARIA PAULA BALLEN MANOSALVA,2026-05-05
3933,PLACA EN CONCRETO 3.000 PSI - 0.07 MT.,MATERIAL - M,METRO CUADRADO - M2,006 - 006 - CONCRETOS Y MORTEROS,1.0,0,1.0,True,False,,
3934,"TUBO PVC SANITARIO 3"" LISO X 6 MTS",MATERIAL - M,UNIDAD - UND,012 - 012 - INSTALACIONES HIDRAULICAS,26833.33,0,26833.33,True,False,DIEGO ANDRES RODRIGUEZ RODRIGUEZ,2025-08-08
3935,"TUBO SANITARIO 4"" X 6 ML",MATERIAL - M,UNIDAD - UND,013 - 013 - INSTALACIONES HIDROSANITARIAS,56236.42,19,66921.34,True,False,,
3936,"TUBO SANITARIO 3"" X 6 ML",MATERIAL - M,UNIDAD - UND,013 - 013 - INSTALACIONES HIDROSANITARIAS,1.0,19,1.19,True,False,,
3937,TUBO METALICO 1X1 X 6M CAL 18,MATERIAL - M,UNIDAD - UND,003 - 003 - ACEROS Y REFUERZOS METALICO,1.0,0,1.0,True,False,,
3938,"TAPA Y MARCO PARA REGISTRO ELECTRICO O SANITARIO 0.60X0.60, EN ANGULO 3/16X1 1/2"" EN TAPA Y MARCO, INCL. VARILLAS DE 6MM Y ANTICORROSIVO",MATERIAL - M,UNIDAD - UND,018 - 018 - CARPINTERIA METALICA,1.0,0,1.0,True,False,,
3940,HIDROSELLO 10 PULG. 8250MM),MATERIAL - M,UNIDAD - UND,013 - 013 - INSTALACIONES HIDROSANITARIAS,1.0,0,1.0,True,False,,
3941,TANQUE TRAMPA GRASAS 95 LITROS,MATERIAL - M,UNIDAD - UND,013 - 013 - INSTALACIONES HIDROSANITARIAS,1.0,0,1.0,True,False,,
3942,PLATINA 2X1/8 PULG X6M,MATERIAL - M,UNIDAD - UND,003 - 003 - ACEROS Y REFUERZOS METALICO,1.0,0,1.0,True,False,,
3943,TANQUE HORIZONTAL ENTERRAR 2000LT,MATERIAL - M,UNIDAD - UND,013 - 013 - INSTALACIONES HIDROSANITARIAS,1.0,0,1.0,True,False,,
3944,CAJA DE DISTRIBUCION,MATERIAL - M,UNIDAD - UND,013 - 013 - INSTALACIONES HIDROSANITARIAS,1.0,0,1.0,True,False,,
3945,CABLE DE COBRE AISLADO THHN NO. 12 AWG,MATERIAL - M,METRO - M,015 - 015 - REDES ELECTRICAS,1.0,19,1.19,True,False,DIEGO ANDRES RODRIGUEZ RODRIGUEZ,2025-09-22
3946,"TUBO PVC SANITARIO 2"" LISO X 6 MTS",MATERIAL - M,UNIDAD - UND,013 - 013 - INSTALACIONES HIDROSANITARIAS,19090.91,19,22718.18,True,False,DIEGO ANDRES RODRIGUEZ RODRIGUEZ,2025-08-08
3947,"CODO 90° 1/4"" CXC SANITARIO 2",MATERIAL - M,UNIDAD - UND,013 - 013 - INSTALACIONES HIDROSANITARIAS,1.0,0,1.0,True,False,,
3948,"YEE SANITARIA PVC REDUCIDA 4"" X 3""",MATERIAL - M,UNIDAD - UND,013 - 013 - INSTALACIONES HIDROSANITARIAS,1.0,0,1.0,True,False,,
3949,"CODO SANITARIO PVC CXC DE 45° DE 3""",MATERIAL - M,UNIDAD - UND,013 - 013 - INSTALACIONES HIDROSANITARIAS,4084.59,0,4084.59,True,False,,
3950,"TUBO PVC SANITARIO 4"" LISO X 6 MTS",MATERIAL - M,METRO LINEAL - ML,013 - 013 - INSTALACIONES HIDROSANITARIAS,1.0,0,1.0,True,False,,
3951,ANGULO 2 *1 1/2 *1/8 PULG.,MATERIAL - M,UNIDAD - UND,018 - 018 - CARPINTERIA METALICA,1.0,0,1.0,True,False,,
3952,"CODO 90° 1/4"" CXC SANITARIO 4""",MATERIAL - M,UNIDAD - UND,013 - 013 - INSTALACIONES HIDROSANITARIAS,1.0,0,1.0,True,False,,
3953,SOLDADURA 6011X3/32,MATERIAL - M,KILOGRAMO - KG,020 - 020 - FERRETERIA MENOR,1.0,19,1.19,True,False,DIEGO ANDRES RODRIGUEZ RODRIGUEZ,2025-09-16
3954,TUBO METALICO REDONDO DE 4PULG * 2.5MM X6M,MATERIAL - M,UNIDAD - UND,003 - 003 - ACEROS Y REFUERZOS METALICO,1.0,0,1.0,True,False,,
3955,CAJA CONTADOR TRIFASICA 1 MEDIDOR 57X27X18,MATERIAL - M,UNIDAD - UND,015 - 015 - REDES ELECTRICAS,122745.99,19,146067.73,True,False,DIEGO ANDRES RODRIGUEZ RODRIGUEZ,2025-09-22
3956,"LAVAMANOS BELAIR 8"" Y 4"" BLANCO O SIMILAR",MATERIAL - M,UNIDAD - UND,011 - 011 - GRIFERIA Y APARATOS HIDROSANITARIOS,1.0,0,1.0,True,False,,
3957,LAVAMANOS ACUACER DE COLGAR O SIMILAR,MATERIAL - M,UNIDAD - UND,011 - 011 - GRIFERIA Y APARATOS HIDROSANITARIOS,90902.91,0,90902.91,True,False,,
3958,"GRIFERIA PRYSMA 4"" O SIMILAR",MATERIAL - M,UNIDAD - UND,011 - 011 - GRIFERIA Y APARATOS HIDROSANITARIOS,34333.33,0,34333.33,True,False,DIEGO ANDRES RODRIGUEZ RODRIGUEZ,2025-08-08
3959,SANITARIO AVANTI O SMILAR,MATERIAL - M,UNIDAD - UND,011 - 011 - GRIFERIA Y APARATOS HIDROSANITARIOS,1.0,0,1.0,True,False,,
3960,SANITARIO AQUAPRO AL BCO 20040 O SIMILAR,MATERIAL - M,UNIDAD - UND,011 - 011 - GRIFERIA Y APARATOS HIDROSANITARIOS,1.0,0,1.0,True,False,,
3961,ACCESORIOS ACOMETIDA,MATERIAL - M,UNIDAD - UND,011 - 011 - GRIFERIA Y APARATOS HIDROSANITARIOS,1.0,0,1.0,True,False,,
3962,MANO DE OBRA (CUADRILLA PLOMERIA) - CONSORCIO HABITAT CESAR,NOMINA - N,UNIDAD - UND,024 - 024 - PERSONAL OPERATIVO,1.0,0,1.0,True,False,,
3963,"INCRUSTACIONES PORCELANA: TOALLERO, PAPELERA, JABONERA, GANCHO ELITE O SIMILAR",MATERIAL - M,JUEGO - JGO,011 - 011 - GRIFERIA Y APARATOS HIDROSANITARIOS,44190.41,0,44190.41,True,False,,
3964,"REJILLA SOSCO 3""X2""",MATERIAL - M,UNIDAD - UND,011 - 011 - GRIFERIA Y APARATOS HIDROSANITARIOS,1.0,0,1.0,True,False,,
3965,LAVAPLATOS 100 X 50 INOXIDABLE SOBREPONER,MATERIAL - M,UNIDAD - UND,011 - 011 - GRIFERIA Y APARATOS HIDROSANITARIOS,1.0,0,1.0,True,False,,
3966,LAVAPLATOS 60 X 40 INOXIDABLE EMPOTRAR,MATERIAL - M,UNIDAD - UND,011 - 011 - GRIFERIA Y APARATOS HIDROSANITARIOS,1.0,0,1.0,True,False,,
3967,"LLAVE TERMINAL CROMADA 1/2"" GRIVAL O SIMILAR",MATERIAL - M,UNIDAD - UND,011 - 011 - GRIFERIA Y APARATOS HIDROSANITARIOS,1.0,0,1.0,True,False,,
3968,"VALVULA DE 1/2"" TERMINAL COBRE",MATERIAL - M,UNIDAD - UND,011 - 011 - GRIFERIA Y APARATOS HIDROSANITARIOS,1.0,0,1.0,True,False,,
3969,LAVADERO EN GRANITO PULIDO 60 X 50 X 20 CM,MATERIAL - M,UNIDAD - UND,011 - 011 - GRIFERIA Y APARATOS HIDROSANITARIOS,176757.09,0,176757.09,True,False,,
3970,KIT DE DESAGUE LAVADERO,MATERIAL - M,UNIDAD - UND,011 - 011 - GRIFERIA Y APARATOS HIDROSANITARIOS,1.0,0,1.0,True,False,,
3971,LAVADERO EN GRANITO PULIDO DE 70 CM X 55 CM X 16 CM,MATERIAL - M,UNIDAD - UND,011 - 011 - GRIFERIA Y APARATOS HIDROSANITARIOS,169000.0,19,201110.0,True,False,DIEGO ANDRES RODRIGUEZ RODRIGUEZ,2025-09-16
3972,"MUEBLE MUEBLE INFERIOR COCINA DE 89.5X150 X51,5 CM",MATERIAL - M,METRO LINEAL - ML,019 - 019 - CARPINTERIA MADERA,1.0,0,1.0,True,False,,
3973,MANO DE OBRA (CUADRILLA CARPINTERIA) - CONSORCIO HABITAT CESAR,NOMINA - N,UNIDAD - UND,024 - 024 - PERSONAL OPERATIVO,1.0,0,1.0,True,False,,
3974,"CURVA CONDUIT PVC 1""",MATERIAL - M,UNIDAD - UND,015 - 015 - REDES ELECTRICAS,1.0,19,1.19,True,False,EDIER JAFETH MARIOTTA PADILLA,2026-01-05
3975,CINTA AISLANTE SUPER 33 19MM X 20MT,MATERIAL - M,UNIDAD - UND,015 - 015 - REDES ELECTRICAS,1.0,19,1.19,True,False,DIEGO ANDRES RODRIGUEZ RODRIGUEZ,2025-09-22
3976,MANO DE OBRA (CUADRILLA ELECTRICA) - CONSORCIO HABITAT CESAR,NOMINA - N,UNIDAD - UND,024 - 024 - PERSONAL OPERATIVO,1.0,0,1.0,True,False,YEFERSON ELIAS DUARTE NIEVES,2025-08-02
3977,"ADAPTADOR TERMINAL CONDUIT 1/2""",MATERIAL - M,UNIDAD - UND,015 - 015 - REDES ELECTRICAS,479.21,19,570.26,True,False,DIEGO ANDRES RODRIGUEZ RODRIGUEZ,2025-09-22
3978,CAJA RECTANGULAR 2 X 4 GALVANIZADA,MATERIAL - M,UNIDAD - UND,015 - 015 - REDES ELECTRICAS,1.0,19,1.19,True,False,DIEGO ANDRES RODRIGUEZ RODRIGUEZ,2025-09-22
3979,ROSETA (PLAFOND),MATERIAL - M,UNIDAD - UND,015 - 015 - REDES ELECTRICAS,3439.27,19,4092.73,True,False,DIEGO ANDRES RODRIGUEZ RODRIGUEZ,2025-09-22
3980,INTERRUPTOR SENCILLO LEVITON,MATERIAL - M,UNIDAD - UND,015 - 015 - REDES ELECTRICAS,1.0,19,1.19,True,False,DIEGO ANDRES RODRIGUEZ RODRIGUEZ,2025-09-22
3981,TOMA TRES PATAS 50 AMP,MATERIAL - M,UNIDAD - UND,015 - 015 - REDES ELECTRICAS,1.0,19,1.19,True,False,DIEGO ANDRES RODRIGUEZ RODRIGUEZ,2025-09-22
3982,TABLERO MONOFASICO ENCHUFABLE 8 CIRCUITOS 75AMP 120V,MATERIAL - M,UNIDAD - UND,015 - 015 - REDES ELECTRICAS,1.0,19,1.19,True,False,DIEGO ANDRES RODRIGUEZ RODRIGUEZ,2025-09-22
3983,BREAKER ENCHUFABLE 1X20 A,MATERIAL - M,UNIDAD - UND,015 - 015 - REDES ELECTRICAS,14741.95,19,17542.92,True,False,DIEGO ANDRES RODRIGUEZ RODRIGUEZ,2025-09-22
3985,BREAKER ENCHUFABLE 1X50 A,MATERIAL - M,UNIDAD - UND,015 - 015 - REDES ELECTRICAS,1.0,19,1.19,True,False,DIEGO ANDRES RODRIGUEZ RODRIGUEZ,2025-09-22
3986,MALLA ELECTROSOLDADA M-131,MATERIAL - M,METRO CUADRADO - M2,003 - 003 - ACEROS Y REFUERZOS METALICO,1.0,0,1.0,True,False,,
3987,MALLA ELECTROSOLDADA M-188,MATERIAL - M,METRO CUADRADO - M2,003 - 003 - ACEROS Y REFUERZOS METALICO,1.0,0,1.0,True,False,,
3988,PISO PARED EGEO 20.5 X 20.5 BLANCO,MATERIAL - M,METRO CUADRADO - M2,009 - 009 - ENCHAPES,1.0,19,1.19,True,False,,
3989,PISO TABLON SAHARA 30.5X30.5 ALF,MATERIAL - M,METRO CUADRADO - M2,009 - 009 - ENCHAPES,1.0,0,1.0,True,False,,
3990,CERAMICA DUROPISO O SIMILAR PARA ALTO TRAFICO,MATERIAL - M,METRO CUADRADO - M2,009 - 009 - ENCHAPES,1.0,19,1.19,True,False,,
3991,CERAMICA DE PISO Y PARED TRAFICO PESADO,MATERIAL - M,METRO CUADRADO - M2,009 - 009 - ENCHAPES,1.0,0,1.0,True,False,,
3992,ZOCALO DE GRESS H= 8 CM,MATERIAL - M,METRO LINEAL - ML,009 - 009 - ENCHAPES,1.0,0,1.0,True,False,HENRY DE JESUS TABORDA ZAPATA,2026-07-27
3993,CONCOLOR 5 KG BLANCO NACAR O SIMILAR,MATERIAL - M,KILOGRAMO - KG,020 - 020 - FERRETERIA MENOR,1.0,19,1.19,True,False,DIEGO ANDRES RODRIGUEZ RODRIGUEZ,2025-09-16
3994,PIEDRA CHINA # 3,MATERIAL - M,BULTO - BE,002 - 002 - AGREGADOS PETREOS,1.0,19,1.19,True,False,DIEGO ANDRES RODRIGUEZ RODRIGUEZ,2025-09-10
3995,YESO PIRAMIDE O SIMILAR 25KG,MATERIAL - M,BULTO - BE,020 - 020 - FERRETERIA MENOR,1.0,19,1.19,True,False,DIEGO ANDRES RODRIGUEZ RODRIGUEZ,2025-09-16
3996,CAL O CAOLIN EMULSIONANTE O SIMILAR,MATERIAL - M,BULTO - BE,020 - 020 - FERRETERIA MENOR,1.0,19,1.19,True,False,DIEGO ANDRES RODRIGUEZ RODRIGUEZ,2025-09-16
3997,LIJA DE AGUA 965,MATERIAL - M,UNIDAD - UND,020 - 020 - FERRETERIA MENOR,1.0,19,1.19,True,False,DIEGO ANDRES RODRIGUEZ RODRIGUEZ,2025-09-16
3998,"RODILLO DE ESPUMA 9"" O SIMILAR",MATERIAL - M,UNIDAD - UND,020 - 020 - FERRETERIA MENOR,7708.33,19,9172.91,True,False,DIEGO ANDRES RODRIGUEZ RODRIGUEZ,2025-09-16
3999,CAMISA MANGA LARGA - TIPO OXFORD TALLA S -MUJER,DOTACION - D,UNIDAD - UND,025 - 025 - PERSONAL ADMINISTRATIVO,40120.0,0,40120.0,True,False,,
4000,"BROCHA DE 2 1/2""",MATERIAL - M,UNIDAD - UND,020 - 020 - FERRETERIA MENOR,1.0,19,1.19,True,False,DIEGO ANDRES RODRIGUEZ RODRIGUEZ,2025-09-16
4001,CAMISA MANGA LARGA - TIPO OXFORD TALLA S -HOMBRE,DOTACION - D,UNIDAD - UND,025 - 025 - PERSONAL ADMINISTRATIVO,38090.0,0,38090.0,True,False,,
4002,CAMISA TIPO POLO BLANCA TALLA L- HOMBRE,DOTACION - D,UNIDAD - UND,025 - 025 - PERSONAL ADMINISTRATIVO,27000.0,0,27000.0,True,False,,
4003,CAMISA TIPO POLO BLANCA TALLA S- HOMBRE,DOTACION - D,UNIDAD - UND,025 - 025 - PERSONAL ADMINISTRATIVO,30000.0,0,30000.0,True,False,,
4004,SIKA-2 (5.5 KG),MATERIAL - M,KILOGRAMO - KG,020 - 020 - FERRETERIA MENOR,1.0,19,1.19,True,False,DIEGO ANDRES RODRIGUEZ RODRIGUEZ,2025-09-16
4005,"TABLETA DE GRESS LISA 25X7 COLOR ALMENDRA, ARENA Y MATIZADA O SIMILAR",MATERIAL - M,METRO CUADRADO - M2,009 - 009 - ENCHAPES,1.0,0,1.0,True,False,,
4006,GRANITO NO. 3 VARIOS COLORES 40KG,MATERIAL - M,BULTO - BE,020 - 020 - FERRETERIA MENOR,1.0,19,1.19,True,False,DIEGO ANDRES RODRIGUEZ RODRIGUEZ,2025-09-16
4007,CAMISA TIPO POLO BLANCA TALLA S- MUJER,DOTACION - D,UNIDAD - UND,025 - 025 - PERSONAL ADMINISTRATIVO,0.0,0,0.0,True,False,,
4008,ESQUINERO DE ALUMINIO 6.00ML,MATERIAL - M,UNIDAD - UND,018 - 018 - CARPINTERIA METALICA,1.0,0,1.0,True,False,,
4009,CAMISA TIPO POLO BLANCA TALLA L- MUJER,DOTACION - D,UNIDAD - UND,025 - 025 - PERSONAL ADMINISTRATIVO,30000.0,0,30000.0,True,False,,
4010,FAJA PARA LEVANTAMIENTO DE CARGAS,DOTACION - D,UNIDAD - UND,025 - 025 - PERSONAL ADMINISTRATIVO,36000.0,0,36000.0,True,False,MARCELA TATIANA MANTILLA VELA,2025-10-17
4011,PANTALON INDUSTRIAL EN JEAN TALLA 36,DOTACION - D,UNIDAD - UND,029 - 029 - SG-SST,30000.0,0,30000.0,True,False,DIEGO ANDRES RODRIGUEZ RODRIGUEZ,2025-10-31
4012,SENAL ACRILICA CARGUE Y DESCARGUE,DOTACION - D,UNIDAD - UND,025 - 025 - PERSONAL ADMINISTRATIVO,3333.33,0,3333.33,True,False,GLADYS JOHANNA CHAPUESGAL YANDUN,2025-08-02
4013,SENAL ACRILICA SANITARIOS,DOTACION - D,UNIDAD - UND,025 - 025 - PERSONAL ADMINISTRATIVO,3333.33,0,3333.33,True,False,,
4014,PRILAN GRUESO DE BRONCE 280 (3M),MATERIAL - M,METRO LINEAL - ML,018 - 018 - CARPINTERIA METALICA,1.0,0,1.0,True,False,,
4015,LAMINA DE ZINC CORREA ACC 3X8 C-34,MATERIAL - M,METRO CUADRADO - M2,004 - 004 - CUBIERTA Y CANALES,1.0,19,1.19,True,False,DIEGO ANDRES RODRIGUEZ RODRIGUEZ,2025-09-10
4016,AMARRE METALICO N. 16,MATERIAL - M,UNIDAD - UND,020 - 020 - FERRETERIA MENOR,1.0,19,1.19,True,False,DIEGO ANDRES RODRIGUEZ RODRIGUEZ,2025-09-16
4017,TABLA FORMALETA BURRA 25CMT X3MTR,MATERIAL - M,UNIDAD - UND,019 - 019 - CARPINTERIA MADERA,30320.95,0,30320.95,True,False,,
4018,GANCHO GALV. 4.7 MM X 25 CMS AJOVER,MATERIAL - M,UNIDAD - UND,020 - 020 - FERRETERIA MENOR,1.0,19,1.19,True,False,DIEGO ANDRES RODRIGUEZ RODRIGUEZ,2025-09-16
4019,TORNILLOS AUTOPERFORANTE 7/8,MATERIAL - M,UNIDAD - UND,020 - 020 - FERRETERIA MENOR,1.0,19,1.19,True,False,DIEGO ANDRES RODRIGUEZ RODRIGUEZ,2025-09-16
4020,TEJA EN FIBROCEMENTO PERFIL 7 ONDULADA NO. 4 O SIMILAR,MATERIAL - M,UNIDAD - UND,004 - 004 - CUBIERTA Y CANALES,1.0,19,1.19,True,False,,
4021,TEJA CANAL 0.90 L=6 M,MATERIAL - M,UNIDAD - UND,004 - 004 - CUBIERTA Y CANALES,1.0,19,1.19,True,False,,
4022,TORNILLO FORMA ALA PARA CANALETA,MATERIAL - M,UNIDAD - UND,020 - 020 - FERRETERIA MENOR,1.0,19,1.19,True,False,DIEGO ANDRES RODRIGUEZ RODRIGUEZ,2025-09-16
4023,TORNILLO FIJADOR CANALETA,MATERIAL - M,UNIDAD - UND,020 - 020 - FERRETERIA MENOR,1.0,19,1.19,True,False,DIEGO ANDRES RODRIGUEZ RODRIGUEZ,2025-09-16
4024,"CLIP OCULTO DE FIJACION STELL STAMDING SEAM, INCLUYE ACCESORIOS PARA ANCLAR AL PERFIL",MATERIAL - M,UNIDAD - UND,004 - 004 - CUBIERTA Y CANALES,1.0,19,1.19,True,False,DIEGO ANDRES RODRIGUEZ RODRIGUEZ,2025-09-10
4025,TEJA METALICA ALUZINC PINTADA CAL 28 REF RAL 5005 X 3.5 M O SIMILAR,MATERIAL - M,METRO CUADRADO - M2,004 - 004 - CUBIERTA Y CANALES,1.0,19,1.19,True,False,,
4026,ESTUCO PLASTICO X 30 KG,MATERIAL - M,CUÑETE - CÑT,017 - 017 - ACABADOS Y PINTURA,59805.95,0,59805.95,True,False,EDIER JAFETH MARIOTTA PADILLA,2025-08-05
4027,COVERFIL BLANCO -CUNETE,MATERIAL - M,CUÑETE - CÑT,020 - 020 - FERRETERIA MENOR,264999.99,19,315349.99,True,False,DIEGO ANDRES RODRIGUEZ RODRIGUEZ,2025-09-16
4028,"GRUA CON MOTOR ELECTRICO, SIN OPERADOR",EQUIPO - E,DIA - DIA,022 - 022 - MAQUINARIA Y EQUIPO,1.0,0,1.0,True,False,,
4029,CABALLETE PARA CUBIERTA 0.60X2.0 M CAL 26 0.45 MM,MATERIAL - M,UNIDAD - UND,004 - 004 - CUBIERTA Y CANALES,1.0,19,1.19,True,False,DIEGO ANDRES RODRIGUEZ RODRIGUEZ,2025-09-10
4030,TORNILLOS TPF 3/4,MATERIAL - M,UNIDAD - UND,020 - 020 - FERRETERIA MENOR,1.0,19,1.19,True,False,DIEGO ANDRES RODRIGUEZ RODRIGUEZ,2025-09-16
4031,TEJA TERMOACUSTICA RESIDENCIAL TIPO AJOVER O SIMILAR COLOR BLANCO O SIMILAR,MATERIAL - M,UNIDAD - UND,004 - 004 - CUBIERTA Y CANALES,1.0,19,1.19,True,False,,
4032,PLATINA 1*1/8 X 6M,MATERIAL - M,UNIDAD - UND,018 - 018 - CARPINTERIA METALICA,17189.5,0,17189.5,True,False,,
4033,CABALLE EN PERFIL DE ACERO C90 X 2 M ACESCO O SIMILAR,MATERIAL - M,UNIDAD - UND,004 - 004 - CUBIERTA Y CANALES,1.0,19,1.19,True,False,DIEGO ANDRES RODRIGUEZ RODRIGUEZ,2025-09-10
4034,CABALLETE TERMOACUSTICO L=2 M COLOR BLANCO O SIMILAR,MATERIAL - M,UNIDAD - UND,004 - 004 - CUBIERTA Y CANALES,1.0,19,1.19,True,False,DIEGO ANDRES RODRIGUEZ RODRIGUEZ,2025-09-10
4035,PERFIL EN T ALUMINIO 1/2 X 1/2,MATERIAL - M,METRO LINEAL - ML,018 - 018 - CARPINTERIA METALICA,1.0,0,1.0,True,False,,
4036,ANGULO 1 1/4*1/8 PULG X 6 M,MATERIAL - M,UNIDAD - UND,018 - 018 - CARPINTERIA METALICA,46833.88,0,46833.88,True,False,HERNAN CAMILO GARCIA CONTRERAS,2025-08-04
4037,ANGULOS CAL 26 LONG 2.44ML,MATERIAL - M,METRO LINEAL - ML,018 - 018 - CARPINTERIA METALICA,1.0,0,1.0,True,False,,
4038,PRINCIPALES CAL 26 LONG 2.44ML,MATERIAL - M,UNIDAD - UND,018 - 018 - CARPINTERIA METALICA,1.0,0,1.0,True,False,,
4039,PERFIL OMEGA C 26 X 2.44ML,MATERIAL - M,UNIDAD - UND,018 - 018 - CARPINTERIA METALICA,1.0,0,1.0,True,False,,
4040,TOR. LAMINA 6 - 1 1/2,MATERIAL - M,UNIDAD - UND,020 - 020 - FERRETERIA MENOR,1.0,19,1.19,True,False,DIEGO ANDRES RODRIGUEZ RODRIGUEZ,2025-09-16
4041,CINTA X75,MATERIAL - M,UNIDAD - UND,020 - 020 - FERRETERIA MENOR,1.0,19,1.19,True,False,DIEGO ANDRES RODRIGUEZ RODRIGUEZ,2025-09-16
4042,LIJA MASILLA,MATERIAL - M,UNIDAD - UND,020 - 020 - FERRETERIA MENOR,1.0,19,1.19,True,False,DIEGO ANDRES RODRIGUEZ RODRIGUEZ,2025-09-16
4043,CLAVO DE ACERO,MATERIAL - M,LIBRA - LB,020 - 020 - FERRETERIA MENOR,5300.0,19,6307.0,True,False,DIEGO ANDRES RODRIGUEZ RODRIGUEZ,2025-09-16
4044,PERFIL PHR C 120X60 X 6 MTS CAL 16,MATERIAL - M,UNIDAD - UND,018 - 018 - CARPINTERIA METALICA,1.0,0,1.0,True,False,,
4045,TUBERIA GALVANIZADA 2 PULG.* 3MM X 6 M,MATERIAL - M,UNIDAD - UND,018 - 018 - CARPINTERIA METALICA,113521.81,0,113521.81,True,False,,
4046,ESMALTE SINTETICO,MATERIAL - M,GALON - GAL,020 - 020 - FERRETERIA MENOR,1.0,19,1.19,True,False,DIEGO ANDRES RODRIGUEZ RODRIGUEZ,2025-09-16
4047,PERFIL PHR C 160X60X6 1.5MM C/AN K14,MATERIAL - M,UNIDAD - UND,018 - 018 - CARPINTERIA METALICA,1.0,0,1.0,True,False,,
4048,"PERFIL EN TUBO RECTANGULAR PTE 80 MM X 40 MM, E=2 MM",MATERIAL - M,UNIDAD - UND,018 - 018 - CARPINTERIA METALICA,98609.47,0,98609.47,True,False,DIEGO ANDRES RODRIGUEZ RODRIGUEZ,2025-09-08
4049,"BARRA DE ACERO DE 3/8"" CORRUGADA X 6M",MATERIAL - M,UNIDAD - UND,003 - 003 - ACEROS Y REFUERZOS METALICO,14650.09,0,14650.09,True,False,MARIA PAULA BALLEN MANOSALVA,2026-05-19
4050,"BARRA DE ACERO DE 1/2"" CORRUGADA",MATERIAL - M,METRO LINEAL - ML,003 - 003 - ACEROS Y REFUERZOS METALICO,1.0,0,1.0,True,False,,
4051,"BARRA DE ACERO DE 5/8"" CORRUGADA",MATERIAL - M,METRO LINEAL - ML,003 - 003 - ACEROS Y REFUERZOS METALICO,1.0,0,1.0,True,False,,
4052,"CORREA METALICA 3""X 1 1/12""",MATERIAL - M,METRO LINEAL - ML,018 - 018 - CARPINTERIA METALICA,1.0,0,1.0,True,False,,
4053,LACA TRANSPARENTE SOBRE MADERA,MATERIAL - M,METRO - M,020 - 020 - FERRETERIA MENOR,1.0,19,1.19,True,False,DIEGO ANDRES RODRIGUEZ RODRIGUEZ,2025-09-22
4054,SELLADOR M 140 O SIMILAR,MATERIAL - M,GALON - GAL,020 - 020 - FERRETERIA MENOR,1.0,19,1.19,True,False,DIEGO ANDRES RODRIGUEZ RODRIGUEZ,2025-09-16
4055,"BISAGRAS COBRIZADA 3""",MATERIAL - M,UNIDAD - UND,019 - 019 - CARPINTERIA MADERA,1.0,0,1.0,True,False,,
4056,PUERTA PIZANO 0.70 O SIMILAR,MATERIAL - M,UNIDAD - UND,019 - 019 - CARPINTERIA MADERA,1.0,0,1.0,True,False,,
4057,"MARCOS PUERTAS LAMINA CAL. 18, INCL. ANTICORROSIVO Y ESMALTE",MATERIAL - M,METRO LINEAL - ML,018 - 018 - CARPINTERIA METALICA,1.0,0,1.0,True,False,,
4058,CERRADURA SCHLAGE BANO A 40S BELL WOOD GOLD O SIMILAR,MATERIAL - M,UNIDAD - UND,020 - 020 - FERRETERIA MENOR,1.0,19,1.19,True,False,DIEGO ANDRES RODRIGUEZ RODRIGUEZ,2025-09-16
4059,VIDRIO 4MM,MATERIAL - M,METRO CUADRADO - M2,017 - 017 - ACABADOS Y PINTURA,1.0,0,1.0,True,False,,
4060,PUERTA PIZANO 0.90 O SIMILAR,MATERIAL - M,UNIDAD - UND,019 - 019 - CARPINTERIA MADERA,1.0,0,1.0,True,False,,
4061,"CERRADURA TIPO OFICINA, A 50WS BELL WOOD GOLD O SIMILAR",MATERIAL - M,UNIDAD - UND,020 - 020 - FERRETERIA MENOR,1.0,19,1.19,True,False,DIEGO ANDRES RODRIGUEZ RODRIGUEZ,2025-09-16
4062,PUERTA PIZANO 0.80 O SIMILAR,MATERIAL - M,UNIDAD - UND,019 - 019 - CARPINTERIA MADERA,1.0,0,1.0,True,False,,
4063,LACA TRANSPARENTE MATE PRIMERA CALIDAD,MATERIAL - M,GALON - GAL,020 - 020 - FERRETERIA MENOR,1.0,19,1.19,True,False,DIEGO ANDRES RODRIGUEZ RODRIGUEZ,2025-09-16
4064,"PUERTA EN TRIPLEZ CON MARCO EN MADERA BISAGRA 3"" OMEGA CAHPA DE POMO CROMADA CON PINTURA",MATERIAL - M,UNIDAD - UND,019 - 019 - CARPINTERIA MADERA,1.0,0,1.0,True,False,,
4065,ANGULO HIERRO 3/4 X 1/8,MATERIAL - M,METRO LINEAL - ML,018 - 018 - CARPINTERIA METALICA,1.0,0,1.0,True,False,,
4066,"PUERTA EN LAMINA COLD ROLLED 1.00X2.00 CAL.18, INCLUYE ANTICORROSIVO-SUB-CONTRATO",MATERIAL - M,UNIDAD - UND,019 - 019 - CARPINTERIA MADERA,1.0,0,1.0,True,False,,
4067,BISAGRA ALUMINIO EXT 3,MATERIAL - M,UNIDAD - UND,020 - 020 - FERRETERIA MENOR,7500.0,19,8925.0,True,False,DIEGO ANDRES RODRIGUEZ RODRIGUEZ,2025-09-16
4068,CERRADURA YALE DE SOBREPONER,MATERIAL - M,UNIDAD - UND,020 - 020 - FERRETERIA MENOR,1.0,19,1.19,True,False,DIEGO ANDRES RODRIGUEZ RODRIGUEZ,2025-09-16
4069,EQUIPO DE SOLDADURA CON OPERARIO E INSUMOS METALURGICOS,EQUIPO - E,DIA - DIA,022 - 022 - MAQUINARIA Y EQUIPO,1.0,0,1.0,True,False,,
4070,PUERTA METALICA 2.4 X 1.0 MT CON MARCO,MATERIAL - M,UNIDAD - UND,018 - 018 - CARPINTERIA METALICA,1.0,0,1.0,True,False,,
4071,PINTURA ACABADO EN ESMALTE,MATERIAL - M,METRO CUADRADO - M2,017 - 017 - ACABADOS Y PINTURA,1.0,0,1.0,True,False,,
4072,LAMINA COLD ROLLED CAL.18 2.00X1.00,MATERIAL - M,UNIDAD - UND,018 - 018 - CARPINTERIA METALICA,1.0,0,1.0,True,False,,
4073,VENTANA 5020 200X100 2H,MATERIAL - M,UNIDAD - UND,018 - 018 - CARPINTERIA METALICA,1.0,0,1.0,True,False,,
4074,VENTANA 5020 200X100 3H,MATERIAL - M,UNIDAD - UND,018 - 018 - CARPINTERIA METALICA,1.0,0,1.0,True,False,,
4075,VENTANA 5020 200X100,MATERIAL - M,UNIDAD - UND,018 - 018 - CARPINTERIA METALICA,1.0,0,1.0,True,False,,
4076,VENTANA 5020 300X150 3H,MATERIAL - M,UNIDAD - UND,018 - 018 - CARPINTERIA METALICA,1.0,0,1.0,True,False,,
4077,VENTANA 744 100X100 2H,MATERIAL - M,UNIDAD - UND,018 - 018 - CARPINTERIA METALICA,1.0,0,1.0,True,False,,
4078,VENTANA 744 200X100 2H,MATERIAL - M,UNIDAD - UND,018 - 018 - CARPINTERIA METALICA,1.0,0,1.0,True,False,,
4079,VENTANA 744 300X150 2H,MATERIAL - M,UNIDAD - UND,018 - 018 - CARPINTERIA METALICA,1.0,0,1.0,True,False,,
4080,"""SIKA TRANSPARENTE 10 (5KG)",MATERIAL - M,UNIDAD - UND,001 - 001 - ADHESIVOS Y ADITIVOS,1.0,19,1.19,True,False,,
4081,PULIPLAST,MATERIAL - M,CUÑETE - CÑT,017 - 017 - ACABADOS Y PINTURA,1.0,19,1.19,True,False,,
4082,GRANIPLAST CNTE,MATERIAL - M,CUÑETE - CÑT,017 - 017 - ACABADOS Y PINTURA,1.0,19,1.19,True,False,,
4083,MANTO EDIL ESTANDAR 3MM,MATERIAL - M,METRO CUADRADO - M2,001 - 001 - ADHESIVOS Y ADITIVOS,1.0,19,1.19,True,False,,
4084,SIKA ALUMOL X 16 KLS 94547,MATERIAL - M,KILOGRAMO - KG,001 - 001 - ADHESIVOS Y ADITIVOS,1.0,19,1.19,True,False,,
4085,SIKA IGASOL CUB. X 3.5 KLS 94591- 1 KG,MATERIAL - M,KILOGRAMO - KG,001 - 001 - ADHESIVOS Y ADITIVOS,1.0,19,1.19,True,False,,
4086,IMPUESTO DE TIMBRE,SUBCONTRATO - S,UNIDAD - UND,043 - 043 - SUBCONTRATO,168480000.0,0,168480000.0,True,False,MARCELA TATIANA MANTILLA VELA,2025-08-05
4087,"CONECTOR EMT 1/2""",MATERIAL - M,UNIDAD - UND,"014 - 014 - INSTALACIONES ELECTRICAS, VOZ Y DATOS",837.78,19,996.96,True,False,DIEGO ANDRES RODRIGUEZ RODRIGUEZ,2025-09-22
4088,"LAMPARA PANEL LEO 24W CUADRADA 10""",MATERIAL - M,UNIDAD - UND,"014 - 014 - INSTALACIONES ELECTRICAS, VOZ Y DATOS",17898.99,19,21299.8,True,False,DIEGO ANDRES RODRIGUEZ RODRIGUEZ,2025-09-22
4089,LAMPARA PANEL LEO 24W CUADRADA SOBREPONER,MATERIAL - M,UNIDAD - UND,"014 - 014 - INSTALACIONES ELECTRICAS, VOZ Y DATOS",21743.99,19,25875.35,True,False,DIEGO ANDRES RODRIGUEZ RODRIGUEZ,2025-09-22
4090,"TAPON RECTANGULAR 3"" X 1-1/2""",MATERIAL - M,UNIDAD - UND,004 - 004 - CUBIERTA Y CANALES,778.0,19,925.82,True,False,DIEGO ANDRES RODRIGUEZ RODRIGUEZ,2025-09-10
4091,SILICONA X 300ML BLANCA,MATERIAL - M,UNIDAD - UND,020 - 020 - FERRETERIA MENOR,10123.29,19,12046.72,True,False,DIEGO ANDRES RODRIGUEZ RODRIGUEZ,2025-09-16
4092,"ADAPTADOR TERMINAL CONDUIT 1"" SCH40",MATERIAL - M,UNIDAD - UND,"014 - 014 - INSTALACIONES ELECTRICAS, VOZ Y DATOS",1750.99,19,2083.68,True,False,DIEGO ANDRES RODRIGUEZ RODRIGUEZ,2025-09-22
4093,"TEJA ARQUITECTONICA PREPINTADA ANCHO 1M X 2,5 M CAL. 30",MATERIAL - M,UNIDAD - UND,004 - 004 - CUBIERTA Y CANALES,38750.0,19,46112.5,True,False,,
4094,TEJA ARQUITECTONICA PREPINTADA ANCHO 1M X 3 M CAL. 30,MATERIAL - M,UNIDAD - UND,004 - 004 - CUBIERTA Y CANALES,51500.0,19,61285.0,True,False,,
4095,"TEJA ARQUITECTONICA PREPINTADA ANCHO 1M X 4,3 M CAL. 30",MATERIAL - M,UNIDAD - UND,004 - 004 - CUBIERTA Y CANALES,71238.46,19,84773.77,True,False,,
4096,"TEJA ARQUITECTONICA PREPINTADA ANCHO 1M X 4,4 M CAL. 30",MATERIAL - M,UNIDAD - UND,004 - 004 - CUBIERTA Y CANALES,1.0,19,1.19,True,False,,
4097,"TEJA ARQUITECTONICA PREPINTADA ANCHO 1M X 4,5 M CAL. 30",MATERIAL - M,UNIDAD - UND,004 - 004 - CUBIERTA Y CANALES,73125.0,19,87018.75,True,False,,
4098,"TEJA ARQUITECTONICA PREPINTADA ANCHO 1M X 4,7 M CAL. 30",MATERIAL - M,UNIDAD - UND,004 - 004 - CUBIERTA Y CANALES,72850.0,19,86691.5,True,False,,
4099,"TEJA ARQUITECTONICA PREPINTADA ANCHO 1M X 4,8 M CAL. 30",MATERIAL - M,UNIDAD - UND,004 - 004 - CUBIERTA Y CANALES,74399.99,19,88535.99,True,False,,
4100,TEJA ARQUITECTONICA PREPINTADA ANCHO 1M X 5 M CAL. 30,MATERIAL - M,UNIDAD - UND,004 - 004 - CUBIERTA Y CANALES,77999.8,19,92819.76,True,False,,
4101,"TEJA ARQUITECTONICA PREPINTADA ANCHO 1M X 5,1 M CAL. 30",MATERIAL - M,UNIDAD - UND,004 - 004 - CUBIERTA Y CANALES,74983.33,19,89230.16,True,False,,
4102,"TEJA ARQUITECTONICA PREPINTADA ANCHO 1M X 5,4 M CAL. 30",MATERIAL - M,UNIDAD - UND,004 - 004 - CUBIERTA Y CANALES,83700.0,19,99603.0,True,False,,
4103,"TEJA ARQUITECTONICA PREPINTADA ANCHO 1M X 5,5 M CAL. 30",MATERIAL - M,UNIDAD - UND,004 - 004 - CUBIERTA Y CANALES,85250.0,19,101447.5,True,False,,
4104,"TEJA ARQUITECTONICA PREPINTADA ANCHO 1M X 5,6 M CAL. 30",MATERIAL - M,UNIDAD - UND,004 - 004 - CUBIERTA Y CANALES,1.0,19,1.19,True,False,,
4105,TEJA ARQUITECTONICA PREPINTADA ANCHO 1M X 6 M CAL. 30,MATERIAL - M,UNIDAD - UND,004 - 004 - CUBIERTA Y CANALES,94111.12,19,111992.23,True,False,,
4106,"TORNILLO AUTOPERFORANTE CON CAPUCHON 14X 2 1/2""",MATERIAL - M,UNIDAD - UND,020 - 020 - FERRETERIA MENOR,757.08,19,900.93,True,False,DIEGO ANDRES RODRIGUEZ RODRIGUEZ,2025-09-16
4107,"PUNTILLA GALVANIZADA 2 1/2""",MATERIAL - M,LIBRA - LB,020 - 020 - FERRETERIA MENOR,5538.3,19,6590.58,True,False,DIEGO ANDRES RODRIGUEZ RODRIGUEZ,2025-09-16
4108,"CODOS ROSCADOS 1/2"" PVC",MATERIAL - M,UNIDAD - UND,020 - 020 - FERRETERIA MENOR,1376.47,19,1638.0,True,False,DIEGO ANDRES RODRIGUEZ RODRIGUEZ,2025-09-16
4109,"BUJE LAVAPLATOS 2""",MATERIAL - M,UNIDAD - UND,020 - 020 - FERRETERIA MENOR,2666.67,19,3173.34,True,False,DIEGO ANDRES RODRIGUEZ RODRIGUEZ,2025-09-16
4110,TUBO SIFON EXTENSION A LAVAMANOS,MATERIAL - M,UNIDAD - UND,020 - 020 - FERRETERIA MENOR,2768.13,19,3294.07,True,False,DIEGO ANDRES RODRIGUEZ RODRIGUEZ,2025-09-16
4111,TALA DE ARBOLES,SERVICIOS - Q,UNIDAD - UND,043 - 043 - SUBCONTRATO,0.0,0,0.0,True,False,,
4112,"MOBILIARIO PARA OFICINA, INCLUYE ESCRITORIO",ATENCIÓN EMERGENCIA - A,UNIDAD - UND,041 - 041 - MUEBLES Y ENSERES,1000000.0,19,1190000.0,True,False,MARIA PAULA BALLEN MANOSALVA,2026-07-29
4113,DOTACION Y EPP PARA PERSONAL DE BODEGA,ELEMEN. PROTECCION - P,UNIDAD - UND,029 - 029 - SG-SST,1000000.0,0,1000000.0,True,False,YEFERSON ELIAS DUARTE NIEVES,2025-09-09
4114,PANTALON INDUSTRIAL EN JEAN MUJER,DOTACION - D,UNIDAD - UND,029 - 029 - SG-SST,30000.0,0,30000.0,True,False,,
4115,SENAL INFORMATIVA,NOMINA - N,UNIDAD - UND,029 - 029 - SG-SST,1.0,0,1.0,True,False,,
4116,CAMAROTE MILITAR CURVO,DOTACION - D,UNIDAD - UND,008 - 008 - MOBILIARIO URBANO,1.0,19,1.19,True,False,,
4117,LAVADO DE VEHICULO AUTOMOTOR,CONSUMIBLES - C,UNIDAD - UND,027 - 027 - ASEO Y CAFETERIA,1.0,19,1.19,True,False,DIEGO ANDRES RODRIGUEZ RODRIGUEZ,2025-09-15
4118,TRANSPORTE INTERNO DE PERSONAL,TRANSPORTE - T,VIAJE - VJ,023 - 023 - TRANSPORTE,15000.0,0,15000.0,True,False,DIEGO ANDRES RODRIGUEZ RODRIGUEZ,2025-09-22
4119,"MULTITOMA 6 SALIDAS 0,9M",EQUIPO - E,UNIDAD - UND,008 - 008 - MOBILIARIO URBANO,1.0,0,1.0,True,False,,
4120,FUMIGACION DE OFICINA,SERVICIOS - Q,UNIDAD - UND,042 - 042 - AMBIENTAL,1.0,0,1.0,True,False,,
4121,CAJA DE RESMA DE HOJA TAMANO CARTA (X10 UNIDADES),OFICINA - O,CAJA - CJ,005 - 005 - PAPELERIA,0.0,0,0.0,True,False,,
4122,CARPETA BLANCA 4 ALETAS DESACIFICADA,OFICINA - O,UNIDAD - UND,005 - 005 - PAPELERIA,0.0,0,0.0,True,False,,
4123,GANCHO LEGAJADOR TODO PLASTICO X 20 TRANSPARENTE TRITON,OFICINA - O,UNIDAD - UND,005 - 005 - PAPELERIA,0.0,0,0.0,True,False,,
4124,PINTURA KORAZA BLANCA,MATERIAL - M,CUÑETE - CÑT,017 - 017 - ACABADOS Y PINTURA,331997.47,19,395076.99,True,False,,
4125,PERFIL RECTANGULAR 80MM X 40MM CALIBRE 18 LARGO 6M,MATERIAL - M,UNIDAD - UND,020 - 020 - FERRETERIA MENOR,61137.04,0,61137.04,True,False,YEFERSON ELIAS DUARTE NIEVES,2025-10-23
4126,ALAMBRE #12 X100 MTS DE COBRE AISLADO THHN BLANCO,MATERIAL - M,ROLLO - ROLL,"014 - 014 - INSTALACIONES ELECTRICAS, VOZ Y DATOS",211222.62,19,251354.92,True,False,YEFERSON ELIAS DUARTE NIEVES,2025-08-08
4127,ALAMBRE #12 X100 MTS DE COBRE AISLADO THHN ROJO,MATERIAL - M,ROLLO - ROLL,"014 - 014 - INSTALACIONES ELECTRICAS, VOZ Y DATOS",206111.04,0,206111.04,True,False,ALISON CAMILA BENAVIDES RIVERA,2026-07-05
4128,TEJA ARQUITECTONICA TRASLUCIDA 1 X 6 M,MATERIAL - M,UNIDAD - UND,004 - 004 - CUBIERTA Y CANALES,312400.0,19,371756.0,True,False,,
4129,ALUMANTO TEXSA AUTOADHESIVO 1 X 10 MTS - ROLLO EN FRIO,MATERIAL - M,ROLLO - ROLL,001 - 001 - ADHESIVOS Y ADITIVOS,181666.67,19,216183.34,True,False,,
4130,"TUBO CONDUIT PVC 1 1/2"" X 3MTS",MATERIAL - M,UNIDAD - UND,"014 - 014 - INSTALACIONES ELECTRICAS, VOZ Y DATOS",13249.99,19,15767.49,True,False,DIEGO ANDRES RODRIGUEZ RODRIGUEZ,2025-09-22
4131,"CURVA CONDUIT PVC 1 1/2""",MATERIAL - M,UNIDAD - UND,"014 - 014 - INSTALACIONES ELECTRICAS, VOZ Y DATOS",2200.2,19,2618.24,True,False,DIEGO ANDRES RODRIGUEZ RODRIGUEZ,2025-09-22
4132,"TABLERO DE DISTRIBUCION TRIFASICO DE 18 CIRCUITOS, CON ESPACIO PARA TOTALIZADOR",MATERIAL - M,UNIDAD - UND,"014 - 014 - INSTALACIONES ELECTRICAS, VOZ Y DATOS",359964.91,19,428358.24,True,False,DIEGO ANDRES RODRIGUEZ RODRIGUEZ,2025-09-22
4133,"BREAKER TIPO INDUSTRIAL, FIJO, BIFASICO, 40A",MATERIAL - M,UNIDAD - UND,"014 - 014 - INSTALACIONES ELECTRICAS, VOZ Y DATOS",114957.3,19,136799.19,True,False,DIEGO ANDRES RODRIGUEZ RODRIGUEZ,2025-09-22
4134,"BREAKER BIPOLAR ENCHUFABLE, 40 A",MATERIAL - M,UNIDAD - UND,"014 - 014 - INSTALACIONES ELECTRICAS, VOZ Y DATOS",54500.92,19,64856.09,True,False,DIEGO ANDRES RODRIGUEZ RODRIGUEZ,2025-09-22
4135,REGISTRO DUCHA TIPO ECONOMICA CON MEZCLADOR Y MONOCONTROL,MATERIAL - M,UNIDAD - UND,011 - 011 - GRIFERIA Y APARATOS HIDROSANITARIOS,29417.01,19,35006.24,True,False,,
4136,CANASTILLA DE DESAGUE DE LAVAPLATOS,MATERIAL - M,UNIDAD - UND,011 - 011 - GRIFERIA Y APARATOS HIDROSANITARIOS,8676.11,19,10324.57,True,False,,
4137,SIFON DE DESAGUE DE LAVAMANOS,MATERIAL - M,UNIDAD - UND,011 - 011 - GRIFERIA Y APARATOS HIDROSANITARIOS,7000.0,19,8330.0,True,False,,
4138,ESTUCO PLASTICO X 30 KG - EXTERIORES,MATERIAL - M,CUÑETE - CÑT,017 - 017 - ACABADOS Y PINTURA,1.0,0,1.0,True,False,,
4139,ESTUCO PLASTICO X 30 KG - INTERIORES,MATERIAL - M,CUÑETE - CÑT,017 - 017 - ACABADOS Y PINTURA,1.0,0,1.0,True,False,,
4140,DESATRASO PROVEEDORES VARIOS (VALORES MENORES A 3 MILLONES),SERVICIOS - Q,UNIDAD - UND,040 - 040 - DISEÑOS Y CONSULTORIAS,0.0,0,0.0,True,False,,
4141,SERVICIO DE INMOBILIARIA,SERVICIOS - Q,UNIDAD - UND,043 - 043 - SUBCONTRATO,1.0,0,1.0,True,False,,
4142,FORMATO DE DIAGNOSTICO URBANO,SERVICIOS - Q,UNIDAD - UND,005 - 005 - PAPELERIA,5000.0,0,5000.0,True,False,,
4143,"CARPINTERIA METALICA (ORNAMENTACION, PUERTAS, VENTANAS)",SUBCONTRATO - S,UNIDAD - UND,018 - 018 - CARPINTERIA METALICA,0.0,0,0.0,True,False,,
4144,CURSO CON ENFASIS EN ALTURA,SERVICIOS - Q,UNIDAD - UND,029 - 029 - SG-SST,0.0,0,0.0,True,False,,
4145,INSUMOS DE VIVIENDA,DOTACION - D,UNIDAD - UND,041 - 041 - MUEBLES Y ENSERES,1.0,0,1.0,True,False,,
4146,REPUESTO VEHICULO,MATERIAL - M,UNIDAD - UND,036 - 036 - GASTOS DE REPRESENTACION,1.0,0,1.0,True,False,,
4147,MOTOCICLETA AUTOMATICA 4T,TRANSPORTE - T,UNIDAD - UND,023 - 023 - TRANSPORTE,8296599.0,19,9872952.81,True,False,,
4148,CE2025-TC-CANAL METALICA DE AGUAS LLUVIAS,SUBCONTRATO - S,METRO LINEAL - ML,043 - 043 - SUBCONTRATO,1.0,0,1.0,True,False,,
4149,PALA CUADRADA,EQUIPO - E,UNIDAD - UND,020 - 020 - FERRETERIA MENOR,28166.67,19,33518.34,True,False,,
4150,BROCA PARA MURO 5/8 PULG.,MATERIAL - M,UNIDAD - UND,020 - 020 - FERRETERIA MENOR,45000.0,19,53550.0,True,False,,
4151,CE2025-MO-ELECTRUCA-SAN JOSE DE LA PESQUERA,SUBCONTRATO - S,UNIDAD - UND,043 - 043 - SUBCONTRATO,1.0,0,1.0,True,False,,
4152,GRAPA ABRAZADERA METALICA SENCILLA PARA TUBO 3/4 (DE UNA OREJA),MATERIAL - M,UNIDAD - UND,"014 - 014 - INSTALACIONES ELECTRICAS, VOZ Y DATOS",252.0,19,299.88,True,False,DIEGO ANDRES RODRIGUEZ RODRIGUEZ,2025-09-22
4153,CAJA 4X4 METALICA,MATERIAL - M,UNIDAD - UND,"014 - 014 - INSTALACIONES ELECTRICAS, VOZ Y DATOS",1.0,19,1.19,True,False,DIEGO ANDRES RODRIGUEZ RODRIGUEZ,2025-09-22
4154,CAJA 4X2 METALICA,MATERIAL - M,UNIDAD - UND,"014 - 014 - INSTALACIONES ELECTRICAS, VOZ Y DATOS",2929.99,19,3486.69,True,False,DIEGO ANDRES RODRIGUEZ RODRIGUEZ,2025-09-22
4155,TERMINAL-CONECTOR EMT DE 3/4 PULGADAS ACERO C-H,MATERIAL - M,UNIDAD - UND,"014 - 014 - INSTALACIONES ELECTRICAS, VOZ Y DATOS",1525.0,19,1814.75,True,False,DIEGO ANDRES RODRIGUEZ RODRIGUEZ,2025-09-22
4156,UNION EMT DE 3/4 PULGADAS ACERO C-H,MATERIAL - M,UNIDAD - UND,"014 - 014 - INSTALACIONES ELECTRICAS, VOZ Y DATOS",600.0,19,714.0,True,False,DIEGO ANDRES RODRIGUEZ RODRIGUEZ,2025-09-22
4159,CE-2025-TC70%,SUBCONTRATO - S,UNIDAD - UND,043 - 043 - SUBCONTRATO,1.0,0,1.0,True,False,,
4160,BASE CAMA CON COLCHON,DOTACION - D,UNIDAD - UND,041 - 041 - MUEBLES Y ENSERES,550000.0,0,550000.0,True,False,,
4161,LAVADORA,DOTACION - D,UNIDAD - UND,041 - 041 - MUEBLES Y ENSERES,1300000.0,0,1300000.0,True,False,,
4162,ALQUILER DE EQUIPO DE TOPOGRAFIA,EQUIPO - E,DIA - DIA,022 - 022 - MAQUINARIA Y EQUIPO,0.0,0,0.0,True,False,MARIA PAULA BALLEN MANOSALVA,2026-07-29
4163,ARREGLO Y ADECUACIONES,SERVICIOS - Q,UNIDAD - UND,034 - 034 - MANTENIMIENTO,0.0,0,0.0,True,False,,
4164,PINTURA VINILO TIPO 1 PARA USO EXTERIOR,MATERIAL - M,GALON - GAL,017 - 017 - ACABADOS Y PINTURA,59375.0,0,59375.0,True,False,,
4165,REEMPLAZO DE LLANTA PARA MOTOCICLETA,CONSUMIBLES - C,UNIDAD - UND,033 - 033 - REPUESTOS E INSUMOS,1.0,19,1.19,True,False,DIEGO ANDRES RODRIGUEZ RODRIGUEZ,2025-09-22
4166,"ARNES CUERPO COMPLETO EN X - CERTIFICADO, CON MENOS DE 6 MESES DE FABRICACION (MARCA INSAFE, ORBIT, 3M, LINKTECH)",EQUIPO - E,UNIDAD - UND,029 - 029 - SG-SST,133010.49,0,133010.49,True,False,,
4167,"ESLINGA DOBLE EN Y CON ABSORBEDOR REGULABLE - CERTIFICADO (MARCA INSAFE, ORBIT, 3M, LINKTECH)",EQUIPO - E,UNIDAD - UND,029 - 029 - SG-SST,157161.0,0,157161.0,True,False,,
4168,CAJA RADWEL 2X4 EMT CON SALIDA 1/2,MATERIAL - M,UNIDAD - UND,"014 - 014 - INSTALACIONES ELECTRICAS, VOZ Y DATOS",12080.37,19,14375.64,True,False,DIEGO ANDRES RODRIGUEZ RODRIGUEZ,2025-09-22
4169,CAJA RADWEL 2X4 EMT CON SALIDA 3/4,MATERIAL - M,UNIDAD - UND,"014 - 014 - INSTALACIONES ELECTRICAS, VOZ Y DATOS",13258.92,19,15778.11,True,False,DIEGO ANDRES RODRIGUEZ RODRIGUEZ,2025-09-22
4170,MOLDE GRAFITO EN T 2-0- 2 AWG TEA2002,MATERIAL - M,UNIDAD - UND,"014 - 014 - INSTALACIONES ELECTRICAS, VOZ Y DATOS",215936.54,19,256964.48,True,False,DIEGO ANDRES RODRIGUEZ RODRIGUEZ,2025-09-22
4171,MOLDE GRAFITO FORMA CRUZ CABLE A CABLE EN CRUZ 2-0 A 2-0 XEA2020,MATERIAL - M,UNIDAD - UND,"014 - 014 - INSTALACIONES ELECTRICAS, VOZ Y DATOS",215805.6,19,256808.66,True,False,DIEGO ANDRES RODRIGUEZ RODRIGUEZ,2025-09-22
4172,BREAKER DE RIEL 2X80 AMP,MATERIAL - M,UNIDAD - UND,"014 - 014 - INSTALACIONES ELECTRICAS, VOZ Y DATOS",25000.0,19,29750.0,True,False,DIEGO ANDRES RODRIGUEZ RODRIGUEZ,2025-09-22
4173,CAJA METALICA DE 20*20*15,MATERIAL - M,UNIDAD - UND,"014 - 014 - INSTALACIONES ELECTRICAS, VOZ Y DATOS",34910.51,19,41543.51,True,False,DIEGO ANDRES RODRIGUEZ RODRIGUEZ,2025-09-22
4174,"ADAPTADOR TERMINAL 2""",MATERIAL - M,UNIDAD - UND,"014 - 014 - INSTALACIONES ELECTRICAS, VOZ Y DATOS",1.0,19,1.19,True,False,DIEGO ANDRES RODRIGUEZ RODRIGUEZ,2025-09-22
4175,MOBILIARIO DE OFICINA,OFICINA - O,UNIDAD - UND,041 - 041 - MUEBLES Y ENSERES,0.0,0,0.0,True,False,YEFERSON ELIAS DUARTE NIEVES,2025-08-27
4176,UTILES DE ASEO OFICINA,MATERIAL - M,UNIDAD - UND,027 - 027 - ASEO Y CAFETERIA,0.0,0,0.0,True,False,YEFERSON ELIAS DUARTE NIEVES,2025-08-27
4177,MARCOS DE ALUMINIO PARA LAMPARAS LED,ATENCIÓN EMERGENCIA - A,UNIDAD - UND,"014 - 014 - INSTALACIONES ELECTRICAS, VOZ Y DATOS",1.0,19,1.19,True,False,DIEGO ANDRES RODRIGUEZ RODRIGUEZ,2025-09-22
4178,SERVICIO DE RECOLECCION DE ASEO,SERVICIOS - Q,UNIDAD - UND,030 - 030 - SERVICIOS PUBLICOS,0.0,0,0.0,True,False,,
4179,INSUMOS OFICINA,MATERIAL - M,UNIDAD - UND,033 - 033 - REPUESTOS E INSUMOS,0.0,0,0.0,True,False,,
4180,TRANSPORTE DE MATERIAL,TRANSPORTE - T,UNIDAD - UND,023 - 023 - TRANSPORTE,943272.39,0,943272.39,True,False,DIEGO ANDRES RODRIGUEZ RODRIGUEZ,2025-09-22
4181,BROCA MADERA 1/4X6,MATERIAL - M,UNIDAD - UND,020 - 020 - FERRETERIA MENOR,15000.0,19,17850.0,True,False,LUIS FERNANDO CAMPO ACOSTA,2025-08-27
4182,CODO GALVANIZADO 1/2,MATERIAL - M,UNIDAD - UND,020 - 020 - FERRETERIA MENOR,2866.15,19,3410.72,True,False,,
4183,"SIFON SANITARIO COMPLETO 2""",MATERIAL - M,UNIDAD - UND,020 - 020 - FERRETERIA MENOR,5042.02,19,6000.0,True,False,,
4184,ACRONAL,MATERIAL - M,KILOGRAMO - KG,020 - 020 - FERRETERIA MENOR,11500.0,19,13685.0,True,False,LUIS FERNANDO CAMPO ACOSTA,2025-08-28
4185,TAPAGOTERA UNIVERSAL 1/4,MATERIAL - M,UNIDAD - UND,020 - 020 - FERRETERIA MENOR,25000.0,19,29750.0,True,False,,
4186,MANO DE OBRA CIELORASO,SUBCONTRATO - S,UNIDAD - UND,043 - 043 - SUBCONTRATO,1.0,0,1.0,True,False,YEFERSON ELIAS DUARTE NIEVES,2025-08-27
4187,TUBO RECTANGULAR ESTRUCTURAL PTE 100X50X2.5MM - 6M,MATERIAL - M,UNIDAD - UND,018 - 018 - CARPINTERIA METALICA,177394.49,0,177394.49,True,False,,
4188,"PAQUETE DE CHAZOS CON TORNILLOS 1/4"" X50UND",MATERIAL - M,UNIDAD - UND,020 - 020 - FERRETERIA MENOR,3916.7,19,4660.87,True,False,DIEGO ANDRES RODRIGUEZ RODRIGUEZ,2025-09-22
4189,MARCO Y TAPA CAJA CS-274,MATERIAL - M,UNIDAD - UND,"014 - 014 - INSTALACIONES ELECTRICAS, VOZ Y DATOS",366659.53,19,436324.84,True,False,DIEGO ANDRES RODRIGUEZ RODRIGUEZ,2025-09-22
4190,"DISCO DIAMANTADO CONTINUO 4 1/2""",MATERIAL - M,UNIDAD - UND,020 - 020 - FERRETERIA MENOR,6554.56,19,7799.93,True,False,DIEGO ANDRES RODRIGUEZ RODRIGUEZ,2025-09-22
4191,UBO RECTANGULAR ESTRUCTURAL 200*100*4MM - 6M,MATERIAL - M,UNIDAD - UND,003 - 003 - ACEROS Y REFUERZOS METALICO,570489.57,0,570489.57,True,False,DIEGO ANDRES RODRIGUEZ RODRIGUEZ,2025-08-29
4192,"CHAZO METALICO CONCRETO ANCLAJE 3/8 X 2-1/2""",MATERIAL - M,UNIDAD - UND,020 - 020 - FERRETERIA MENOR,1550.0,19,1844.5,True,False,,
4193,ALQUILER DE VEHICULO,SUBCONTRATO - S,MES - MS,043 - 043 - SUBCONTRATO,4500000.0,0,4500000.0,True,False,,
4194,GASTOS VARIOS,MATERIAL - M,UNIDAD - UND,036 - 036 - GASTOS DE REPRESENTACION,0.0,0,0.0,True,False,,
4195,BROCA PARA MURO 3/8 PULG.,MATERIAL - M,UNIDAD - UND,020 - 020 - FERRETERIA MENOR,4400.0,19,5236.0,True,False,,
4196,JUNDTA O-RING PARA SIFON,MATERIAL - M,UNIDAD - UND,020 - 020 - FERRETERIA MENOR,500.0,19,595.0,True,False,,
4197,"CODO 90 X 1/2"" ROSCADO X SOLDADO PRESION",MATERIAL - M,UNIDAD - UND,020 - 020 - FERRETERIA MENOR,1549.43,19,1843.82,True,False,DIEGO ANDRES RODRIGUEZ RODRIGUEZ,2025-09-22
4198,TANQUE PLASTICO 2000 LT,MATERIAL - M,UNIDAD - UND,011 - 011 - GRIFERIA Y APARATOS HIDROSANITARIOS,916992.0,19,1091220.48,True,False,DIEGO ANDRES RODRIGUEZ RODRIGUEZ,2025-09-16
4199,BUJE CAUCHO 1 1/4 LAVAMANOS,MATERIAL - M,UNIDAD - UND,020 - 020 - FERRETERIA MENOR,899.82,19,1070.79,True,False,DIEGO ANDRES RODRIGUEZ RODRIGUEZ,2025-09-22
4200,MANO DE OBRA - MEDELLIN,SUBCONTRATO - S,UNIDAD - UND,043 - 043 - SUBCONTRATO,1.0,0,1.0,True,False,,
4201,ENCHAPE SEMIBRILLANTE (MEDIDA 60 X 60 CM),MATERIAL - M,METRO CUADRADO - M2,009 - 009 - ENCHAPES,25917.73,19,30842.1,True,False,,
4202,ESTUCO EN PASTA ACRILICO PINTUCO X 28KG,MATERIAL - M,UNIDAD - UND,017 - 017 - ACABADOS Y PINTURA,44569.56,0,44569.56,True,False,MARCELA TATIANA MANTILLA VELA,2025-09-18
4203,"MUEBLE INFERIOR DE COCINA ENTRE MUROS (SOBRE POYO), EN LAMINA RH (INCLUYE MINIMO 3 CAJONES, PUERTAS, DIVISORIOS, ENTREPANOS Y ACCESORIOS), H=0,70 M - MEDELLIN",MATERIAL - M,METRO LINEAL - ML,019 - 019 - CARPINTERIA MADERA,1.0,0,1.0,True,False,,
4204,TAPON DE PLASTICO PARA PERFIL 40X80MM,MATERIAL - M,UNIDAD - UND,004 - 004 - CUBIERTA Y CANALES,987.7,19,1175.36,True,False,DIEGO ANDRES RODRIGUEZ RODRIGUEZ,2025-09-10
4205,TAPA DE REGISTRO 15 X 15 CM CORRIENTE PLASTICA,MATERIAL - M,UNIDAD - UND,013 - 013 - INSTALACIONES HIDROSANITARIAS,1.0,0,1.0,True,False,,
4206,REGISTRO DUCHA MONOCONTROL EN POLIMERO,MATERIAL - M,UNIDAD - UND,011 - 011 - GRIFERIA Y APARATOS HIDROSANITARIOS,28838.06,19,34317.29,True,False,DIEGO ANDRES RODRIGUEZ RODRIGUEZ,2025-09-16
4207,BREAKER ELECTRICO ENCHUFABLE 2X40 AMP,MATERIAL - M,UNIDAD - UND,015 - 015 - REDES ELECTRICAS,24335.1,19,28958.77,True,False,DIEGO ANDRES RODRIGUEZ RODRIGUEZ,2025-09-22
4226,TRANSPORTE DE MATERIAL DESMONTADO,TRANSPORTE - T,Tkm - Tkm,023 - 023 - TRANSPORTE,983.54,0,983.54,True,False,DIEGO ANDRES RODRIGUEZ RODRIGUEZ,2025-09-22
4229,CAMISA MANGA LARGA- TIPO OXFORD TALLA M- HOMBRE,DOTACION - D,UNIDAD - UND,029 - 029 - SG-SST,33500.0,0,33500.0,True,False,,
4230,CAMISETA TIPO POLO BLANCA TALLA M- HOMBRE,DOTACION - D,Porcentaje - %,029 - 029 - SG-SST,26000.0,0,26000.0,True,False,,
4231,CAMISETA TIPO POLO BLANCO TALLA M- MUJER,DOTACION - D,UNIDAD - UND,029 - 029 - SG-SST,26000.0,0,26000.0,True,False,,
4232,CAMISA MANGA LARGA - TIPO OXFORD TALLA XL -HOMBRE,DOTACION - D,UNIDAD - UND,029 - 029 - SG-SST,33500.0,0,33500.0,True,False,,
4233,BOTAS DE SEGURIDAD CON PUNTERA TALLA 37,DOTACION - D,UNIDAD - UND,029 - 029 - SG-SST,58400.0,0,58400.0,True,False,,
4234,BOTAS DE SEGURIDAD CON PUNTERA TALLA 38,DOTACION - D,UNIDAD - UND,029 - 029 - SG-SST,58000.0,0,58000.0,True,False,,
4235,BOTAS DE SEGURIDAD CON PUNTERA TALLA 43,DOTACION - D,UNIDAD - UND,029 - 029 - SG-SST,61363.68,0,61363.68,True,False,,
4236,PANTALON INDUSTRIAL EN JEAN MUJER TALLA 8,DOTACION - D,UNIDAD - UND,029 - 029 - SG-SST,29666.67,0,29666.67,True,False,,
4237,PANTALON INDUSTRIAL EN JEAN MUJER TALLA 12,DOTACION - D,UNIDAD - UND,029 - 029 - SG-SST,29500.0,0,29500.0,True,False,,
4238,BORDADOS CAMISAS Y CAMISETA TIPO POLO,DOTACION - D,UNIDAD - UND,029 - 029 - SG-SST,5000.0,0,5000.0,True,False,,
4239,PLANTA DE TRATAMIENTO DE AGUA POTABLE - CE2025,MATERIAL - M,UNIDAD - UND,012 - 012 - INSTALACIONES HIDRAULICAS,1.0,0,1.0,True,False,,
4240,DISPENSADOR DE AGUA FRIA Y CALIENTE DE MESA,DOTACION - D,UNIDAD - UND,008 - 008 - MOBILIARIO URBANO,431999.75,0,431999.75,True,False,,
4241,BANCAS PREFABRICADAS - CE2025,SUBCONTRATO - S,UNIDAD - UND,043 - 043 - SUBCONTRATO,1.0,0,1.0,True,False,,
4242,"TAPA EN CARCAMO DE CONCRETO. LARGO = 1M, ANCHO=0.31 M, ESPESOR = 0.05 Y ACERO DE 3/8"" - CE2025",MATERIAL - M,UNIDAD - UND,043 - 043 - SUBCONTRATO,1.0,0,1.0,True,False,EDIER JAFETH MARIOTTA PADILLA,2025-09-05
4243,ANILLO EN CONCRETO DE 3000 PSI D=36' CON MALLA ELECTROSOLDADA 4 MM ESPESOR 10CM Y H=1 M - CE2025,MATERIAL - M,UNIDAD - UND,043 - 043 - SUBCONTRATO,1.0,0,1.0,True,False,EDIER JAFETH MARIOTTA PADILLA,2025-09-05
4244,TUBERIA RECTANGULAR DE 3X1+1/2 PULG.CAL.18 X6M,MATERIAL - M,UNIDAD - UND,004 - 004 - CUBIERTA Y CANALES,61224.99,19,72857.74,True,False,DIEGO ANDRES RODRIGUEZ RODRIGUEZ,2025-09-10
4245,TUBERIA ACERO ESTRUCTURAL 4X2 PULGX6M,MATERIAL - M,UNIDAD - UND,003 - 003 - ACEROS Y REFUERZOS METALICO,155000.0,0,155000.0,True,False,HERNAN CAMILO GARCIA CONTRERAS,2025-09-05
4246,4200 - MANO DE OBRA - MEDELLIN,SUBCONTRATO - S,UNIDAD - UND,043 - 043 - SUBCONTRATO,1.0,0,1.0,True,False,,
4247,FORMATO DIAGNOSTICO RURAL,SERVICIOS - Q,UNIDAD - UND,005 - 005 - PAPELERIA,0.0,0,0.0,True,False,,
4248,REVISION DE DIAGNOSTICOS,SERVICIOS - Q,UNIDAD - UND,005 - 005 - PAPELERIA,0.0,0,0.0,True,False,,
4249,EXCEDENTE ARRIENDO,SERVICIOS - Q,UNIDAD - UND,035 - 035 - ARRIENDOS,0.0,0,0.0,True,False,,
4250,EQUIPAJE DE BODEGA,SERVICIOS - Q,UNIDAD - UND,033 - 033 - REPUESTOS E INSUMOS,0.0,0,0.0,True,False,,
4251,BOQUILLA,MATERIAL - M,KILOGRAMO - KG,020 - 020 - FERRETERIA MENOR,5720.22,19,6807.06,True,False,DIEGO ANDRES RODRIGUEZ RODRIGUEZ,2025-09-22
4252,ACIDO MURIATICO – NITRICO GALON 3.8L,MATERIAL - M,GALON - GAL,001 - 001 - ADHESIVOS Y ADITIVOS,12240.34,0,12240.34,True,False,,
4253,BOTAS DE SEGURIDAD CAUCHO AMARILLO,DOTACION - D,UNIDAD - UND,029 - 029 - SG-SST,66000.0,0,66000.0,True,False,,
4254,"CODO PRESION 45° PVC DE 1/2""",MATERIAL - M,UNIDAD - UND,020 - 020 - FERRETERIA MENOR,833.33,19,991.66,True,False,,
4255,BROCA 5/16,MATERIAL - M,UNIDAD - UND,020 - 020 - FERRETERIA MENOR,4400.0,19,5236.0,True,False,,
4256,BEBEDERO SENCILLO DE 100X42X42 FABRICADO EN LAMINA DE ACERO INOXIDABLE CALIBRE 20,SUBCONTRATO - S,UNIDAD - UND,043 - 043 - SUBCONTRATO,1310000.0,0,1310000.0,True,False,,
4257,PAGO BASICO MENSUAL,SERVICIOS - Q,UNIDAD - UND,025 - 025 - PERSONAL ADMINISTRATIVO,420000.0,0,420000.0,True,False,,
4258,ELABORACION DE DIAGNOSTICO MODULAR,SERVICIOS - Q,UNIDAD - UND,005 - 005 - PAPELERIA,100000.0,0,100000.0,True,False,,
4259,ALQUILER DE ANDAMIOS CON TABLONES,EQUIPO - E,DIA - DIA,043 - 043 - SUBCONTRATO,1.0,0,1.0,True,False,,
4260,COLLARIN 180 MM DOBLE SALIDA,MATERIAL - M,UNIDAD - UND,015 - 015 - REDES ELECTRICAS,19895.7,19,23675.88,True,False,,
4261,ALQUILER BODEGA MONTELIBANO,OFICINA - O,MES - MS,025 - 025 - PERSONAL ADMINISTRATIVO,0.0,0,0.0,True,False,,
4262,ALQUILER OFICINA MONTELIBANO,OFICINA - O,MES - MS,025 - 025 - PERSONAL ADMINISTRATIVO,0.0,0,0.0,True,False,,
4263,TALCO 25 MICROTALC BULTO X 25 KG,MATERIAL - M,UNIDAD - UND,"014 - 014 - INSTALACIONES ELECTRICAS, VOZ Y DATOS",24479.49,19,29130.59,True,False,DIEGO ANDRES RODRIGUEZ RODRIGUEZ,2025-09-22
4264,LUZ PILOTO 110V - COLOR ROJO,MATERIAL - M,UNIDAD - UND,"014 - 014 - INSTALACIONES ELECTRICAS, VOZ Y DATOS",14000.35,19,16660.42,True,False,DIEGO ANDRES RODRIGUEZ RODRIGUEZ,2025-09-22
4265,SIFON 2 PULG SANITARIA PAVCO,MATERIAL - M,UNIDAD - UND,011 - 011 - GRIFERIA Y APARATOS HIDROSANITARIOS,6600.0,0,6600.0,True,False,,
4266,TEJA ARQUITECTONICA PREPINTADA ANCHO 1M X4M CAL. 30,MATERIAL - M,UNIDAD - UND,004 - 004 - CUBIERTA Y CANALES,75000.0,0,75000.0,True,False,YEFERSON ELIAS DUARTE NIEVES,2025-09-18
4267,TEMPLETE CUERDA GUITARRA COLLARIN 6-7 MT CON REFUERZO,MATERIAL - M,UNIDAD - UND,"014 - 014 - INSTALACIONES ELECTRICAS, VOZ Y DATOS",129169.24,19,153711.4,True,False,DIEGO ANDRES RODRIGUEZ RODRIGUEZ,2025-09-22
4268,PEDESTAL PARA POSTE METALICO DE ALUMBRADO PUBLICO,MATERIAL - M,UNIDAD - UND,"014 - 014 - INSTALACIONES ELECTRICAS, VOZ Y DATOS",1.0,19,1.19,True,False,DIEGO ANDRES RODRIGUEZ RODRIGUEZ,2025-09-22
4269,MARCO PARA TAPA DE CAJA DE INSPECCION ELECTRICA EN ANGULO DE 60X60,MATERIAL - M,UNIDAD - UND,"014 - 014 - INSTALACIONES ELECTRICAS, VOZ Y DATOS",1.0,19,1.19,True,False,DIEGO ANDRES RODRIGUEZ RODRIGUEZ,2025-09-22
4270,TAPA CIEGA SCH40 OCTOGONAL,MATERIAL - M,UNIDAD - UND,"014 - 014 - INSTALACIONES ELECTRICAS, VOZ Y DATOS",1054.23,19,1254.53,True,False,DIEGO ANDRES RODRIGUEZ RODRIGUEZ,2025-09-22
4271,CABLE ACSR NO. 2 AWG - MTS,MATERIAL - M,METRO LINEAL - ML,015 - 015 - REDES ELECTRICAS,2682.57,19,3192.26,True,False,DIEGO ANDRES RODRIGUEZ RODRIGUEZ,2025-09-22
4272,CAMISA POLO COLOR AZUL OSCURO HOMBRE- TALLA XL LOGO CONYCA SOLUCIONES SAS,DOTACION - D,UNIDAD - UND,025 - 025 - PERSONAL ADMINISTRATIVO,25000.0,0,25000.0,True,False,,
4273,CAMISA MANGA LARGA TIPO OXFORD HOMBRE XL AZUL CELESTE LOGO CONYCA SOLUCIONES SAS,DOTACION - D,UNIDAD - UND,025 - 025 - PERSONAL ADMINISTRATIVO,32000.0,0,32000.0,True,False,,
4274,BROCA METAL 1/4,MATERIAL - M,UNIDAD - UND,020 - 020 - FERRETERIA MENOR,6499.99,19,7734.99,True,False,,
4275,"BARANDA METALICA EN TUBO CIRCULAR DE 2""",MATERIAL - M,UNIDAD - UND,043 - 043 - SUBCONTRATO,1.0,0,1.0,True,False,,
4276,CUCHILLA RUBI 8 ML,MATERIAL - M,UNIDAD - UND,020 - 020 - FERRETERIA MENOR,7000.0,19,8330.0,True,False,,
4277,LIMA GAVILAN COLORADO 6,MATERIAL - M,UNIDAD - UND,020 - 020 - FERRETERIA MENOR,6000.0,19,7140.0,True,False,,
4278,NIVEL DE ALUMINIO 40 CM,CONSUMIBLES - C,UNIDAD - UND,020 - 020 - FERRETERIA MENOR,33000.0,19,39270.0,True,False,,
4279,CLAVO ACERO POR UND,MATERIAL - M,UNIDAD - UND,020 - 020 - FERRETERIA MENOR,300.0,19,357.0,True,False,LUIS FERNANDO CAMPO ACOSTA,2025-09-23
4280,"VALVULA LISA 1/2""",MATERIAL - M,UNIDAD - UND,020 - 020 - FERRETERIA MENOR,3000.0,19,3570.0,True,False,,
4281,"PIEDRA CONO 3"" X 3-1/2"" X 5/8"" C-60 CARBORUNDUM",MAQUINARIA - B,UNIDAD - UND,020 - 020 - FERRETERIA MENOR,99899.07,0,99899.07,True,False,,
4282,TUBERIA CONDUIT GALVANIZADA IMC NTC-105 DE 3/4 PULG.AMERICAN STEEL O SIMILAR.,MATERIAL - M,UNIDAD - UND,"014 - 014 - INSTALACIONES ELECTRICAS, VOZ Y DATOS",19367.99,0,19367.99,True,False,,
4283,PINTURA PARA EXTERIOR ESMALTE TIPO 1 ALUMINIO PINTULUX 1 GALON- COLOR NEGRO,MATERIAL - M,GALON - GAL,017 - 017 - ACABADOS Y PINTURA,125899.62,0,125899.62,True,False,,
4284,"TUBERIA PVC CONDUIT 2""PULG. EXT. LISO VERDE",MATERIAL - M,UNIDAD - UND,"014 - 014 - INSTALACIONES ELECTRICAS, VOZ Y DATOS",16257.78,0,16257.78,True,False,,
4285,TUBERIA CONDUIT GALVANIZADO IMC 1 PULG.,MATERIAL - M,UNIDAD - UND,"014 - 014 - INSTALACIONES ELECTRICAS, VOZ Y DATOS",55088.67,0,55088.67,True,False,,
4286,CE2025 - SENALETICA DE GUIA ADOSADA EN MURO 0.15X0.30 - 0.20X0.20,MATERIAL - M,UNIDAD - UND,037 - 037 - SEÑALIZACION,17000.0,0,17000.0,True,False,,
4287,CE2025 - SENALETICA DE GUIA ADOSADA EN MURO 0.30X0.20,MATERIAL - M,UNIDAD - UND,037 - 037 - SEÑALIZACION,23000.0,0,23000.0,True,False,,
4288,ALQUILER DE EQUIPOS-HR,EQUIPO - E,HORA - HR,022 - 022 - MAQUINARIA Y EQUIPO,0.0,0,0.0,True,False,,
4289,CARGUE Y DESCARGUE MATERIAL_ MED,SERVICIOS - Q,DIA - DIA,024 - 024 - PERSONAL OPERATIVO,0.0,0,0.0,True,False,,
4290,CE 2025 - INSTALACION DE POSTES Y TRANSFORMADOR,SERVICIOS - Q,UNIDAD - UND,015 - 015 - REDES ELECTRICAS,1.0,0,1.0,True,False,,
4291,"PIEZA YEE CALIBRE 24 14""*14""",MATERIAL - M,UNIDAD - UND,018 - 018 - CARPINTERIA METALICA,150000.0,0,150000.0,True,False,,
4292,"PIEZA TEE CALIBRE 24 14""*14""",MATERIAL - M,UNIDAD - UND,018 - 018 - CARPINTERIA METALICA,250000.0,0,250000.0,True,False,,
4293,"ENSAMBLE A MAQUINA CALIBRE 24 20""*20""",MATERIAL - M,UNIDAD - UND,018 - 018 - CARPINTERIA METALICA,200000.0,0,200000.0,True,False,,
4294,"CODO CALIBRE 24 20""*20""",MATERIAL - M,UNIDAD - UND,018 - 018 - CARPINTERIA METALICA,200000.0,0,200000.0,True,False,,
4295,"SUMINISTRO DE PLANTAS ORNAMENTALES (DURANTAS E IXORAS) DE 45 CM DE ALTAS PARA EMBELLECIMIENTO PAISAJISTICO, EN EL AREA DE INFLUENCIA DIRECTA DEL PROYECTO",SUBCONTRATO - S,UNIDAD - UND,042 - 042 - AMBIENTAL,8000.0,0,8000.0,True,False,HERNAN CAMILO GARCIA CONTRERAS,2025-10-21
4296,"KIT ESCOLAR ECOLOGICO (LAPICERO, COLORES; REGLA, TAJALAPIZ, BORRADOR, CUADERNO) + TULA ECOLOGICAS EN CAMBREL 35X45 CM CON LOGO DE LA ENTIDAD EJECUTORA",SUBCONTRATO - S,UNIDAD - UND,042 - 042 - AMBIENTAL,15934.1,0,15934.1,True,False,HERNAN CAMILO GARCIA CONTRERAS,2025-10-21
4297,"CODO CALIBRE 24 14""*14""",MATERIAL - M,UNIDAD - UND,018 - 018 - CARPINTERIA METALICA,150000.0,0,150000.0,True,False,,
4298,"SEMICODO CALIBRE 24 14""*14""",MATERIAL - M,UNIDAD - UND,018 - 018 - CARPINTERIA METALICA,148000.0,0,148000.0,True,False,,
4299,"DUCTO VERTICAL Y HORIZONTAL CALIBRE 24 20""*20"" LONG 1.30 M",MATERIAL - M,UNIDAD - UND,018 - 018 - CARPINTERIA METALICA,221000.0,0,221000.0,True,False,,
4300,"DUCTO VERTICAL Y HORIZONTAL CALIBRE 24 14""*14"" LONG 1.30 M",MATERIAL - M,UNIDAD - UND,018 - 018 - CARPINTERIA METALICA,154838.7,0,154838.7,True,False,,
4301,TEJA ARQUITECTONICA PREPINTADA ANCHO 1M X1M CAL. 30,MATERIAL - M,UNIDAD - UND,004 - 004 - CUBIERTA Y CANALES,16700.0,0,16700.0,True,False,YEFERSON ELIAS DUARTE NIEVES,2025-10-02
4302,"BRIDAS EN ANGULO 1"" 1/8 14""*14""",MATERIAL - M,UNIDAD - UND,018 - 018 - CARPINTERIA METALICA,20000.0,0,20000.0,True,False,,
4303,"BRIDAS EN ANGULO 1"" 1/8 20""*20""",MATERIAL - M,UNIDAD - UND,018 - 018 - CARPINTERIA METALICA,20000.0,0,20000.0,True,False,,
4304,"DUCTO HORIZONTAL CALIBRE 22 28""*28"" LONG 1.50",MATERIAL - M,UNIDAD - UND,018 - 018 - CARPINTERIA METALICA,1.0,0,1.0,True,False,,
4305,PLANTULAS ORNAMENTALES IXORAS DE 45 CENTIMETROS DE ALTURA,MATERIAL - M,UNIDAD - UND,042 - 042 - AMBIENTAL,1.0,0,1.0,True,False,,
4306,"PUNTO ECOLOGICO CANECA DOBLE, CON UNA CAPACIDAD DE 50 LITROS CON UN LARGO 34.5 CM, ANCHO 40 CM Y ALTO 63.1 CM (COLORES BLANCA Y NEGRO)",MATERIAL - M,UNIDAD - UND,042 - 042 - AMBIENTAL,434000.14,0,434000.14,True,False,,
4307,"BOLSAS ECOLOGICAS EN LONA MADRE SELVA TAMANO DE 40 CM DE ALTO POR 60 CM DE ANCHO CON FUELLE DE 10 CM Y ESTAMPADO A 1 TINTA 2 CARA, CON LOGOS DE LA ADMINISTRACION DEPARTAMENTAL",MATERIAL - M,UNIDAD - UND,042 - 042 - AMBIENTAL,1.0,0,1.0,True,False,,
4308,"CANECA EN ACERO INOXIDABLE MARCA BARCELONA GRANDE M-121, EN TUBO REDONDO DE 2"" CALIBRE 18, ALTO:0.60CM, DIAMETRO: 0.40 CM, CAPACIDAD: 75 LITROS, PARAL: 1 METRO",MATERIAL - M,UNIDAD - UND,042 - 042 - AMBIENTAL,639999.85,0,639999.85,True,False,,
4309,GRAMA NATIVA PARA CAMPOS DEPORTIVOS Y ZONAS VERDES AL AIRE LIBRE EN PRESENTACION DE TABLETAS DE 25CM X 25CM X 5 CM DE ALTURA,MATERIAL - M,METRO CUADRADO - M2,042 - 042 - AMBIENTAL,16500.0,0,16500.0,True,False,,
4310,ARBOLES NATIVOS DE SOMBRA H= 1.0 M (GUAYACAN ORNAMENTAL - OLIVO NEGRO),MATERIAL - M,UNIDAD - UND,042 - 042 - AMBIENTAL,1.0,0,1.0,True,False,,
4311,CANECA PLASTICA RESIDUOS PELIGROSOS 53 LITROS ROJO CON PEDAL MARCADO COMO RESIDUOS PELIGROSO,MATERIAL - M,UNIDAD - UND,042 - 042 - AMBIENTAL,98000.0,0,98000.0,True,False,,
4312,CANECA PLASTICA RESIDUOS PELIGROSOS 53 LITROS ROJO CON PEDAL MARCADO COMO RIESGO BIOLOGICO,MATERIAL - M,UNIDAD - UND,042 - 042 - AMBIENTAL,98000.0,0,98000.0,True,False,,
4313,CONTENEDOR CON RUEDAS PLASTICAS 1100 LITROS VERDE PARA RESIDUOS ORGANICOS,MATERIAL - M,UNIDAD - UND,042 - 042 - AMBIENTAL,2281999.93,0,2281999.93,True,False,,
4314,CARRETILLA CARRETA O ZORRA DE CARGA 130CM EXPANDIBLE 250KG,MATERIAL - M,UNIDAD - UND,042 - 042 - AMBIENTAL,395841.6,0,395841.6,True,False,,
4315,DIAGONALRS DE 0.68 Y 2 COLLARINES DE 260 MM,MATERIAL - M,UNIDAD - UND,015 - 015 - REDES ELECTRICAS,0.0,0,0.0,True,False,,
4316,"LISTON DE MADERA 2"" X2 "" X 3 METROS",CONSUMIBLES - C,UNIDAD - UND,020 - 020 - FERRETERIA MENOR,11500.0,0,11500.0,True,False,,
4317,CAJA MENOR AGREGADOS,MATERIAL - M,UNIDAD - UND,002 - 002 - AGREGADOS PETREOS,0.0,0,0.0,True,False,,
4318,"CODO 90° PVC SANITARIO C*E DE 1 1 /2""",MATERIAL - M,UNIDAD - UND,013 - 013 - INSTALACIONES HIDROSANITARIAS,1160.25,0,1160.25,True,False,,
4319,"BUJE SOLDADO SANITARIO DE 2""X1 1/2""",MATERIAL - M,UNIDAD - UND,013 - 013 - INSTALACIONES HIDROSANITARIAS,721.93,0,721.93,True,False,,
4320,DIAGONALRS DE 0.68,MATERIAL - M,UNIDAD - UND,015 - 015 - REDES ELECTRICAS,20865.64,0,20865.64,True,False,,
4321,COLLARIN DE 260 MM,MATERIAL - M,UNIDAD - UND,015 - 015 - REDES ELECTRICAS,29955.99,0,29955.99,True,False,,
4322,CAMISA MANGA LARGA- TIPO OXFORD TALLA XS- MUJER,DOTACION - D,UNIDAD - UND,025 - 025 - PERSONAL ADMINISTRATIVO,32000.0,0,32000.0,True,False,,
4323,CAMISA MANGA LARGA - TIPO OXFORD TALLA XXL - HOMBRE,DOTACION - D,UNIDAD - UND,025 - 025 - PERSONAL ADMINISTRATIVO,32000.0,0,32000.0,True,False,,
4324,CAMISETA TIPO POLO BLANCO TALLA XL - HOMBRE,DOTACION - D,UNIDAD - UND,025 - 025 - PERSONAL ADMINISTRATIVO,25000.0,0,25000.0,True,False,,
4325,CAMISA TIPO POLO BLANCO TALLA XS - MUJER,DOTACION - D,UNIDAD - UND,025 - 025 - PERSONAL ADMINISTRATIVO,25000.0,0,25000.0,True,False,,
4326,CAMISA TIPO POLO BLANCO TALLA S - HOMBRE,DOTACION - D,UNIDAD - UND,025 - 025 - PERSONAL ADMINISTRATIVO,25000.0,0,25000.0,True,False,,
4327,PANTALON INDUSTRIAL EN JEAN TALLA 30 HOMBRE,DOTACION - D,UNIDAD - UND,029 - 029 - SG-SST,30000.0,0,30000.0,True,False,DIEGO ANDRES RODRIGUEZ RODRIGUEZ,2025-10-31
4328,PANTALON INDUSTRIAL EN JEAN TALLA 32 HOMBRE,DOTACION - D,UNIDAD - UND,029 - 029 - SG-SST,30000.0,0,30000.0,True,False,DIEGO ANDRES RODRIGUEZ RODRIGUEZ,2025-10-31
4329,PANTALON INDUSTRIAL EN JEAN TALLA 36 HOMBRE,DOTACION - D,UNIDAD - UND,029 - 029 - SG-SST,29500.0,0,29500.0,True,False,DIEGO ANDRES RODRIGUEZ RODRIGUEZ,2025-10-31
4330,PANTALON INDUSTRIAL EN JEAN TALLA 6 MUJER,DOTACION - D,UNIDAD - UND,029 - 029 - SG-SST,30000.0,0,30000.0,True,False,DIEGO ANDRES RODRIGUEZ RODRIGUEZ,2025-10-31
4331,PANTALON INDUSTRIAL EN JEAN TALLA 32 MUJER,DOTACION - D,UNIDAD - UND,029 - 029 - SG-SST,30000.0,0,30000.0,True,False,DIEGO ANDRES RODRIGUEZ RODRIGUEZ,2025-10-31
4332,BOTAS DE SEGURIDAD CON PUNTERA TALLA - 44,DOTACION - D,UNIDAD - UND,029 - 029 - SG-SST,58000.0,0,58000.0,True,False,HERNAN CAMILO GARCIA CONTRERAS,2025-10-31
4333,CAMISETA TIPO POLO BLANCO TALLA L - HOMBRE,DOTACION - D,UNIDAD - UND,025 - 025 - PERSONAL ADMINISTRATIVO,25000.0,0,25000.0,True,False,,
4334,CAMISETA TIPO POLO BLANCO TALLA S- MUJER,DOTACION - D,UNIDAD - UND,025 - 025 - PERSONAL ADMINISTRATIVO,25000.0,0,25000.0,True,False,,
4335,CABLE ENCAUCHETADO 2X14 AWG,MATERIAL - M,METRO - M,015 - 015 - REDES ELECTRICAS,3087.36,0,3087.36,True,False,,
4336,CONTADOR ELECTRONICO TRIFASICO CL 0.5S 1-10A SEMIND-INDIRE,MATERIAL - M,UNIDAD - UND,015 - 015 - REDES ELECTRICAS,1910011.88,0,1910011.88,True,False,JAVIER ORLANDO SANABRIA JIMENEZ,2025-10-14
4337,KIT SPT CONTRAPESO DE DOS VARILLAS DE 10 MM POR 2.40M,MATERIAL - M,UNIDAD - UND,015 - 015 - REDES ELECTRICAS,258689.34,0,258689.34,True,False,,
4338,SENALIZACIONES DE SEGURIDAD GENERALES,SEÑALIZACIÓN - Ñ,UNIDAD - UND,029 - 029 - SG-SST,2000.0,0,2000.0,True,False,,
4339,TABLERO BIFASICO CON PUERTA 8 CIRCUITOS BLANCO 125A,MATERIAL - M,UNIDAD - UND,015 - 015 - REDES ELECTRICAS,1.0,0,1.0,True,False,,
4340,TABLERO CON ESPACIO PARA TOTALIZADOR BIFASICO 18 CIRCUITOS 225A BLANCO,MATERIAL - M,UNIDAD - UND,015 - 015 - REDES ELECTRICAS,412289.98,0,412289.98,True,False,,
4341,CAMIBUSO MANGA LARGA CUELLO REDONDO GRIS OSCURO XXL,DOTACION - D,UNIDAD - UND,024 - 024 - PERSONAL OPERATIVO,18000.0,0,18000.0,True,False,,
4342,GUANTES DE CAUCHO,DOTACION - D,UNIDAD - UND,024 - 024 - PERSONAL OPERATIVO,8000.0,0,8000.0,True,False,,
4343,CARGUE MANUAL TRANSPORTE Y DISPOSICION FINAL DE ESCOMBROS - (S),SERVICIOS - Q,BULTO - BE,042 - 042 - AMBIENTAL,0.0,0,0.0,True,False,,
4344,CORAZA LIQUID TIGHT TIPO AMERICANO 3-4 PULGADAS,MATERIAL - M,METRO LINEAL - ML,015 - 015 - REDES ELECTRICAS,6164.46,0,6164.46,True,False,,
4345,CONECTOR CORAZA LIQUID-RECTO 3-4 PULG,MATERIAL - M,UNIDAD - UND,015 - 015 - REDES ELECTRICAS,5198.12,0,5198.12,True,False,,
4346,JUEGO DE TARRAJAS PARA TUBO DE 9 PIEZAS TRUPER EN MALETIN,MATERIAL - M,UNIDAD - UND,015 - 015 - REDES ELECTRICAS,270000.29,0,270000.29,True,False,,
4347,RIEL CHANNEL 4X4 X 3 00 MTS,MATERIAL - M,UNIDAD - UND,015 - 015 - REDES ELECTRICAS,34539.75,0,34539.75,True,False,,
4348,ABRAZADERA GRAPA METALICA 3/4 PULGADA AJUSTABLE GALVANIZADA INOXIDABLE PARA TUBERIA METALICA Y PVC,MATERIAL - M,UNIDAD - UND,015 - 015 - REDES ELECTRICAS,525.72,0,525.72,True,False,,
4349,CAJA FUNDICION ALUMINIO 5800 CON SALIDA 3-4 PULGADA 4 HUECOS,MATERIAL - M,UNIDAD - UND,015 - 015 - REDES ELECTRICAS,12905.61,0,12905.61,True,False,,
4350,INSPECCION Y CERTIFICACION RETIE Y RETILAP - CE2025,SUBCONTRATO - S,GLOBAL - GLB,043 - 043 - SUBCONTRATO,1.0,0,1.0,True,False,EDIER JAFETH MARIOTTA PADILLA,2025-10-25
4351,UNION METALICA GALVANIZADA IMC DE 3-4 IMC,MATERIAL - M,UNIDAD - UND,015 - 015 - REDES ELECTRICAS,1800.47,0,1800.47,True,False,,
4352,TERMINAL METALICA GALVANIZADA IMC DE 3-4 IMC,MATERIAL - M,UNIDAD - UND,015 - 015 - REDES ELECTRICAS,9753.83,0,9753.83,True,False,,
4353,FRESCASA ECO SIN PAPEL 3-1/2PG 15.24X1.22M - FIBERGLASS,MATERIAL - M,ROLLO - ROLL,017 - 017 - ACABADOS Y PINTURA,256894.82,0,256894.82,True,False,,
4354,LANA DE ROCA SONOWALL 0.61X1.22 M 6.35CM O SIMILAR,MATERIAL - M,UNIDAD - UND,017 - 017 - ACABADOS Y PINTURA,59547.6,0,59547.6,True,False,,
4355,SELLO PEMKO ROLLO POR 155MT X 12.7MM DE ANCHO,MATERIAL - M,ROLLO - ROLL,017 - 017 - ACABADOS Y PINTURA,3984120.0,0,3984120.0,True,False,,
4356,CORRECION DIAGNOSTICO PARA PLANO RECORD,SERVICIOS - Q,UNIDAD - UND,005 - 005 - PAPELERIA,10000.0,0,10000.0,True,False,YEFERSON ELIAS DUARTE NIEVES,2025-10-29
4357,"TEJA ARQUITECTONICA PREPINTADA CALIBRE 30, ESPESOR E=0,3 MM 1X 1.50M",MATERIAL - M,UNIDAD - UND,004 - 004 - CUBIERTA Y CANALES,23250.0,0,23250.0,True,False,YEFERSON ELIAS DUARTE NIEVES,2025-10-29
4358,"TEJA ARQUITECTONICA PREPINTADA CALIBRE 30, ESPESOR E=0,3 MM 1X 2M",MATERIAL - M,UNIDAD - UND,004 - 004 - CUBIERTA Y CANALES,31000.0,0,31000.0,True,False,YEFERSON ELIAS DUARTE NIEVES,2025-10-29
4359,"TEJA ARQUITECTONICA PREPINTADA CALIBRE 30, ESPESOR E=0,3 MM 1X 3.5M",MATERIAL - M,UNIDAD - UND,004 - 004 - CUBIERTA Y CANALES,54250.0,0,54250.0,True,False,YEFERSON ELIAS DUARTE NIEVES,2025-10-29
4360,CAMIBUSO MANGA LARGA CUELLO REDONDO GRIS OSCURO XXXL,DOTACION - D,UNIDAD - UND,029 - 029 - SG-SST,18000.0,0,18000.0,True,False,,
4361,CAUCHO IMPERMEABLES TALLAS: XXL,DOTACION - D,UNIDAD - UND,029 - 029 - SG-SST,55000.0,0,55000.0,True,False,,
4362,BOTAS PUNTA DE ACERO CAUCHO 38,DOTACION - D,UNIDAD - UND,029 - 029 - SG-SST,80000.0,0,80000.0,True,False,,
4363,BOTAS PUNTA DE ACERO CAUCHO 39,DOTACION - D,UNIDAD - UND,029 - 029 - SG-SST,80000.0,0,80000.0,True,False,,
4364,BOTAS DE SEGURIDAD TALLA: 35,DOTACION - D,UNIDAD - UND,029 - 029 - SG-SST,58000.0,0,58000.0,True,False,,
4365,PERFIL C GR50 220 X 80 X 2.0MM X 6M,MATERIAL - M,UNIDAD - UND,003 - 003 - ACEROS Y REFUERZOS METALICO,215172.23,0,215172.23,True,False,,
4366,BOTAS DE SEGURIDAD CANA CORTA - TALLA 39,DOTACION - D,UNIDAD - UND,029 - 029 - SG-SST,59000.0,0,59000.0,True,False,,
4367,BOTAS DE SEGURIDAD CANA CORTA - TALLA 40,DOTACION - D,UNIDAD - UND,029 - 029 - SG-SST,58250.0,0,58250.0,True,False,,
4368,BOTAS DE SEGURIDAD CANA CORTA - TALLA 41,DOTACION - D,UNIDAD - UND,029 - 029 - SG-SST,58000.0,0,58000.0,True,False,,
4369,BOTAS DE SEGURIDAD CANA CORTA - TALLA 42,DOTACION - D,UNIDAD - UND,029 - 029 - SG-SST,59000.0,0,59000.0,True,False,,
4370,PANTALON INDUSTRIAL EN JEAN TALLA 28 HOMBRE,DOTACION - D,UNIDAD - UND,029 - 029 - SG-SST,30000.0,0,30000.0,True,False,,
4371,PANTALON INDUSTRIAL EN JEAN TALLA 34 HOMBRE,DOTACION - D,UNIDAD - UND,029 - 029 - SG-SST,29333.33,0,29333.33,True,False,,
4372,BROCA MURO 3/16,MATERIAL - M,UNIDAD - UND,020 - 020 - FERRETERIA MENOR,2500.0,19,2975.0,True,False,,
4373,GRATA TRENZADA #4,MATERIAL - M,UNIDAD - UND,020 - 020 - FERRETERIA MENOR,10000.0,19,11900.0,True,False,,
4374,"DISCO CORTE MADERA 4-1/2""",MATERIAL - M,UNIDAD - UND,020 - 020 - FERRETERIA MENOR,8193.7,19,9750.5,True,False,,
4375,BREAKER DE RIEL TRIPOLAR 3 X 50 AMP 10 KA 2CDS253001R0504,MATERIAL - M,UNIDAD - UND,015 - 015 - REDES ELECTRICAS,0.0,0,0.0,True,False,,
4376,POMO UNIVERSAL PARA DUCHA,MATERIAL - M,UNIDAD - UND,020 - 020 - FERRETERIA MENOR,8000.0,19,9520.0,True,False,,
4377,SOGA 1/4,MATERIAL - M,METRO - M,020 - 020 - FERRETERIA MENOR,900.0,19,1071.0,True,False,,
4379,MANTO ASFALTICO EN FRIO (AUTOADHESIVO) CON FOIL DE ALUMINIO 3MM,ATENCIÓN EMERGENCIA - A,METRO CUADRADO - M2,020 - 020 - FERRETERIA MENOR,25000.0,19,29750.0,True,False,,
4380,BUJE LAVAMANOS CAUCHO 2X1,MATERIAL - M,UNIDAD - UND,020 - 020 - FERRETERIA MENOR,5535.72,19,6587.51,True,False,,
4381,CURVA 90 GRADOS GALVANIZADA IMC DE 3-4,MATERIAL - M,UNIDAD - UND,015 - 015 - REDES ELECTRICAS,3731.84,0,3731.84,True,False,,
4382,AEROSOL BLANCO BRILLANTE,MATERIAL - M,UNIDAD - UND,020 - 020 - FERRETERIA MENOR,8500.0,19,10115.0,True,False,,
4383,SIFON FLEXIBLE BLANCO 1-1/2 LAVAPLATOS,MATERIAL - M,UNIDAD - UND,020 - 020 - FERRETERIA MENOR,16800.0,19,19992.0,True,False,,
4384,CINCEL PUNTA MANGO,MATERIAL - M,UNIDAD - UND,020 - 020 - FERRETERIA MENOR,16000.0,19,19040.0,True,False,,
4385,BREAKER INDUSTRIAL TOTALIZADOR WEG 3 POLOS 63A DWP63L-63-3,MATERIAL - M,UNIDAD - UND,"014 - 014 - INSTALACIONES ELECTRICAS, VOZ Y DATOS",0.0,0,0.0,True,False,,
4386,EXTENSION DE LAVAPLATOS,MATERIAL - M,UNIDAD - UND,013 - 013 - INSTALACIONES HIDROSANITARIAS,4000.0,19,4760.0,True,False,,
4387,PAQUETE DE SEPARADORES DE CERAMICA (ANCHO 3 MM Y ESPESOR 4 MM O SIMILAR),MATERIAL - M,UNIDAD - UND,009 - 009 - ENCHAPES,1463.3,0,1463.3,True,False,,
4388,CLAVIJA SENCILLA MACHO,MATERIAL - M,UNIDAD - UND,015 - 015 - REDES ELECTRICAS,6650.0,19,7913.5,True,False,LUIS FERNANDO CAMPO ACOSTA,2025-11-07
4389,CLAVO CORRIENTE 3 PULG,MATERIAL - M,KILOGRAMO - KG,020 - 020 - FERRETERIA MENOR,10500.0,19,12495.0,True,False,,
4390,"CLAVO ACERO 2 -1/2""",MATERIAL - M,UNIDAD - UND,020 - 020 - FERRETERIA MENOR,10500.0,19,12495.0,True,False,,
4391,"DISCO DE CORTE DIAMANTADO DE 9""",MATERIAL - M,UNIDAD - UND,020 - 020 - FERRETERIA MENOR,47000.0,19,55930.0,True,False,,
4392,"PUNTILLA 3-1/2""",MATERIAL - M,UNIDAD - UND,020 - 020 - FERRETERIA MENOR,8000.0,19,9520.0,True,False,,
4393,MARTILLO BOLA,MATERIAL - M,UNIDAD - UND,020 - 020 - FERRETERIA MENOR,32000.0,19,38080.0,True,False,,
4394,MALLA ZARANDA POR MTS,MATERIAL - M,METRO - M,020 - 020 - FERRETERIA MENOR,12003.55,19,14284.22,True,False,,
4396,"TUBERIA CONDUIT PVC 1"" 1/2 X 3M",MATERIAL - M,UNIDAD - UND,015 - 015 - REDES ELECTRICAS,0.0,0,0.0,True,False,,
4397,"TEJA ARQUITECTONICA PREPINTADA CALIBRE 30, ESPESOR E=0,3 MM 1X 3.7M",MATERIAL - M,UNIDAD - UND,004 - 004 - CUBIERTA Y CANALES,57350.0,0,57350.0,True,False,,
4398,ARENA DE REVOQUE,MATERIAL - M,METRO CUBICO - M3,002 - 002 - AGREGADOS PETREOS,0.0,0,0.0,True,False,,
4399,TUBO METALICO IMC CONDUIT GALVANIZADO DE 4 PULGADAS X 3 MTS CON UNION,MATERIAL - M,UNIDAD - UND,"014 - 014 - INSTALACIONES ELECTRICAS, VOZ Y DATOS",676461.45,0,676461.45,True,False,,
4400,TERMINAL PVC 4 TIPO CAMPANA CORRUGADA,MATERIAL - M,UNIDAD - UND,"014 - 014 - INSTALACIONES ELECTRICAS, VOZ Y DATOS",3996.02,0,3996.02,True,False,HECTOR ENRIQUE OVIEDO SOSA,2025-11-20
4401,"UNION UNIVERSAL 1/2""",MATERIAL - M,UNIDAD - UND,020 - 020 - FERRETERIA MENOR,3500.0,19,4165.0,True,False,,
4402,UNAS PARA LAVAMANOS,MATERIAL - M,UNIDAD - UND,020 - 020 - FERRETERIA MENOR,4000.0,19,4760.0,True,False,,
4403,ALAMBRE POR METRO #10,MATERIAL - M,METRO - M,020 - 020 - FERRETERIA MENOR,3999.99,19,4759.99,True,False,,
4404,MANTENIMIENTO DE VEHICULO,SERVICIOS - Q,UNIDAD - UND,034 - 034 - MANTENIMIENTO,1.0,0,1.0,True,False,,
4405,LIJA #220,MATERIAL - M,UNIDAD - UND,020 - 020 - FERRETERIA MENOR,2000.0,0,2000.0,True,False,,
4406,PALUSTRE GAVILAN #9,MATERIAL - M,UNIDAD - UND,020 - 020 - FERRETERIA MENOR,16100.0,0,16100.0,True,False,,
4407,CEPILLO METALICO MANGO MADERA,MATERIAL - M,UNIDAD - UND,020 - 020 - FERRETERIA MENOR,3500.0,0,3500.0,True,False,,
4408,ESPATULA PLASTICA,MATERIAL - M,UNIDAD - UND,020 - 020 - FERRETERIA MENOR,1500.0,0,1500.0,True,False,,
4409,SOGA 1/8,MATERIAL - M,METRO - M,020 - 020 - FERRETERIA MENOR,300.0,0,300.0,True,False,,
4410,"ABRAZADERA GRAPA METALICA 1"" PULGADA AJUSTABLE GALVANIZADA INOXIDABLE PARA TUBERIA METALICA Y PVC",MATERIAL - M,UNIDAD - UND,015 - 015 - REDES ELECTRICAS,297.5,0,297.5,True,False,,
4411,"PLATINA 2 1/2"" X 3/16"" X6M",MATERIAL - M,UNIDAD - UND,003 - 003 - ACEROS Y REFUERZOS METALICO,58750.3,0,58750.3,True,False,,
4412,"TUBO PVC SANITARIO 2"" X6 M",MATERIAL - M,UNIDAD - UND,013 - 013 - INSTALACIONES HIDROSANITARIAS,29289.47,0,29289.47,True,False,,
4413,"CODO PVC SANITARIO 2""",MATERIAL - M,UNIDAD - UND,013 - 013 - INSTALACIONES HIDROSANITARIAS,1237.6,0,1237.6,True,False,,
4414,PRENSA ESTOPA 3/4 PULGADA (21MM),MATERIAL - M,UNIDAD - UND,015 - 015 - REDES ELECTRICAS,2175.32,0,2175.32,True,False,,
4415,TAPA CIEGA 5800 2PUNTOS RAWELT TR-0420,MATERIAL - M,UNIDAD - UND,015 - 015 - REDES ELECTRICAS,2224.92,0,2224.92,True,False,,
4416,CABLE ENCAUCHETADO 2 X 12 AWG COBRE,MATERIAL - M,METRO LINEAL - ML,015 - 015 - REDES ELECTRICAS,10290.81,0,10290.81,True,False,,
4417,EMBASE PLASTICO DE GALON,MATERIAL - M,UNIDAD - UND,020 - 020 - FERRETERIA MENOR,10000.0,19,11900.0,True,False,,
4418,LIJA DE TRAPO #60,MATERIAL - M,UNIDAD - UND,020 - 020 - FERRETERIA MENOR,27000.01,19,32130.01,True,False,,
4419,BROCA MURO 1/8 * 3,MATERIAL - M,UNIDAD - UND,020 - 020 - FERRETERIA MENOR,2500.0,19,2975.0,True,False,,
4420,SERVICIOS DE TALLER AUTOMOTRIZ,SERVICIOS - Q,UNIDAD - UND,034 - 034 - MANTENIMIENTO,1.0,0,1.0,True,False,,
4421,INTERRUPTOR MIXTO,MATERIAL - M,UNIDAD - UND,020 - 020 - FERRETERIA MENOR,5528.55,19,6578.97,True,False,,
4422,ANTICIPO ALUMUEBLES PARA COMPRA DE MATERIALES Y EQUIPOS,SERVICIOS - Q,UNIDAD - UND,019 - 019 - CARPINTERIA MADERA,0.0,0,0.0,True,False,,
4423,AJUSTE DE BONIFICACION,HONORARIOS - H,UNIDAD - UND,025 - 025 - PERSONAL ADMINISTRATIVO,0.0,0,0.0,True,False,,
4424,RASPBERRY PI 4 MODELO B VERSION 2GB,MATERIAL - M,UNIDAD - UND,"014 - 014 - INSTALACIONES ELECTRICAS, VOZ Y DATOS",249900.0,0,249900.0,True,False,,
4425,BOARD DE CONVERSORES A/D Y D/A PARA RASPBERRYPI DE ALTA PRECISION,MATERIAL - M,UNIDAD - UND,"014 - 014 - INSTALACIONES ELECTRICAS, VOZ Y DATOS",249900.0,0,249900.0,True,False,,
4426,GPS HAT PARA RASPBERRY P,MATERIAL - M,UNIDAD - UND,"014 - 014 - INSTALACIONES ELECTRICAS, VOZ Y DATOS",220150.0,0,220150.0,True,False,,
4427,"ANTENA GNSS GPS EXTERNA PASIVA L1+BD CAJA DE ANTENA, CABLE RG174, 3M, SMA MACH",MATERIAL - M,UNIDAD - UND,"014 - 014 - INSTALACIONES ELECTRICAS, VOZ Y DATOS",38081.19,0,38081.19,True,False,,
4428,REGULADOR TIPO BUCK CONVERTER STEP DOWN CAPAZ DE ENTREGAR 4.2-35VDC @3 AMPERIOS,MATERIAL - M,UNIDAD - UND,"014 - 014 - INSTALACIONES ELECTRICAS, VOZ Y DATOS",13347.04,0,13347.04,True,False,,
4429,TARJETA DE 25MM DE DIAMETRO QUE INTEGRA UN MICROCONTROLADOR ATTINY 85,MATERIAL - M,UNIDAD - UND,"014 - 014 - INSTALACIONES ELECTRICAS, VOZ Y DATOS",39865.0,0,39865.0,True,False,,
4430,"CONECTOR DE AVIACION (GX16 - 10 PINES, MACHO Y HEMBRA) X10 PARE",MATERIAL - M,UNIDAD - UND,"014 - 014 - INSTALACIONES ELECTRICAS, VOZ Y DATOS",95200.0,0,95200.0,True,False,,
4431,"MEMORIA MICROSD DE 64GB DE CAPACIDAD, CLASE 10 DE HASTA 100MB/S2",MATERIAL - M,UNIDAD - UND,"014 - 014 - INSTALACIONES ELECTRICAS, VOZ Y DATOS",24990.0,0,24990.0,True,False,,
4432,SUMINISTRO E INSTALACION DE REFUERZO PARA PUERTAS EN PERFIL TUBULAR DE ALUMINIO ESTRUCTURAL ALN 688 PARA LAS UNIONES ENTRE PUERTAS Y TUBULAR EN 2X2 PARA VIDRIOS FIJOS EN ESCUADRA,MATERIAL - M,UNIDAD - UND,018 - 018 - CARPINTERIA METALICA,5737800.0,0,5737800.0,True,False,,
4434,"REDUCCION CUADRADA CALIBRE 24 16"" A 12"" GALVANIZADA",MATERIAL - M,UNIDAD - UND,018 - 018 - CARPINTERIA METALICA,150000.0,0,150000.0,True,False,HECTOR ENRIQUE OVIEDO SOSA,2026-01-07
4435,"BRIDAS EN ANGULO 1"" 1/8 GALVANIZADA",MATERIAL - M,UNIDAD - UND,018 - 018 - CARPINTERIA METALICA,20000.0,0,20000.0,True,False,HECTOR ENRIQUE OVIEDO SOSA,2026-01-07
4436,"PIEZA YEE DOBLE CUADRADA CALIBRE 24 12"" X 12"" GALVANIZADA",MATERIAL - M,UNIDAD - UND,018 - 018 - CARPINTERIA METALICA,130000.0,0,130000.0,True,False,HECTOR ENRIQUE OVIEDO SOSA,2026-01-07
4437,"PIEZA YEE DOBLE CON REDUCCION CUADRADA CALIBRE 24 16"" A 12"" GALVANIZADA",MATERIAL - M,UNIDAD - UND,018 - 018 - CARPINTERIA METALICA,177500.0,0,177500.0,True,False,HECTOR ENRIQUE OVIEDO SOSA,2026-01-07
4438,"ENSAMBLE A MAQUINA CUADRADA CALIBRE 24 16"" X 16"" GALVANIZADA",MATERIAL - M,UNIDAD - UND,018 - 018 - CARPINTERIA METALICA,155000.0,0,155000.0,True,False,HECTOR ENRIQUE OVIEDO SOSA,2026-01-07
4439,"ENSAMBLE A MAQUINA CUADRADO CALIBRE 24 20"" X 20"" GALVANIZADA",MATERIAL - M,UNIDAD - UND,018 - 018 - CARPINTERIA METALICA,200000.0,0,200000.0,True,False,HECTOR ENRIQUE OVIEDO SOSA,2026-01-07
4440,"DUCTO HORIZONTAL CALIBRE 24 16"" X 16"" GALVANIZADA L= 1.2 M",MATERIAL - M,UNIDAD - UND,018 - 018 - CARPINTERIA METALICA,195000.0,0,195000.0,True,False,HECTOR ENRIQUE OVIEDO SOSA,2026-01-07
4441,"DUCTO HORIZONTAL CALIBRE 24 16"" X 16"" GALVANIZADA L=1 M",MATERIAL - M,UNIDAD - UND,018 - 018 - CARPINTERIA METALICA,130000.0,0,130000.0,True,False,HECTOR ENRIQUE OVIEDO SOSA,2026-01-07
4442,"DUCTO HORIZONTAL CALIBRE 24 16"" X 16"" GALVANIZADA L= 0.59 M",MATERIAL - M,UNIDAD - UND,018 - 018 - CARPINTERIA METALICA,70000.0,0,70000.0,True,False,HECTOR ENRIQUE OVIEDO SOSA,2026-01-07
4443,"DUCTO HORIZONTAL CALIBRE 24 12"" X 12"" GALVANIZADA L= 1.2 M",MATERIAL - M,UNIDAD - UND,018 - 018 - CARPINTERIA METALICA,142500.0,0,142500.0,True,False,HECTOR ENRIQUE OVIEDO SOSA,2026-01-07
4444,"DUCTO HORIZONTAL CALIBRE 24 12"" X 12"" GALVANIZADA L= 1.0 M",MATERIAL - M,UNIDAD - UND,018 - 018 - CARPINTERIA METALICA,95000.0,0,95000.0,True,False,HECTOR ENRIQUE OVIEDO SOSA,2026-01-07
4445,"DUCTO HORIZONTAL CALIBRE 24 20"" X 14"" GALVANIZADA L= 1.20 M",MATERIAL - M,UNIDAD - UND,018 - 018 - CARPINTERIA METALICA,210000.0,0,210000.0,True,False,HECTOR ENRIQUE OVIEDO SOSA,2026-01-07
4446,"CODO 90° CUADRADO CALIBRE 24 12"" X 12"" GALVANIZADO",MATERIAL - M,UNIDAD - UND,018 - 018 - CARPINTERIA METALICA,125000.0,0,125000.0,True,False,HECTOR ENRIQUE OVIEDO SOSA,2026-01-07
4447,"CODO 90° RECTANGULAR GALVANIZADO CALIBRE 24 20"" X 16""",MATERIAL - M,UNIDAD - UND,018 - 018 - CARPINTERIA METALICA,170000.0,0,170000.0,True,False,,
4448,"CODO 45° CUADRADO GALVANIZADO CALIBRE 24 12"" X 12""",MATERIAL - M,UNIDAD - UND,018 - 018 - CARPINTERIA METALICA,123000.0,0,123000.0,True,False,,
4449,CORRECCION DE AIU,SERVICIOS - Q,UNIDAD - UND,005 - 005 - PAPELERIA,0.0,0,0.0,True,False,,
4450,CORRECCION DE PRESUPUESTO,SERVICIOS - Q,UNIDAD - UND,005 - 005 - PAPELERIA,0.0,0,0.0,True,False,HENRY ALEJANDRO RODELO RAMIREZ,2026-01-14
4451,"REJILLA DE RETORNO 24""X24"", MODELO L-RA Y/O SIMILAR CON DAMPER",MATERIAL - M,UNIDAD - UND,"014 - 014 - INSTALACIONES ELECTRICAS, VOZ Y DATOS",422240.82,0,422240.82,True,False,,
4452,"REJILLA TOMA DE AIRE EXTERIOR 24""X14"", MODELO L-OL Y/O SIMILAR CON DAMPER",MATERIAL - M,UNIDAD - UND,"014 - 014 - INSTALACIONES ELECTRICAS, VOZ Y DATOS",292729.29,0,292729.29,True,False,,
4453,"DIFUSOR DE ALTA VELOCIDAD DE UN CONO 4 VIAS 24""X24"" CON CUELLO Y DAMPER DE 14"" DE DIAMETRO, MODELO L-1300 Y/O SIMILAR CON DAMPER",MATERIAL - M,UNIDAD - UND,"014 - 014 - INSTALACIONES ELECTRICAS, VOZ Y DATOS",605091.2,0,605091.2,True,False,,
4454,"DIFUSOR 4 VIAS 14""X14"", MODELO L-JS Y/O SIMILAR CON DAMPER",MATERIAL - M,UNIDAD - UND,"014 - 014 - INSTALACIONES ELECTRICAS, VOZ Y DATOS",203490.0,0,203490.0,True,False,,
4455,"REJILLA DE RETORNO 20""X20"", MODELO L-RA Y/O SIMILAR CON DAMPER",MATERIAL - M,UNIDAD - UND,"014 - 014 - INSTALACIONES ELECTRICAS, VOZ Y DATOS",303342.69,0,303342.69,True,False,,
4456,"VARILLA 7/8"" X 6M",MATERIAL - M,UNIDAD - UND,003 - 003 - ACEROS Y REFUERZOS METALICO,77311.13,0,77311.13,True,False,,
4457,TOMACORRIENTE DOBLE GRADO HOSPITALARIO,MATERIAL - M,UNIDAD - UND,015 - 015 - REDES ELECTRICAS,5221.72,0,5221.72,True,False,,
4458,TUBO CERRAMIENTO GALVANIZADO 3/4PG X 1.5MM X 6M,MATERIAL - M,UNIDAD - UND,003 - 003 - ACEROS Y REFUERZOS METALICO,47481.0,0,47481.0,True,False,,
4459,ANGULO 6M X 1-1/2 X 3/16 PULG,MATERIAL - M,METRO - M,003 - 003 - ACEROS Y REFUERZOS METALICO,101222.59,0,101222.59,True,False,HENRY DE JESUS TABORDA ZAPATA,2026-07-28
4460,ANGULO 6M X 2 X 3/16 PG,MATERIAL - M,UNIDAD - UND,003 - 003 - ACEROS Y REFUERZOS METALICO,117482.75,0,117482.75,True,False,,
4461,ESPECIE ARBUSTIVO LIMONCILLO ORNAMENTAL (SWINGLEA GLUTINOSA),MATERIAL - M,UNIDAD - UND,042 - 042 - AMBIENTAL,1500.0,0,1500.0,True,False,,
4462,CANAL AMAZONAS X 3M,MATERIAL - M,UNIDAD - UND,004 - 004 - CUBIERTA Y CANALES,62899.97,0,62899.97,True,False,,
4463,TAPA CIEGA 4X2 PVC BLANCA,MATERIAL - M,UNIDAD - UND,"014 - 014 - INSTALACIONES ELECTRICAS, VOZ Y DATOS",298.95,0,298.95,True,False,,
4464,"TUBERIA CONDUIT PVC 1"" 1/2"" X 3M",MATERIAL - M,UNIDAD - UND,"014 - 014 - INSTALACIONES ELECTRICAS, VOZ Y DATOS",0.0,0,0.0,True,False,,
4465,CAMISA MANGA LARGA JEAN AZUL - TALLA M,DOTACION - D,UNIDAD - UND,029 - 029 - SG-SST,1.0,0,1.0,True,False,,
4466,CAMISA MANGA LARGA JEAN AZUL - TALLA L,DOTACION - D,UNIDAD - UND,029 - 029 - SG-SST,1.0,0,1.0,True,False,,
4467,BREAKER INDUSTRIAL 2X50 AMPERIOS,MATERIAL - M,UNIDAD - UND,"014 - 014 - INSTALACIONES ELECTRICAS, VOZ Y DATOS",168750.33,0,168750.33,True,False,,
4468,SOPORTE PARA PASAMANOS DE PARED ACERO INOXIDABLE,MATERIAL - M,UNIDAD - UND,003 - 003 - ACEROS Y REFUERZOS METALICO,18742.5,0,18742.5,True,False,,
4469,CAMISA MANGA LARGA - TIPO JEAN TALLA L - MUJER,DOTACION - D,UNIDAD - UND,029 - 029 - SG-SST,30000.0,19,35700.0,True,False,,
4470,CAMISA MANGA LARGA - TIPO JEAN TALLA S - MUJER,DOTACION - D,UNIDAD - UND,029 - 029 - SG-SST,30000.0,19,35700.0,True,False,,
4471,BOTAS DE SEGURIDAD CON PUNTERA TALLA 36,DOTACION - D,UNIDAD - UND,029 - 029 - SG-SST,60000.0,0,60000.0,True,False,,
4472,"MALLA ELECTROSOLDADA 5.5MM DE 6X2,35M SEPARACION 15X15CM",MATERIAL - M,METRO CUADRADO - M2,003 - 003 - ACEROS Y REFUERZOS METALICO,10786.7,0,10786.7,True,False,HERNAN CAMILO GARCIA CONTRERAS,2026-01-29
4473,"TUBO IMC DE 1"" 1/2"" DE 3 M DE LARGO",MATERIAL - M,UNIDAD - UND,"014 - 014 - INSTALACIONES ELECTRICAS, VOZ Y DATOS",91871.57,0,91871.57,True,False,,
4474,"UNION IMC DE 1"" 1/2""",MATERIAL - M,UNIDAD - UND,"014 - 014 - INSTALACIONES ELECTRICAS, VOZ Y DATOS",5759.6,0,5759.6,True,False,,
4475,"TERMINAL IMC DE 1"" 1/2""",MATERIAL - M,UNIDAD - UND,015 - 015 - REDES ELECTRICAS,23184.77,0,23184.77,True,False,,
4476,"CURVA CON ROSCA IMC DE 1"" 1/2""",MATERIAL - M,UNIDAD - UND,"014 - 014 - INSTALACIONES ELECTRICAS, VOZ Y DATOS",14445.41,0,14445.41,True,False,HECTOR ENRIQUE OVIEDO SOSA,2026-01-29
4477,ROLLO PAPEL PLOTTER 61X50,OFICINA - O,UNIDAD - UND,005 - 005 - PAPELERIA,42840.0,0,42840.0,True,False,,
4478,TINTA PARA PLOTTER AMARILLO 712,EQUIPO - E,UNIDAD - UND,033 - 033 - REPUESTOS E INSUMOS,410550.0,0,410550.0,True,False,,
4479,VENTANAS FIJAS EN PERFIL DE ALUMINIO TIPO PROYECTANTE REFERENCIA 3831 CON VIDRIO LAMINADO 4+4 INCOLORO.,MATERIAL - M,METRO CUADRADO - M2,018 - 018 - CARPINTERIA METALICA,0.0,0,0.0,True,False,,
4480,"VENTANAS CORREDIZAS EN ALUMINIO REFERENCIA 7038 CON SUS RESPECTIVOS HERRAJES, MAS VIDRIO LAMINADO 3+3 INCOLO.",MATERIAL - M,METRO CUADRADO - M2,018 - 018 - CARPINTERIA METALICA,0.0,0,0.0,True,False,,
4481,"PUERTAS DOBLES EN PERFILERIA 3X11⁄2 CON ADAPTADOR Y PISAVIDRIO CURVO, CON MODULO FIJO SUPERIOR, MARCO EN TUBO DE 3X1 CON ALETA, CERRADURA YALE L-370 Y VIDRIO LAMINADO 3+3 INCOLORO.",MATERIAL - M,METRO CUADRADO - M2,018 - 018 - CARPINTERIA METALICA,0.0,0,0.0,True,False,,
4482,"PUERTAS EN PERFILERIA 3X11⁄2 CON ADAPTADOR, PISAVIDRIO CURVO, MODULO FIJO PARTE SUPERIOR, MARCO EN PERFIL DE 3X1 CON ALETA, VIDRIO, CERRADURA YALE TIPO PALANCA Y VIDRIO LAMINADO 3+3 INCOLORO.",MATERIAL - M,METRO CUADRADO - M2,018 - 018 - CARPINTERIA METALICA,0.0,0,0.0,True,False,HECTOR ENRIQUE OVIEDO SOSA,2026-02-05
4483,UNION METALICA GALVANIZADA IMC DE 1 1/2 50250024,MATERIAL - M,UNIDAD - UND,015 - 015 - REDES ELECTRICAS,3214.05,0,3214.05,True,False,,
4484,TERMINAL CONECTOR EMT DE 1 1-2 PULGADAS ALUMINIO- ZINC ZN 1 12,MATERIAL - M,UNIDAD - UND,015 - 015 - REDES ELECTRICAS,3911.6,0,3911.6,True,False,HECTOR ENRIQUE OVIEDO SOSA,2026-02-05
4485,ABRAZADERA GRAPA METALICA 1 1/2 PULGADA COLGANTE PERA PARA TUBERIA METALICA,MATERIAL - M,UNIDAD - UND,015 - 015 - REDES ELECTRICAS,1379.97,0,1379.97,True,False,,
4486,CURVA 90 GRADOS GALVANIZADA IMC DE 1 1-2,MATERIAL - M,UNIDAD - UND,015 - 015 - REDES ELECTRICAS,10682.8,0,10682.8,True,False,,
4487,ALFAJIA PREFABRICADA EN CONCRETO REFORZADO DE 0.10X0.70 MT E,MATERIAL - M,UNIDAD - UND,007 - 007 - PREFABRICADOS EN CONCRETO,26000.0,0,26000.0,True,False,,
4488,SIKASET L ADITIVO ACELERANTE PARA CONCRETO 25KG,MATERIAL - M,UNIDAD - UND,001 - 001 - ADHESIVOS Y ADITIVOS,489285.16,0,489285.16,True,False,,
4489,TUBO CERRAMIENTO GALVANIZADO 1 1/2' X 6M,MATERIAL - M,UNIDAD - UND,018 - 018 - CARPINTERIA METALICA,1.0,0,1.0,True,False,,
4490,CABLE ENCAUCHETADO 4 X 10 AWG,MATERIAL - M,METRO - M,"014 - 014 - INSTALACIONES ELECTRICAS, VOZ Y DATOS",13893.25,0,13893.25,True,False,,
4491,TUBO DE COBRE FLEXIBLE 3/8,MATERIAL - M,METRO - M,"014 - 014 - INSTALACIONES ELECTRICAS, VOZ Y DATOS",20848.8,0,20848.8,True,False,,
4492,TUBO DE COBRE FLEXIBLE 5/8,MATERIAL - M,METRO - M,"014 - 014 - INSTALACIONES ELECTRICAS, VOZ Y DATOS",33700.8,0,33700.8,True,False,,
4493,CABLE ENCAUCHETADO 4 X 12 AWG,MATERIAL - M,METRO LINEAL - ML,"014 - 014 - INSTALACIONES ELECTRICAS, VOZ Y DATOS",8552.53,0,8552.53,True,False,,
4494,"KIT ESCOLAR ECOLOGICO (LAPICERO, COLORES; REGLA, TAJALAPIZ, BORRADOR, CUADERNO)",SUBCONTRATO - S,UNIDAD - UND,042 - 042 - AMBIENTAL,17124.1,0,17124.1,True,False,,
4495,TULA ECOLOGICAS EN CAMBREL 35X45 CM CON LOGO DE LA ENTIDAD EJECUTORA,SUBCONTRATO - S,UNIDAD - UND,042 - 042 - AMBIENTAL,11000.0,0,11000.0,True,False,,
4496,TUBERIA ESTRUCTURAL CUADRADA 300X100 5MM X6M,MATERIAL - M,UNIDAD - UND,003 - 003 - ACEROS Y REFUERZOS METALICO,926099.65,0,926099.65,True,False,,
4497,CAJA PLASTICA PARA INSPECCION ELECTRICA PUESTA A TIERRA,MATERIAL - M,UNIDAD - UND,"014 - 014 - INSTALACIONES ELECTRICAS, VOZ Y DATOS",58908.57,0,58908.57,True,False,,
4498,ALQUILER DE MOTO BOMBA,SUBCONTRATO - S,DIA - DIA,043 - 043 - SUBCONTRATO,25000.0,0,25000.0,True,False,,
4499,BOLSAS ECOLOGICAS EN LONA MADRE SELVA DE TAMANO 40 CM DE ALTO POR 60 CM DE ANCHO CON FUELLE 10 CM Y ESTAMPADO 1 TINTA Y A DOS CARAS,DOTACION - D,UNIDAD - UND,042 - 042 - AMBIENTAL,23000.0,0,23000.0,True,False,,
4500,ARBOLES NATIVOS DE SOMBRA (GUAYACAN SOMBRILLA U OLIVO NEGRO) H= 1.0 M,MATERIAL - M,UNIDAD - UND,042 - 042 - AMBIENTAL,30000.0,0,30000.0,True,False,,
4501,LAMPARA LED LUZ BLANCA 2X3W EMERGENCIA,MATERIAL - M,UNIDAD - UND,015 - 015 - REDES ELECTRICAS,61887.14,0,61887.14,True,False,,
4502,TAPA BLANCA FACEPLATE PARA JACK RJ45 DE 1 PUERTO,MATERIAL - M,UNIDAD - UND,"014 - 014 - INSTALACIONES ELECTRICAS, VOZ Y DATOS",2070.6,0,2070.6,True,False,,
4503,PLANTAS ORNAMENTALES (DURANTAS E IXORAS) DE 45 CM,MATERIAL - M,UNIDAD - UND,042 - 042 - AMBIENTAL,4000.0,0,4000.0,True,False,,
4504,TUBO RECTANGULAR ESTRUCTURAL 120X60X3MM 6M,MATERIAL - M,UNIDAD - UND,003 - 003 - ACEROS Y REFUERZOS METALICO,253150.48,0,253150.48,True,False,,
4505,TUBO RECTANGULAR ESTRUCTURAL 200X100X5MM 6M,MATERIAL - M,UNIDAD - UND,003 - 003 - ACEROS Y REFUERZOS METALICO,565889.03,0,565889.03,True,False,,
4506,CAJA METALICA DE PASO 30CM X 30CM X 15CM,MATERIAL - M,UNIDAD - UND,"014 - 014 - INSTALACIONES ELECTRICAS, VOZ Y DATOS",50795.15,0,50795.15,True,False,,
4507,LUZ PILOTO 220V - COLOR VERDE,MATERIAL - M,UNIDAD - UND,"014 - 014 - INSTALACIONES ELECTRICAS, VOZ Y DATOS",4998.0,0,4998.0,True,False,,
4508,TRANSFERENCIA MANUAL DE 3X40,MATERIAL - M,UNIDAD - UND,"014 - 014 - INSTALACIONES ELECTRICAS, VOZ Y DATOS",94010.0,0,94010.0,True,False,,
4509,"TAPA Y MARCO PARA REGISTRO ELECTRICO O SANITARIO 0.40X0.40, EN ANGULO 3/16X1 1/2"" EN TAPA Y MARCO, INCL. VARILLAS DE 6MM Y ANTICORROSIVO",MATERIAL - M,UNIDAD - UND,"014 - 014 - INSTALACIONES ELECTRICAS, VOZ Y DATOS",0.0,0,0.0,True,False,,
4510,BREAKER INDUSTRIAL BIFASICO 2X40 AMPERIOS,MATERIAL - M,UNIDAD - UND,"014 - 014 - INSTALACIONES ELECTRICAS, VOZ Y DATOS",198500.92,0,198500.92,True,False,,
4511,BREAKER INDUSTRIAL TRIFASICO 3X70 AMPERIOS,MATERIAL - M,UNIDAD - UND,"014 - 014 - INSTALACIONES ELECTRICAS, VOZ Y DATOS",120492.26,0,120492.26,True,False,,
4512,BREAKER INDUSTRIAL TRIFASICO 3X80 AMPERIOS,MATERIAL - M,UNIDAD - UND,"014 - 014 - INSTALACIONES ELECTRICAS, VOZ Y DATOS",120492.26,0,120492.26,True,False,,
4513,BREAKER ENCHUFABLE TRIFASICO 3X50 AMPERIOS,MATERIAL - M,UNIDAD - UND,"014 - 014 - INSTALACIONES ELECTRICAS, VOZ Y DATOS",41528.62,0,41528.62,True,False,,
4514,BREAKER ENCHUFABLE BIFASICO 2X40 AMPERIOS,MATERIAL - M,UNIDAD - UND,"014 - 014 - INSTALACIONES ELECTRICAS, VOZ Y DATOS",25946.76,0,25946.76,True,False,,
4515,GARGOLA EN CONCRETO SEGUN DISENO,MATERIAL - M,UNIDAD - UND,007 - 007 - PREFABRICADOS EN CONCRETO,20000.0,0,20000.0,True,False,,
4516,BORDILLO EN CONCRETO PREFABRICADO DE 0.70*0.20,MATERIAL - M,UNIDAD - UND,007 - 007 - PREFABRICADOS EN CONCRETO,25000.0,0,25000.0,True,False,,
4517,EMPALME DE DERIVACION EN GEL GHFC-1,MATERIAL - M,UNIDAD - UND,"014 - 014 - INSTALACIONES ELECTRICAS, VOZ Y DATOS",33320.0,0,33320.0,True,False,,
4518,CONECTOR PARA VARILLA COBRE-COBRE 5-8 IED IED,MATERIAL - M,UNIDAD - UND,"014 - 014 - INSTALACIONES ELECTRICAS, VOZ Y DATOS",7654.09,0,7654.09,True,False,,
4519,PARARRAYO POLIMERICO 15KV 10KA CON HERRAJE,MATERIAL - M,UNIDAD - UND,015 - 015 - REDES ELECTRICAS,93712.5,0,93712.5,True,False,,
4520,BREAKER INDUSTRIAL 60 AMP CAPACIDAD DE RUPTURA 25KA,MATERIAL - M,UNIDAD - UND,"014 - 014 - INSTALACIONES ELECTRICAS, VOZ Y DATOS",103645.43,0,103645.43,True,False,,
4521,BREAKER INDUSTRIAL 80 AMP 50 KA,MATERIAL - M,UNIDAD - UND,"014 - 014 - INSTALACIONES ELECTRICAS, VOZ Y DATOS",120492.26,0,120492.26,True,False,,
4522,CONECTOR TERMINAL TIPO PALA ESTANADO NO. 2/0 AWG,MATERIAL - M,UNIDAD - UND,015 - 015 - REDES ELECTRICAS,4122.16,0,4122.16,True,False,,
4523,ABRAZADERA GRAPA METALICA 3/4 PULGADA COLGANTE PERA PARA TUBERIA METALICA Y PVC,MATERIAL - M,UNIDAD - UND,015 - 015 - REDES ELECTRICAS,2499.0,0,2499.0,True,False,,
4524,PROYECTOR LED SYLVANIA SYLFLOOD 150W P24105,MATERIAL - M,UNIDAD - UND,"014 - 014 - INSTALACIONES ELECTRICAS, VOZ Y DATOS",774184.25,0,774184.25,True,False,EDIER JAFETH MARIOTTA PADILLA,2026-04-01
4525,LOGISTICA SOCIZALICION (REGRIGERIO),CONSUMIBLES - C,DIA - DIA,044 - 044 - VIATICOS,1.0,19,1.19,True,False,,
4526,CE2025 - ESTUDIOS GEOTECNICOS,SUBCONTRATO - S,UNIDAD - UND,043 - 043 - SUBCONTRATO,1.0,19,1.19,True,False,,
4527,BREAKER ENCHUFABLE BIPOLAR 2 X 50 AMP,MATERIAL - M,UNIDAD - UND,"014 - 014 - INSTALACIONES ELECTRICAS, VOZ Y DATOS",26372.78,0,26372.78,True,False,,
4528,BREAKER ENCHUFABLE MONOPOLAR 1 X 40 AMP,MATERIAL - M,UNIDAD - UND,"014 - 014 - INSTALACIONES ELECTRICAS, VOZ Y DATOS",8473.99,0,8473.99,True,False,,
4529,SERVICIOS PROFESIONALES,HONORARIOS - H,DIA - DIA,025 - 025 - PERSONAL ADMINISTRATIVO,0.0,0,0.0,True,False,,
4530,PLANTAS ORNAMENTALES IXORAS DE 45 CM,MATERIAL - M,UNIDAD - UND,042 - 042 - AMBIENTAL,5500.0,0,5500.0,True,False,,
4531,"PERRO DE AMARRE DE 1/4"" LIVIANO GALVANIZADO",MATERIAL - M,UNIDAD - UND,003 - 003 - ACEROS Y REFUERZOS METALICO,0.0,0,0.0,True,False,,
4532,TAPON PLASTICO RECTANGULAR 4X2,MATERIAL - M,UNIDAD - UND,003 - 003 - ACEROS Y REFUERZOS METALICO,8703.66,0,8703.66,True,False,,
4533,TAPON PLASTICO RECTANGULAR 300X100 [MM],MATERIAL - M,UNIDAD - UND,003 - 003 - ACEROS Y REFUERZOS METALICO,0.0,0,0.0,True,False,,
4534,"TUBO CONDUIT IMC 3"" MAXWELLD",MATERIAL - M,UNIDAD - UND,"014 - 014 - INSTALACIONES ELECTRICAS, VOZ Y DATOS",214776.34,0,214776.34,True,False,,
4535,CABLE CUADRUPLEX AL 3X95 AAC+95 MM AAAC PROC/CENT/CDX,MATERIAL - M,METRO LINEAL - ML,"014 - 014 - INSTALACIONES ELECTRICAS, VOZ Y DATOS",40990.74,0,40990.74,True,False,,
4537,"TUBO CONDUIT EMT 1"" MAXWELLD X 3M",MATERIAL - M,UNIDAD - UND,"014 - 014 - INSTALACIONES ELECTRICAS, VOZ Y DATOS",27527.7,0,27527.7,True,False,,
4538,"TABLERO GENERAL DE DISTRIBUCION CON CERTIFICADO RETIE QUE CONTIENE, 1 TOTALIZADOR PRINCIPAL 250 AMP, 1 BARRAJE DE DISTRIBUCION TRIFASICO 250 AMP EN COBRE ELECTROLITICO, CODIFICADO EN NORMA DE COLORES 220V CON PROTECCION ACRILICA, 4 BREAKER INDUSTRIAL DE 8",MATERIAL - M,UNIDAD - UND,"014 - 014 - INSTALACIONES ELECTRICAS, VOZ Y DATOS",4480452.34,0,4480452.34,True,False,,
4539,"CURVA EMT LISA 1"" RETIE",MATERIAL - M,UNIDAD - UND,"014 - 014 - INSTALACIONES ELECTRICAS, VOZ Y DATOS",2512.39,0,2512.39,True,False,,
4540,"TERMINAL EMT EN ACERO 1"" RETIE",MATERIAL - M,UNIDAD - UND,"014 - 014 - INSTALACIONES ELECTRICAS, VOZ Y DATOS",1766.09,0,1766.09,True,False,,
4541,CABLE CU THHN 10 AWG VERDE PROC/CENT/CDX,MATERIAL - M,METRO LINEAL - ML,"014 - 014 - INSTALACIONES ELECTRICAS, VOZ Y DATOS",4760.0,0,4760.0,True,False,,
4542,BREAKER INDUSTRIAL 250A 50KA/220V LUMEK,MATERIAL - M,UNIDAD - UND,"014 - 014 - INSTALACIONES ELECTRICAS, VOZ Y DATOS",171262.42,0,171262.42,True,False,,
4543,CABLE CUADRUPLEX AL 3X70 AAC+70MM AAAC PROC/CENT/CDX,MATERIAL - M,METRO LINEAL - ML,"014 - 014 - INSTALACIONES ELECTRICAS, VOZ Y DATOS",27481.86,0,27481.86,True,False,,
4544,CABLE CU THHN 2 AWG NEGRO PROC/CENT/CDX,MATERIAL - M,METRO LINEAL - ML,"014 - 014 - INSTALACIONES ELECTRICAS, VOZ Y DATOS",27715.1,0,27715.1,True,False,,
4545,TERMOENCOGIBLE PARA CU #2,MATERIAL - M,METRO LINEAL - ML,"014 - 014 - INSTALACIONES ELECTRICAS, VOZ Y DATOS",2737.0,0,2737.0,True,False,,
4546,CONECTOR PERFORANTE MEDIANO E10-95MM / D2.5-50MM CERTIFICADO,MATERIAL - M,UNIDAD - UND,"014 - 014 - INSTALACIONES ELECTRICAS, VOZ Y DATOS",9711.59,0,9711.59,True,False,,
4547,CONECTOR BIMETALICO DOBLE PERNO,MATERIAL - M,UNIDAD - UND,"014 - 014 - INSTALACIONES ELECTRICAS, VOZ Y DATOS",9282.0,0,9282.0,True,False,,
4548,PERCHA PESADA 1 PUESTO GALVANIZADA GE,MATERIAL - M,UNIDAD - UND,"014 - 014 - INSTALACIONES ELECTRICAS, VOZ Y DATOS",12323.54,0,12323.54,True,False,,
4549,AISLADOR CARRETE 53-2 CERTIFICADO,MATERIAL - M,UNIDAD - UND,"014 - 014 - INSTALACIONES ELECTRICAS, VOZ Y DATOS",3470.04,0,3470.04,True,False,,
4550,GRAPA RETENCION TIPO GUAYA PARA RED TRENZADA,MATERIAL - M,UNIDAD - UND,"014 - 014 - INSTALACIONES ELECTRICAS, VOZ Y DATOS",21182.0,0,21182.0,True,False,,
4551,"DUCTO DB PESADO 2"" X 3MTS DICO/PLEXIN",MATERIAL - M,UNIDAD - UND,"014 - 014 - INSTALACIONES ELECTRICAS, VOZ Y DATOS",13655.57,0,13655.57,True,False,,
4552,CURVA PVC 2 DICO/PLEXIN,MATERIAL - M,UNIDAD - UND,"014 - 014 - INSTALACIONES ELECTRICAS, VOZ Y DATOS",3594.79,0,3594.79,True,False,,
4553,"TUBO CONDUIT IMC 2"" MAXWELLD X 3M",MATERIAL - M,UNIDAD - UND,"014 - 014 - INSTALACIONES ELECTRICAS, VOZ Y DATOS",83094.25,0,83094.25,True,False,,
4554,CAPACETE UNIVERSAL 2 RETIE,MATERIAL - M,UNIDAD - UND,"014 - 014 - INSTALACIONES ELECTRICAS, VOZ Y DATOS",21300.38,0,21300.38,True,False,,
4555,VARILLA DE ANCLAJE 5/8 X 1.80 MTS CERTIFICADA,MATERIAL - M,UNIDAD - UND,"014 - 014 - INSTALACIONES ELECTRICAS, VOZ Y DATOS",29570.86,0,29570.86,True,False,,
4556,CABLE ACERO 3/8 SGX EXTRARESISTENTE,MATERIAL - M,METRO LINEAL - ML,"014 - 014 - INSTALACIONES ELECTRICAS, VOZ Y DATOS",3659.25,0,3659.25,True,False,,
4557,PRENSAHILO DE 6 X 3/8 CERTIFICADO,MATERIAL - M,UNIDAD - UND,"014 - 014 - INSTALACIONES ELECTRICAS, VOZ Y DATOS",14414.35,0,14414.35,True,False,,
4558,CURVA IMC ROSCADA 2 RETIE,MATERIAL - M,UNIDAD - UND,"014 - 014 - INSTALACIONES ELECTRICAS, VOZ Y DATOS",15398.95,0,15398.95,True,False,,
4559,TUBO CONDUIT PVC 1 DICO/PLEXIN X 3M,MATERIAL - M,UNIDAD - UND,"014 - 014 - INSTALACIONES ELECTRICAS, VOZ Y DATOS",7124.65,0,7124.65,True,False,,
4560,CURVA PVC 1 DICO/PLEXIN,MATERIAL - M,UNIDAD - UND,"014 - 014 - INSTALACIONES ELECTRICAS, VOZ Y DATOS",730.97,0,730.97,True,False,,
4561,TERMINAL DE PONCHAR CU ESTANADA N° 8 Ø 3/16 IED B&T,MATERIAL - M,UNIDAD - UND,"014 - 014 - INSTALACIONES ELECTRICAS, VOZ Y DATOS",962.71,0,962.71,True,False,,
4562,CABLE CU THHN 4 AWG NEGRO PROC/CENT/CDX,MATERIAL - M,METRO LINEAL - ML,"014 - 014 - INSTALACIONES ELECTRICAS, VOZ Y DATOS",18810.33,0,18810.33,True,False,,
4563,TERMINAL DE PONCHAR CU ESTANADA N° 6 Ø 1/4 IED - B&T,MATERIAL - M,UNIDAD - UND,"014 - 014 - INSTALACIONES ELECTRICAS, VOZ Y DATOS",1081.71,0,1081.71,True,False,,
4564,TERMINAL DE PONCHAR CU ESTANADA N° 8 Ø 3/16 IED - B&T,MATERIAL - M,UNIDAD - UND,"014 - 014 - INSTALACIONES ELECTRICAS, VOZ Y DATOS",962.71,0,962.71,True,False,,
4565,LUMINARIA LED HERMETICA 36W DL UNIVERSAL 6500K P2560936,MATERIAL - M,UNIDAD - UND,"014 - 014 - INSTALACIONES ELECTRICAS, VOZ Y DATOS",97380.68,0,97380.68,True,False,,
4566,"PANEL TERMO ACUSTICO MALLA EN ACERO GALVANIZADO DE 2,3 MM , CON 20 LONGITUDINALES Y TRANSVERSALES CADA 7,5 CMS, INTEGRADAS CON CONECTORES EN 3 MM (E=7CM)",MATERIAL - M,METRO CUADRADO - M2,007 - 007 - PREFABRICADOS EN CONCRETO,50908.2,0,50908.2,True,False,,
4567,"ACCESORIO DE REFUERZO PARAESQUINAS DE 1,24 M DE LARGO",MATERIAL - M,UNIDAD - UND,007 - 007 - PREFABRICADOS EN CONCRETO,10442.25,0,10442.25,True,False,,
4568,"ACCESORIO DE REFUERZO PARAVERTICES DE PUERTAS,VENTANAS Y REFUERZO DE MALLA POR CORTES",MATERIAL - M,UNIDAD - UND,007 - 007 - PREFABRICADOS EN CONCRETO,8115.8,0,8115.8,True,False,,
4569,"ACCESORIO DE REFUERZO PARA CANTOS DE MUROS, MARCOS DE PUESTAS Y VENTANAS",MATERIAL - M,UNIDAD - UND,007 - 007 - PREFABRICADOS EN CONCRETO,12167.75,0,12167.75,True,False,JAVIER ORLANDO SANABRIA JIMENEZ,2026-06-25
4570,ANGULO METALICO PROTECTOR DE ESCALERA X 6M,MATERIAL - M,UNIDAD - UND,017 - 017 - ACABADOS Y PINTURA,37529.03,0,37529.03,True,False,,
4571,"TUBERIA ESTRUCTURAL 80X40 X 1,5MM",MATERIAL - M,METRO - M,003 - 003 - ACEROS Y REFUERZOS METALICO,0.0,0,0.0,True,False,,
4572,"TUBERIA PVC-PRESION RDE-9 DE 1/2"" X 6M",MATERIAL - M,UNIDAD - UND,012 - 012 - INSTALACIONES HIDRAULICAS,15076.7,0,15076.7,True,False,MARIA PAULA BALLEN MANOSALVA,2026-05-19
4573,ENCHAPE DE PARED CALIDAD PRIMERA (MEDIDA MINIMA 20 X 20CM) REF. OPALO GREY,MATERIAL - M,METRO CUADRADO - M2,009 - 009 - ENCHAPES,25900.35,19,30821.42,True,False,MARIA PAULA BALLEN MANOSALVA,2026-05-19
4574,ENCHAPE DE PISO TRAF. PESADO (MIN 40 X 40 CM) COLORES CLAROS,MATERIAL - M,METRO CUADRADO - M2,009 - 009 - ENCHAPES,1.0,19,1.19,True,False,,
4575,SOLDADURA ELECTRICA GALVANIZADA,MATERIAL - M,METRO LINEAL - ML,018 - 018 - CARPINTERIA METALICA,0.0,0,0.0,True,False,,
4576,PUERTA ENTAMBORADA 0.76-1.10,MATERIAL - M,UNIDAD - UND,018 - 018 - CARPINTERIA METALICA,0.0,0,0.0,True,False,,
4577,LAMINA CAL. 18,MATERIAL - M,UNIDAD - UND,018 - 018 - CARPINTERIA METALICA,0.0,0,0.0,True,False,,
4578,MANIJA PARA VENTANA,MATERIAL - M,UNIDAD - UND,018 - 018 - CARPINTERIA METALICA,0.0,0,0.0,True,False,,
4579,"SIFON PCV SANITARIO 3""",MATERIAL - M,UNIDAD - UND,013 - 013 - INSTALACIONES HIDROSANITARIAS,0.0,0,0.0,True,False,,
4580,DURMIENTE ORDINARIO,MATERIAL - M,METRO LINEAL - ML,019 - 019 - CARPINTERIA MADERA,0.0,0,0.0,True,False,,
4581,HILO ROJO,MATERIAL - M,METRO LINEAL - ML,020 - 020 - FERRETERIA MENOR,0.0,0,0.0,True,False,,
4582,TUBO RECTANGULAR 80 X 40 X 1.5MM X 6M ESTRUCTURAL HR50,MATERIAL - M,UNIDAD - UND,003 - 003 - ACEROS Y REFUERZOS METALICO,85974.72,0,85974.72,True,False,,
4583,MANO DE OBRA VIVIENDA NUEVA - CONSORCIO C&C JOINT,SUBCONTRATO - S,UNIDAD - UND,043 - 043 - SUBCONTRATO,1.0,0,1.0,True,False,MARIA PAULA BALLEN MANOSALVA,2026-07-15
4584,MANO DE OBRA - CONSORCIO C&C EMRAX,SUBCONTRATO - S,UNIDAD - UND,043 - 043 - SUBCONTRATO,1.0,0,1.0,True,False,,
4585,"PUERTA HABITACION (CON MARCO) 0,60 X 2,20 M EN LAMINA COLD ROLLED CALIBRE 18 INCLUYE ADECUACION DE VANO, CERRADURA DE SOBREPONER 2 PASADORES, ANTICORROSIVO NEGRO MATE_COPIA",SUBCONTRATO - S,METRO CUADRADO - M2,018 - 018 - CARPINTERIA METALICA,1.0,0,1.0,True,False,MARIA PAULA BALLEN MANOSALVA,2026-05-13
4586,"PUERTA TIPO REJILLA (CON MARCO) 0,70 X 2,20 M EN LAMINA COLD ROLLED CALIBRE 18 INCLUYE ADECUACION DE VANO, CERRADURA DE SOBREPONER 2 PASADORES, ANTICORROSIVO NEGRO MATE_COPIA",SUBCONTRATO - S,METRO CUADRADO - M2,018 - 018 - CARPINTERIA METALICA,1.0,0,1.0,True,False,MARIA PAULA BALLEN MANOSALVA,2026-05-13
4587,"PUERTA VENTANA (CON MARCO) 1,40 X 2,20 M EN LAMINA COLD ROLLED CALIBRE 18 INCLUYE ADECUACION DE VANO, CERRADURA DE SOBREPONER 2 PASADORES, ANTICORROSIVO NEGRO MATE_COPIA",SUBCONTRATO - S,METRO CUADRADO - M2,018 - 018 - CARPINTERIA METALICA,1.0,0,1.0,True,False,MARIA PAULA BALLEN MANOSALVA,2026-05-13
4588,PEDESTAL PARA LAVAMANOS BLANCO,SUBCONTRATO - S,UNIDAD - UND,043 - 043 - SUBCONTRATO,100000.0,0,100000.0,True,False,JAVIER ORLANDO SANABRIA JIMENEZ,2026-05-19
4589,PERFIL HR EN C 100 X 50 X 2.0MM X 6M,MATERIAL - M,METRO LINEAL - ML,003 - 003 - ACEROS Y REFUERZOS METALICO,85000.0,19,101150.0,True,False,,
4590,"YEE SANITARIA 3X2"" REDUCIDAS PVC",MATERIAL - M,UNIDAD - UND,013 - 013 - INSTALACIONES HIDROSANITARIAS,9468.83,0,9468.83,True,False,MARIA PAULA BALLEN MANOSALVA,2026-05-19
4591,"TUBO PRESION PVC 3/4""",MATERIAL - M,UNIDAD - UND,012 - 012 - INSTALACIONES HIDRAULICAS,10015.04,0,10015.04,True,False,,
4592,"CODO 45° PVC PRESION 3/4""",MATERIAL - M,UNIDAD - UND,012 - 012 - INSTALACIONES HIDRAULICAS,667.59,0,667.59,True,False,,
4593,"ACCESORIO PVC-P BUJE 1""-1/4 X 3/4""",MATERIAL - M,UNIDAD - UND,011 - 011 - GRIFERIA Y APARATOS HIDROSANITARIOS,1249.5,19,1486.9,True,False,MARIA PAULA BALLEN MANOSALVA,2026-05-19
4594,"ACCESORIO PVC-P BUJE 3/4"" X 1/2""",MATERIAL - M,UNIDAD - UND,011 - 011 - GRIFERIA Y APARATOS HIDROSANITARIOS,423.76,19,504.27,True,False,MARIA PAULA BALLEN MANOSALVA,2026-05-19
4595,"VALVULA PVC 3/4"" LISA",MATERIAL - M,UNIDAD - UND,011 - 011 - GRIFERIA Y APARATOS HIDROSANITARIOS,3072.58,19,3656.37,True,False,,
4596,CAJA PARA CONTADOR MONOFASICO NORMALIZADO CODENSA CON PIN DE CORTE,MATERIAL - M,UNIDAD - UND,"014 - 014 - INSTALACIONES ELECTRICAS, VOZ Y DATOS",81434.77,19,96907.38,True,False,MARIA PAULA BALLEN MANOSALVA,2026-05-20
4597,"CONTADOR ELECTRONICO BIFASICO 15 (60) AMP. 208-120 V., HOMOLOGADO",MATERIAL - M,UNIDAD - UND,"014 - 014 - INSTALACIONES ELECTRICAS, VOZ Y DATOS",215721.78,19,256708.92,True,False,,
4598,"CAPACETE PARA TUBO CONDUIT DE 1""",MATERIAL - M,UNIDAD - UND,015 - 015 - REDES ELECTRICAS,4612.15,19,5488.46,True,False,,
4599,"TUBO GALVANIZADO DE 1"" X 3 MTS",MATERIAL - M,UNIDAD - UND,015 - 015 - REDES ELECTRICAS,29898.61,19,35579.35,True,False,,
4600,"BREAKER DE RIEL DE 32AMP, MONOFASICO, HOMOLOGADO",MATERIAL - M,UNIDAD - UND,"014 - 014 - INSTALACIONES ELECTRICAS, VOZ Y DATOS",19191.15,19,22837.47,True,False,,
4601,"CORAZA LIQUID TIGHT 3/4""",MATERIAL - M,METRO LINEAL - ML,"014 - 014 - INSTALACIONES ELECTRICAS, VOZ Y DATOS",7650.82,19,9104.48,True,False,,
4602,PERFIL C 100 X 50 X 20 X 1.5 MM X 6M,MATERIAL - M,UNIDAD - UND,003 - 003 - ACEROS Y REFUERZOS METALICO,90101.64,0,90101.64,True,False,,
4603,TUBO RECTANGULAR 100 X 100 X 2MM X 6M ESTRUCTURAL HR50,MATERIAL - M,UNIDAD - UND,003 - 003 - ACEROS Y REFUERZOS METALICO,246892.87,0,246892.87,True,False,,
4604,"ANCLAJE VARILLA ROSCADA 3/8"" X 1M",MATERIAL - M,UNIDAD - UND,003 - 003 - ACEROS Y REFUERZOS METALICO,2815.54,19,3350.49,True,False,MARIA PAULA BALLEN MANOSALVA,2026-05-20
4605,"PLATINA 80X110X3.15 MM (1/8"")",MATERIAL - M,UNIDAD - UND,003 - 003 - ACEROS Y REFUERZOS METALICO,4319.7,0,4319.7,True,False,,
4606,ELECTRODO 7018 X 1/8,MATERIAL - M,KILOGRAMO - KG,003 - 003 - ACEROS Y REFUERZOS METALICO,1.0,0,1.0,True,False,,
4607,PLATINA 160X160X6.0 MM ASTM A-36,MATERIAL - M,UNIDAD - UND,003 - 003 - ACEROS Y REFUERZOS METALICO,14399.0,0,14399.0,True,False,,
4608,PLATINA 230X230X10 MM ASTM A-36 4 ORIFICIOS,MATERIAL - M,UNIDAD - UND,003 - 003 - ACEROS Y REFUERZOS METALICO,61739.58,0,61739.58,True,False,MARIA PAULA BALLEN MANOSALVA,2026-05-20
4609,MANO DE OBRA CONSORCIO C&C BATERIAS,SUBCONTRATO - S,UNIDAD - UND,043 - 043 - SUBCONTRATO,1.0,0,1.0,True,False,,
4610,"ARANDELA 3/8""",MATERIAL - M,UNIDAD - UND,003 - 003 - ACEROS Y REFUERZOS METALICO,11995.2,0,11995.2,True,False,MARIA PAULA BALLEN MANOSALVA,2026-07-28
4611,"TUERCA HEXAGONAL 3/8""",MATERIAL - M,UNIDAD - UND,003 - 003 - ACEROS Y REFUERZOS METALICO,107.1,0,107.1,True,False,,
4612,ASFALTO,MATERIAL - M,METRO CUBICO - M3,021 - 021 - PAVIMENTOS,0.0,19,0.0,True,False,ADALBERTO ALARCON OLAYA,2026-06-01
4613,RECICLADORA DE PAVIMENTO POTENCIA APROXIMADA 430 HP,EQUIPO - E,HORA - HR,022 - 022 - MAQUINARIA Y EQUIPO,1.0,19,1.19,True,False,ADALBERTO ALARCON OLAYA,2026-06-02
4614,RASTRILLERO,HONORARIOS - H,DIA - DIA,024 - 024 - PERSONAL OPERATIVO,1.0,0,1.0,True,False,,
4615,TRANSPORTE DE MATERIAL DE REMOCION,TRANSPORTE - T,METRO CUBICO POR KILOMETRO - M3/KM,023 - 023 - TRANSPORTE,1.0,0,1.0,True,False,,
4616,"MOTOSIERRA, 4.5 HP - 7.1 HP, LONGITUD DE ESPADA 45-90 CM",EQUIPO - E,DIA - DIA,034 - 034 - MANTENIMIENTO,12000.0,0,12000.0,True,False,ADALBERTO ALARCON OLAYA,2026-06-02
4617,"BULDOZER, POTENCIA AL VOLANTE DE 140 HP, MOTOR DE 2200 RPM, LONGITUD DE HOJA 4,80M",MAQUINARIA - B,HORA - HR,022 - 022 - MAQUINARIA Y EQUIPO,240000.0,0,240000.0,True,False,,
4618,DERECHO DE EXPLOTACION Y/O DISPOSICION DE MATERIALES,SERVICIOS - Q,METRO CUBICO - M3,002 - 002 - AGREGADOS PETREOS,25000.0,0,25000.0,True,False,,
4619,MATERIAL SELECCIONADO PARA RELLENO,MATERIAL - M,METRO CUBICO - M3,002 - 002 - AGREGADOS PETREOS,34000.0,0,34000.0,True,False,,
4620,"MINIRETROEXCAVADORA SOBRE NEUMATICOS DE 37,5 KW",MAQUINARIA - B,HORA - HR,022 - 022 - MAQUINARIA Y EQUIPO,170000.0,0,170000.0,True,False,,
4621,GEOTEXTIL NO TEJIDO CON RESISTENCIA A LA TENSION GRAB DE 700 N APROXIMADAMENTE,MATERIAL - M,METRO CUADRADO - M2,045 - 045 - GEOSINTÉTICOS,9200.0,0,9200.0,True,False,ADALBERTO ALARCON OLAYA,2026-06-23
4622,PIEDRA PARA CONCRETO CICLOPEO (RAJON O CANTO RODADO),MATERIAL - M,METRO CUBICO - M3,002 - 002 - AGREGADOS PETREOS,38000.0,0,38000.0,True,False,,
4623,CAMION CON CAPACIDAD DE 5 TON O SUPERIOR,TRANSPORTE - T,DIA - DIA,023 - 023 - TRANSPORTE,94000.0,0,94000.0,True,False,,
4624,GEOTEXTIL NO TEJIDO DE FILTRO PP + LAMINA DRENANTE 700 HDPE (TECDREN),MATERIAL - M,METRO CUADRADO - M2,045 - 045 - GEOSINTÉTICOS,42000.0,0,42000.0,True,False,ADALBERTO ALARCON OLAYA,2026-06-23
4625,C&C-BAT-FERRETERIA MENOR,EQUIPO - E,UNIDAD - UND,020 - 020 - FERRETERIA MENOR,1.0,0,1.0,True,False,,
4626,ABRAZADERA METALICA 1 PULG. CON TORNILLO_COPIA,MATERIAL - M,UNIDAD - UND,"014 - 014 - INSTALACIONES ELECTRICAS, VOZ Y DATOS",1.0,19,1.19,True,False,,
4627,"TORNILLO 10X2""",MATERIAL - M,UNIDAD - UND,020 - 020 - FERRETERIA MENOR,0.0,19,0.0,True,False,,
4628,TORNILLO 10X21/2,MATERIAL - M,UNIDAD - UND,020 - 020 - FERRETERIA MENOR,0.0,19,0.0,True,False,,
4629,TORNILLO 10X3,MATERIAL - M,UNIDAD - UND,020 - 020 - FERRETERIA MENOR,0.0,19,0.0,True,False,,
4630,TORNILLO GOLOSO 14X2,MATERIAL - M,UNIDAD - UND,"014 - 014 - INSTALACIONES ELECTRICAS, VOZ Y DATOS",1.0,19,1.19,True,False,,
4631,"BROCA PARA CONCRETO DE 1/2""X 12""",MATERIAL - M,UNIDAD - UND,020 - 020 - FERRETERIA MENOR,1.0,19,1.19,True,False,HENRY DE JESUS TABORDA ZAPATA,2026-08-01
4632,BROCA PARA CONCRETO DE 41/2 CONTINUO,MATERIAL - M,UNIDAD - UND,020 - 020 - FERRETERIA MENOR,1.0,19,1.19,True,False,,
4633,CINTA TAPAGOTERAS X20 CM ROLLO X 10M,MATERIAL - M,UNIDAD - UND,"014 - 014 - INSTALACIONES ELECTRICAS, VOZ Y DATOS",1.0,19,1.19,True,False,,
4634,BROCA PARA CONCRETO DE 3/4,MATERIAL - M,UNIDAD - UND,020 - 020 - FERRETERIA MENOR,1.0,19,1.19,True,False,,
4635,PLATINA 20X20 -1/8,MATERIAL - M,UNIDAD - UND,003 - 003 - ACEROS Y REFUERZOS METALICO,1.0,0,1.0,True,False,,
4636,DISCO ABRACOL MULTIPROPOSITO AMARRILLO,MATERIAL - M,UNIDAD - UND,020 - 020 - FERRETERIA MENOR,1.0,19,1.19,True,False,,
4637,DISCO CORTE CONCRETO 41/2 CONTINUO,MATERIAL - M,UNIDAD - UND,020 - 020 - FERRETERIA MENOR,0.0,19,0.0,True,False,,
4638,LLANA CON FOMI PEQUENA 20X30CM,MATERIAL - M,UNIDAD - UND,020 - 020 - FERRETERIA MENOR,1.0,19,1.19,True,False,,
4639,LAMINA DE ZINC LISO C-35 2MT X 0.90,MATERIAL - M,UNIDAD - UND,004 - 004 - CUBIERTA Y CANALES,1.0,19,1.19,True,False,,
4640,PISTOLA PARA PINTAR UDUKE,MATERIAL - M,UNIDAD - UND,017 - 017 - ACABADOS Y PINTURA,0.0,0,0.0,True,False,,
4641,PLOMADA GRANDE,MATERIAL - M,UNIDAD - UND,018 - 018 - CARPINTERIA METALICA,1.0,0,1.0,True,False,,
4642,LLANA MADERA GRANDE 20X30 CM,MATERIAL - M,UNIDAD - UND,020 - 020 - FERRETERIA MENOR,1.0,19,1.19,True,False,,
4643,PLASTICO NEGRO 20X3M ANCHO CAL.3.5,MATERIAL - M,ROLLO - ROLL,042 - 042 - AMBIENTAL,1.0,19,1.19,True,False,,
4644,"CHAZO PLASTICO 1/2""",MATERIAL - M,UNIDAD - UND,017 - 017 - ACABADOS Y PINTURA,1.0,0,1.0,True,False,,
4645,SIKAFLEX-401 PAVEMENT SL X 5 GL SIKA,MATERIAL - M,CUÑETE - CÑT,001 - 001 - ADHESIVOS Y ADITIVOS,1.0,19,1.19,True,False,,
4646,BARRA DE SEGURIDAD ACERO INOXIDABLE 40 CM SATINADO,MATERIAL - M,UNIDAD - UND,011 - 011 - GRIFERIA Y APARATOS HIDROSANITARIOS,1.0,19,1.19,True,False,,
4647,"PERRO DE AMARRE DE 3/8"" LIVIANO GALVANIZADO",MATERIAL - M,UNIDAD - UND,003 - 003 - ACEROS Y REFUERZOS METALICO,1.0,19,1.19,True,False,,
4648,CONSULTORIA REVISION DISNOS VIAS ANT,SERVICIOS - Q,GLOBAL - GLB,040 - 040 - DISEÑOS Y CONSULTORIAS,0.0,0,0.0,True,False,,
4649,GEOTEXTIL NO TEJIDO (REPAVIMENTACION GRAB MINIMA DE 450 N),MATERIAL - M,METRO CUADRADO - M2,009 - 009 - ENCHAPES,6500.0,0,6500.0,True,False,,
4650,BASE GRADACION BEE-25,MATERIAL - M,METRO CUBICO - M3,002 - 002 - AGREGADOS PETREOS,90000.0,0,90000.0,True,False,,
4651,EMULSION ASFALTICA CRL-40,MATERIAL - M,LITRO - LT,021 - 021 - PAVIMENTOS,2600.0,0,2600.0,True,False,,
4652,TRANSPORTE DE MEZCLA EN CALIENTE,MATERIAL - M,METRO CUBICO POR KILOMETRO - M3/KM,021 - 021 - PAVIMENTOS,1400.0,0,1400.0,True,False,ADALBERTO ALARCON OLAYA,2026-06-23
4653,VALVULA DE REGULACION PLASTICA SANITARIA 1/2 SENCILLA,MATERIAL - M,UNIDAD - UND,013 - 013 - INSTALACIONES HIDROSANITARIAS,1.0,0,1.0,True,False,ALISON CAMILA BENAVIDES RIVERA,2026-06-30
4654,"RODILLO DE FELPA DE 2""",MATERIAL - M,UNIDAD - UND,017 - 017 - ACABADOS Y PINTURA,1.0,0,1.0,True,False,ALISON CAMILA BENAVIDES RIVERA,2026-06-30
4655,MESON EN ACERO INOXIDABLE 2.10M CON POZUELO Y QUEMADORES DE 4 PUESTOS O SIMILAR,MATERIAL - M,UNIDAD - UND,018 - 018 - CARPINTERIA METALICA,1.0,0,1.0,True,False,ALISON CAMILA BENAVIDES RIVERA,2026-06-30
4656,LAVADERO CON ACABADO EN CERAMICA 1M,MATERIAL - M,UNIDAD - UND,011 - 011 - GRIFERIA Y APARATOS HIDROSANITARIOS,1.0,0,1.0,True,False,ALISON CAMILA BENAVIDES RIVERA,2026-06-30
4657,LAVADERO CON ACABADO EN CERAMICA 0.90M,MATERIAL - M,UNIDAD - UND,011 - 011 - GRIFERIA Y APARATOS HIDROSANITARIOS,1.0,0,1.0,True,False,ALISON CAMILA BENAVIDES RIVERA,2026-06-30
4658,LAVADERO CON ACABADO EN CERAMICA 0.80M,MATERIAL - M,UNIDAD - UND,011 - 011 - GRIFERIA Y APARATOS HIDROSANITARIOS,1.0,0,1.0,True,False,ALISON CAMILA BENAVIDES RIVERA,2026-06-30
4659,LAVADERO CON ACABADO EN CERAMICA 0.70M,MATERIAL - M,UNIDAD - UND,011 - 011 - GRIFERIA Y APARATOS HIDROSANITARIOS,1.0,0,1.0,True,False,ALISON CAMILA BENAVIDES RIVERA,2026-06-30
4660,LAVADERO CON ACABADO EN CERAMICA 0.50M,MATERIAL - M,UNIDAD - UND,011 - 011 - GRIFERIA Y APARATOS HIDROSANITARIOS,1.0,0,1.0,True,False,ALISON CAMILA BENAVIDES RIVERA,2026-06-30
4661,ADOBE CALADO DE 0.10M *0.20M*0.20M,MATERIAL - M,UNIDAD - UND,010 - 010 - MAMPOSTERIA,1.0,0,1.0,True,False,ALISON CAMILA BENAVIDES RIVERA,2026-06-30
4662,CENEFA LISTON CERAMICO 15X45 CM,MATERIAL - M,UNIDAD - UND,009 - 009 - ENCHAPES,1.0,0,1.0,True,False,ALISON CAMILA BENAVIDES RIVERA,2026-07-28
4663,COMBO SANITARIO BLANCO CON INCRUSTACIONES POR 3 PIEZAS,MATERIAL - M,UNIDAD - UND,011 - 011 - GRIFERIA Y APARATOS HIDROSANITARIOS,1.0,0,1.0,True,False,ALISON CAMILA BENAVIDES RIVERA,2026-06-30
4664,MANO DE OBRA ISVIMED,HONORARIOS - H,UNIDAD - UND,043 - 043 - SUBCONTRATO,1.0,0,1.0,True,False,ALISON CAMILA BENAVIDES RIVERA,2026-06-30
4665,COSTAL O SACO DE 50 CM × 80 CM PARA 30 KG,MATERIAL - M,UNIDAD - UND,020 - 020 - FERRETERIA MENOR,1.0,0,1.0,True,False,ALISON CAMILA BENAVIDES RIVERA,2026-06-30
4666,JUEGO DE INCRUTACIONES PARA BANO (3 PIEZAS),MATERIAL - M,UNIDAD - UND,011 - 011 - GRIFERIA Y APARATOS HIDROSANITARIOS,1.0,0,1.0,True,False,,
4667,ELABORACION DE INFORMES TECNICOS Y RECOPILACION DE INFORMACION PARA EL TRAMITE DE PERMISOS AMBIENTALES,DISEÑO-CONSULTORIA - F,GLOBAL - GLB,040 - 040 - DISEÑOS Y CONSULTORIAS,1.0,0,1.0,True,False,,
4668,MANO DE OBRA PTAP ARAUCA,SUBCONTRATO - S,UNIDAD - UND,043 - 043 - SUBCONTRATO,0.0,0,0.0,True,False,,
4669,"TUBERIA PVC-PRESION DE 3/4"" X 6M",MATERIAL - M,UNIDAD - UND,012 - 012 - INSTALACIONES HIDRAULICAS,1.0,0,1.0,True,False,,
4670,"VALVULA PVC 1/2"" LISA",MATERIAL - M,UNIDAD - UND,011 - 011 - GRIFERIA Y APARATOS HIDROSANITARIOS,1.0,19,1.19,True,False,,
4671,BREAKER DE RIEL 1X50 AMP,MATERIAL - M,UNIDAD - UND,"014 - 014 - INSTALACIONES ELECTRICAS, VOZ Y DATOS",1.0,19,1.19,True,False,,
4672,"CONECTOR CONDUIT PVC 1/2""",MATERIAL - M,UNIDAD - UND,"014 - 014 - INSTALACIONES ELECTRICAS, VOZ Y DATOS",1.0,19,1.19,True,False,MARIA PAULA BALLEN MANOSALVA,2026-07-08
4673,"SOPORTE EN L PARA TENSOR DE 1""",MATERIAL - M,UNIDAD - UND,"014 - 014 - INSTALACIONES ELECTRICAS, VOZ Y DATOS",1.0,19,1.19,True,False,,
4674,"BROCA ESCALONA 1""",MATERIAL - M,UNIDAD - UND,020 - 020 - FERRETERIA MENOR,1.0,19,1.19,True,False,,
4675,"CHAZO PLASTICO 1/4""",MATERIAL - M,UNIDAD - UND,017 - 017 - ACABADOS Y PINTURA,1.0,0,1.0,True,False,,
4676,"TORNILLO 8X2""",MATERIAL - M,UNIDAD - UND,020 - 020 - FERRETERIA MENOR,0.0,19,0.0,True,False,,
4677,"TORNILLO 8X2 - 1/2""",MATERIAL - M,UNIDAD - UND,020 - 020 - FERRETERIA MENOR,0.0,19,0.0,True,False,,
4678,"TORNILLO 10 X 3""",MATERIAL - M,UNIDAD - UND,020 - 020 - FERRETERIA MENOR,0.0,19,0.0,True,False,,
4679,"TORNILLO 8X1""",MATERIAL - M,UNIDAD - UND,020 - 020 - FERRETERIA MENOR,0.0,19,0.0,True,False,,
4680,"MUEBLE MODULAR SUPERIOR DE COCINA; LONG. 0,60 M",MATERIAL - M,METRO LINEAL - ML,019 - 019 - CARPINTERIA MADERA,0.0,0,0.0,True,False,,
4681,REJA METALICA,MATERIAL - M,METRO CUADRADO - M2,018 - 018 - CARPINTERIA METALICA,0.0,0,0.0,True,False,,
4682,VENTANA EN PERFIL DE ALUMINIO PROYECTANTE REFERENCIA 3038 Y VIDRIO LAMINADO 4+4 INCOLORO. INCLUYE ELEMENTOS DE INSTALACION,MATERIAL - M,METRO CUADRADO - M2,018 - 018 - CARPINTERIA METALICA,1.0,0,1.0,True,False,ALISON CAMILA BENAVIDES RIVERA,2026-07-03
4683,"VENTANA EN ALUMINIO CRUDO O ANODIZADO DE 0,30 × 0,60 M, TIPO CELOSIA, INCLUYE VIDRIO DE 4 MM.",MATERIAL - M,UNIDAD - UND,019 - 019 - CARPINTERIA MADERA,1.0,0,1.0,True,False,,
4684,DIVISION PARA BANO (EN ALUMINIO Y ACRILICO),MATERIAL - M,METRO CUADRADO - M2,019 - 019 - CARPINTERIA MADERA,1.0,0,1.0,True,False,,
4685,PUERTA PARA BANO EN ALUMINIO Y ACRILICO,MATERIAL - M,UNIDAD - UND,018 - 018 - CARPINTERIA METALICA,1.0,0,1.0,True,False,,
4686,BOMBILLO LED 18W,MATERIAL - M,UNIDAD - UND,015 - 015 - REDES ELECTRICAS,1.0,0,1.0,True,False,,
4687,"REJILLA DE 4""X2"" PLASTICA",MATERIAL - M,UNIDAD - UND,013 - 013 - INSTALACIONES HIDROSANITARIAS,1.0,0,1.0,True,False,,
4688,"YEE SANITARIA PVC REDUCIDA 4"" X 2""",MATERIAL - M,UNIDAD - UND,013 - 013 - INSTALACIONES HIDROSANITARIAS,1.0,0,1.0,True,False,,
4690,BOQUILLA LATEX COLOR BLANCO,MATERIAL - M,KILOGRAMO - KG,009 - 009 - ENCHAPES,0.0,0,0.0,True,False,,
4692,ML MESON EN ACERO 1 *0.60,MATERIAL - M,METRO - M,018 - 018 - CARPINTERIA METALICA,0.0,0,0.0,True,False,ALISON CAMILA BENAVIDES RIVERA,2026-07-13
4693,TORNILLO LAMINA AVELLANADO NEGRO 8X1-1/2 100 UND FIXSER,MATERIAL - M,UNIDAD - UND,020 - 020 - FERRETERIA MENOR,0.0,0,0.0,True,False,ALISON CAMILA BENAVIDES RIVERA,2026-07-13
4694,ESTUCO EN PASTA ACRILICO PINTUCO X 30KG,MATERIAL - M,UNIDAD - UND,017 - 017 - ACABADOS Y PINTURA,0.0,0,0.0,True,False,,
4695,PASAMANOS TUBULAR INST. H:1.10 INSTALACION,MATERIAL - M,METRO LINEAL - ML,018 - 018 - CARPINTERIA METALICA,0.0,0,0.0,True,False,,
4696,"YEE SANITARIA PVC REDUCIDA 4"" X2""",MATERIAL - M,UNIDAD - UND,013 - 013 - INSTALACIONES HIDROSANITARIAS,0.0,0,0.0,True,False,,
4697,SUMINISTRO DE COMBUSTIBLE - C&C BATERIAS,SUBCONTRATO - S,UNIDAD - UND,043 - 043 - SUBCONTRATO,0.0,0,0.0,True,False,,
4698,MANO DE OBRA CARPINTERIA METALICA - CONSORCIO C&C JOINT,SUBCONTRATO - S,UNIDAD - UND,043 - 043 - SUBCONTRATO,1.0,0,1.0,True,False,MARIA PAULA BALLEN MANOSALVA,2026-07-15
4699,MANO DE OBRA EXTRA - CONSORCIO C&C JOINT,SUBCONTRATO - S,UNIDAD - UND,043 - 043 - SUBCONTRATO,1.0,0,1.0,True,False,,
4700,CINTA BANDIT 1/2 PULGADA ROLLO X 30 METROS,MATERIAL - M,UNIDAD - UND,"014 - 014 - INSTALACIONES ELECTRICAS, VOZ Y DATOS",1.0,0,1.0,True,False,,
4701,LAMINA REFLECTIVA PRISMATICA DE ALTA INTENSIDAD ANARANJADO ANCHO 75 CM MINIMO O SUPERIOR APROX),SEÑALIZACIÓN - Ñ,METRO - M,037 - 037 - SEÑALIZACION,1.0,19,1.19,True,False,ADALBERTO ALARCON OLAYA,2026-07-21
4702,LAMINA REFLECTIVA PRISMATICA DE ALTA INTENSIDAD AMARILLO ANCHO 60 CM MINIMO O SUPERIOR APROX),SEÑALIZACIÓN - Ñ,METRO - M,037 - 037 - SEÑALIZACION,1.0,19,1.19,True,False,ADALBERTO ALARCON OLAYA,2026-07-21
4703,LAMINA REFLECTIVA PRISMATICA DE ALTA INTENSIDAD BLANCO ANCHO 75 CM MINIMO O SUPERIOR APROX),SEÑALIZACIÓN - Ñ,METRO - M,037 - 037 - SEÑALIZACION,1.0,19,1.19,True,False,ADALBERTO ALARCON OLAYA,2026-07-21
4704,PINTURA BASE ACEITE,MATERIAL - M,GALON - GAL,017 - 017 - ACABADOS Y PINTURA,1.0,19,1.19,True,False,,
4705,ARRIENDO VIVIEENDA - C&C BATERIAS,SERVICIOS - Q,MES - MS,035 - 035 - ARRIENDOS,0.0,0,0.0,True,False,,
4706,"LISTON MADERA COMUN 2""X1""",MATERIAL - M,UNIDAD - UND,020 - 020 - FERRETERIA MENOR,1.0,0,1.0,True,False,,
4707,"RETROEXCAVADORA FORD 555, CAT 416",EQUIPO - E,HORA - HR,022 - 022 - MAQUINARIA Y EQUIPO,1.0,0,1.0,True,False,,
4708,"PARAL 2-1/2 X 1-1/4"" X 0.38MM X 2.44M",MATERIAL - M,UNIDAD - UND,003 - 003 - ACEROS Y REFUERZOS METALICO,1.0,0,1.0,True,False,HENRY DE JESUS TABORDA ZAPATA,2026-07-23
4709,TORNILLO PANEL DRYWALL PTA AGUDA 6X1 100UN,MATERIAL - M,KILOGRAMO - KG,020 - 020 - FERRETERIA MENOR,1.0,19,1.19,True,False,HENRY DE JESUS TABORDA ZAPATA,2026-07-23
4710,TACO REDONDO DE MADERA DE 3.0M X 2.89M,MATERIAL - M,UNIDAD - UND,020 - 020 - FERRETERIA MENOR,1.0,0,1.0,True,False,HENRY DE JESUS TABORDA ZAPATA,2026-07-23
4711,TELERA DE 0.90 X 1.35 M,MATERIAL - M,UNIDAD - UND,020 - 020 - FERRETERIA MENOR,1.0,0,1.0,True,False,,
4712,LARGUERO MADERA COMUN 4CMX8CMX2.80M,MATERIAL - M,UNIDAD - UND,020 - 020 - FERRETERIA MENOR,1.0,0,1.0,True,False,,
4713,"LARGUERO DE MADERA COMUN DE 1"" X 1""",MATERIAL - M,UNIDAD - UND,020 - 020 - FERRETERIA MENOR,1.0,0,1.0,True,False,,
4714,CANDADO USO PESADO,MATERIAL - M,UNIDAD - UND,020 - 020 - FERRETERIA MENOR,1.0,19,1.19,True,False,HENRY DE JESUS TABORDA ZAPATA,2026-07-23
4715,"BISAGRA DE ALA GALVANIZADA, TRABAJO PESADO DE 6""",MATERIAL - M,UNIDAD - UND,011 - 011 - GRIFERIA Y APARATOS HIDROSANITARIOS,1.0,19,1.19,True,False,,
4716,"CAN ZUNCHADO EN MADERA COMUN. DE 3,5CM X 20 CM X 3,0M",MATERIAL - M,UNIDAD - UND,019 - 019 - CARPINTERIA MADERA,1.0,0,1.0,True,False,,
4717,"TABLA MADERA COMUN DE 2.5 CM X 20CM X 3,0M",MATERIAL - M,UNIDAD - UND,019 - 019 - CARPINTERIA MADERA,1.0,0,1.0,True,False,,
4718,REMACHES POP 1/8X1/2,MATERIAL - M,UNIDAD - UND,020 - 020 - FERRETERIA MENOR,1.0,19,1.19,True,False,,
4719,"LONAS PARA CERRAMIENTO DE OBRA DE 2.50 DE ALTURA. IMPRESION FULL COLOR (4X0) EN LONA DE 13 ONZAS, CON ACABADOS DE OJALES METALICOS, BOLSILLOS DE REFUERZO Y VARILLA PARA SOPORTE.",MATERIAL - M,UNIDAD - UND,037 - 037 - SEÑALIZACION,0.0,19,0.0,True,False,,
4720,DESMOLDANTE PARA FORMALETA (PRESENTACION 20 KG),MATERIAL - M,UNIDAD - UND,001 - 001 - ADHESIVOS Y ADITIVOS,1.0,19,1.19,True,False,,
4721,ACERO REFUERZO G-60 FIGURADO,MATERIAL - M,KILOGRAMO - KG,003 - 003 - ACEROS Y REFUERZOS METALICO,1.0,19,1.19,True,False,,
4722,CEMENTO DEMOLEDOR NO EXPLOSIVO TIPO CRAS (10KG),MATERIAL - M,UNIDAD - UND,001 - 001 - ADHESIVOS Y ADITIVOS,1.0,19,1.19,True,False,,
4723,"TABLA MADERA COMUN DE 1,7CM X 20CM X 3,0M",MATERIAL - M,UNIDAD - UND,019 - 019 - CARPINTERIA MADERA,1.0,0,1.0,True,False,,
4724,CASETON EN POLIESTIRENO RECUPERABLE H=0.50M,MATERIAL - M,METRO CUADRADO - M2,006 - 006 - CONCRETOS Y MORTEROS,1.0,19,1.19,True,False,,
4725,"FORMALETA SUPER T DE 19 MM. DE 1,53 X 2,44 M.",MATERIAL - M,UNIDAD - UND,019 - 019 - CARPINTERIA MADERA,1.0,0,1.0,True,False,,
4726,SIKA PLASTOCRETE DM IMPERMEABILIZANTE PARA CONCRETO 20KG,MATERIAL - M,KILOGRAMO - KG,001 - 001 - ADHESIVOS Y ADITIVOS,1.0,19,1.19,True,False,,
4727,"FORMALETA SUPER T DE 19 MM. DE 1,83 X 2,44 M.",MATERIAL - M,UNIDAD - UND,019 - 019 - CARPINTERIA MADERA,1.0,0,1.0,True,False,HENRY DE JESUS TABORDA ZAPATA,2026-07-24
4728,MOLDURA EN MADERA 1/4 BOCEL DE L=3.00 M.,MATERIAL - M,METRO - M,019 - 019 - CARPINTERIA MADERA,1.0,0,1.0,True,False,,
4729,COSTAL DE FIQUE (GANTE PARA CURADO),MATERIAL - M,UNIDAD - UND,020 - 020 - FERRETERIA MENOR,1.0,19,1.19,True,False,,
4730,SIKAFLUID 25KG,MATERIAL - M,UNIDAD - UND,001 - 001 - ADHESIVOS Y ADITIVOS,1.0,19,1.19,True,False,,
4731,TACO REDONDO DE MADERA DE 0.10M X 2.80M,MATERIAL - M,UNIDAD - UND,020 - 020 - FERRETERIA MENOR,1.0,0,1.0,True,False,,
4732,"MANGUERA NEGRA POLIETILENO DE BAJA DENSIDAD PARA RIEGO DE 1/2""",MATERIAL - M,METRO - M,020 - 020 - FERRETERIA MENOR,1.0,19,1.19,True,False,,
4733,SIKA MENT -NS. SUPERPLASTIFICANTE,MATERIAL - M,KILOGRAMO - KG,001 - 001 - ADHESIVOS Y ADITIVOS,1.0,19,1.19,True,False,,
4735,"FORMALETA SUPER T DE 19 MM. DE 0,28 X 2,44 M.",MATERIAL - M,UNIDAD - UND,019 - 019 - CARPINTERIA MADERA,1.0,0,1.0,True,False,,
4736,SIKA SEPAROL (15KG),MATERIAL - M,UNIDAD - UND,001 - 001 - ADHESIVOS Y ADITIVOS,1.0,19,1.19,True,False,,
4737,"FORMALETA EN PINO SECO CEPILLADO DE 2""X4"". PARA JUNTAS FRIAS.",MATERIAL - M,METRO - M,019 - 019 - CARPINTERIA MADERA,1.0,0,1.0,True,False,,
4738,"SIKAFLOOR 3 OUARTZ TOP, COLOR VERDE",MATERIAL - M,KILOGRAMO - KG,001 - 001 - ADHESIVOS Y ADITIVOS,1.0,19,1.19,True,False,,
4739,SIKAPLAN 12 NTR,MATERIAL - M,METRO CUADRADO - M2,001 - 001 - ADHESIVOS Y ADITIVOS,1.0,19,1.19,True,False,,
4740,SIKAPLAN 12 NT,MATERIAL - M,METRO CUADRADO - M2,001 - 001 - ADHESIVOS Y ADITIVOS,1.0,19,1.19,True,False,,
4741,SIKA GEOTEXTILPP1800,MATERIAL - M,METRO CUADRADO - M2,045 - 045 - GEOSINTÉTICOS,1.0,19,1.19,True,False,,
4743,PERFIL DE FONDO PAG 150X50-1.5MM,MATERIAL - M,METRO - M,003 - 003 - ACEROS Y REFUERZOS METALICO,1.0,19,1.19,True,False,HENRY DE JESUS TABORDA ZAPATA,2026-07-25
4744,SIKA PRIMER 215,MATERIAL - M,UNIDAD - UND,001 - 001 - ADHESIVOS Y ADITIVOS,1.0,19,1.19,True,False,,
4745,SIKAFLEX,MATERIAL - M,UNIDAD - UND,001 - 001 - ADHESIVOS Y ADITIVOS,1.0,19,1.19,True,False,,
4746,ANCLAJES DE FIJACION (CANCAMO CERRADO),MATERIAL - M,UNIDAD - UND,020 - 020 - FERRETERIA MENOR,1.0,19,1.19,True,False,,
4747,DURAL 452 GEL SISTEMA EPOXICO PARA ANCLAJES. 600 CC,MATERIAL - M,UNIDAD - UND,001 - 001 - ADHESIVOS Y ADITIVOS,1.0,19,1.19,True,False,,
4748,PERNO EXPANSION C/ TUERCA Y GOLILLA. 1/2 X 4. 1/4. LAPROX.= 10 CM.,MATERIAL - M,UNIDAD - UND,020 - 020 - FERRETERIA MENOR,1.0,19,1.19,True,False,,
4749,"BLOQUE DE CONCRETO 13 MPA. TIPO CATALAN DE 10 X 15 X 30 CM , ESPESOR DE 15 CM. COLOR DIFERENTE A GRIS",MATERIAL - M,UNIDAD - UND,010 - 010 - MAMPOSTERIA,1.0,0,1.0,True,False,,
4750,MORTERO DE PEGA PEGABLOQ DE COLOR INDURAL SACO POR 25KG,MATERIAL - M,UNIDAD - UND,010 - 010 - MAMPOSTERIA,1.0,19,1.19,True,False,,
4751,BLOQUE CALADO PIGMENTADO 24X24X12,MATERIAL - M,UNIDAD - UND,010 - 010 - MAMPOSTERIA,1.0,0,1.0,True,False,,
4752,VARILLA GRAFIL CORRUGADA 4 MM X 6M,MATERIAL - M,METRO - M,003 - 003 - ACEROS Y REFUERZOS METALICO,1.0,19,1.19,True,False,,
4753,PLATINA LAMINA 3/8 DE 12X12 CM,MATERIAL - M,UNIDAD - UND,003 - 003 - ACEROS Y REFUERZOS METALICO,1.0,19,1.19,True,False,,
4754,PLATINA LAMINA 3/16 ESP DE 10X5 CM,MATERIAL - M,UNIDAD - UND,003 - 003 - ACEROS Y REFUERZOS METALICO,1.0,19,1.19,True,False,,
4755,"ANCLAJE EPOXICO HIT RE 500 V3 D=1/2"" ANCLAJE DE 120 MM",MATERIAL - M,UNIDAD - UND,001 - 001 - ADHESIVOS Y ADITIVOS,1.0,19,1.19,True,False,,
4756,"PERNO DE ANCLAJE METALICO DE 1/2X5""",MATERIAL - M,UNIDAD - UND,020 - 020 - FERRETERIA MENOR,1.0,19,1.19,True,False,,
4757,LADRILLO 10X20X40 RAYADO. PUESTO EN OBRA,MATERIAL - M,UNIDAD - UND,010 - 010 - MAMPOSTERIA,1.0,0,1.0,True,False,,
4758,CHAPA BLOQUE CATALAN COLOR DIFERENTE A GRIS 3*10*30. PUESTA EN OBRA,MATERIAL - M,UNIDAD - UND,010 - 010 - MAMPOSTERIA,1.0,0,1.0,True,False,,
4759,MALLA ELECTRO. D-50 6MTS*2.35 4MM (25*25),MATERIAL - M,METRO CUADRADO - M2,020 - 020 - FERRETERIA MENOR,1.0,16,1.16,True,False,,
4760,CEMENTO BLANCO (SACO 40 KILOS) ARGOS,MATERIAL - M,UNIDAD - UND,001 - 001 - ADHESIVOS Y ADITIVOS,1.0,19,1.19,True,False,,
4761,DIOXIDO DE TITANIO,MATERIAL - M,KILOGRAMO - KG,001 - 001 - ADHESIVOS Y ADITIVOS,1.0,19,1.19,True,False,,
4762,"SELLALON GRIS VARILLA DE ESPUMA DE 1"" DE POLIETILENO",MATERIAL - M,METRO - M,001 - 001 - ADHESIVOS Y ADITIVOS,1.0,19,1.19,True,False,,
4763,SIKAFLEX 1A,MATERIAL - M,UNIDAD - UND,001 - 001 - ADHESIVOS Y ADITIVOS,1.0,19,1.19,True,False,,
4764,PEGACOR CAPA GRUESA PORCELANTO MARMOL X 25 KG,MATERIAL - M,UNIDAD - UND,009 - 009 - ENCHAPES,1.0,19,1.19,True,False,,
4765,"SUMINISTRO DE TABLEQUIN DE CONCRETO, MODULO DE 2.20 M2",MATERIAL - M,METRO CUADRADO - M2,007 - 007 - PREFABRICADOS EN CONCRETO,1.0,19,1.19,True,False,HENRY DE JESUS TABORDA ZAPATA,2026-07-27
4766,TRANSPORTE DE LOS MATERIALES,TRANSPORTE - T,METRO CUADRADO - M2,023 - 023 - TRANSPORTE,1.0,19,1.19,True,False,,
4767,ENCHAPE DE PISO PARED NOW ARD PRO 30X60CM COLOR GRIS CLARO,MATERIAL - M,METRO CUADRADO - M2,009 - 009 - ENCHAPES,1.0,19,1.19,True,False,,
4768,MORTERO 1:4 CAL: (CAL:CEMENTO:ARENA) EN OBRA,MATERIAL - M,METRO CUBICO - M3,006 - 006 - CONCRETOS Y MORTEROS,1.0,19,1.19,True,False,,
4769,"PEGACOR GRIS - CORONA (REND.3 A 4 KG./M2, PARA CERAMICA DE 40X40 O MAS, 6 KG/M2)",MATERIAL - M,KILOGRAMO - KG,001 - 001 - ADHESIVOS Y ADITIVOS,1.0,19,1.19,True,False,,
4770,CARNAZA (BOLSA X KG),MATERIAL - M,UNIDAD - UND,029 - 029 - SG-SST,1.0,19,1.19,True,False,,
4771,VARILLA DE DILATACION PVC 5 MM X 40 MM.,MATERIAL - M,METRO - M,020 - 020 - FERRETERIA MENOR,1.0,19,1.19,True,False,,
4772,"BALDOSA DE FONDO HABANA GRANO TRANI, BLANCO O CREMA 1-2 DE 30X30 CM. INCLUYE TRANSPORTE.",MATERIAL - M,METRO CUADRADO - M2,009 - 009 - ENCHAPES,1.0,19,1.19,True,False,,
4773,CERA POLIMERICA LIQUIDA PARA PISOS.,MATERIAL - M,LITRO - LT,001 - 001 - ADHESIVOS Y ADITIVOS,1.0,19,1.19,True,False,,
4774,"EUCON R200, ADITIVO PLASTIFICANTE DE CONCRETO. PRESENTACION POR 20 KG. INCLUYE TRANSPORTE",MATERIAL - M,UNIDAD - UND,001 - 001 - ADHESIVOS Y ADITIVOS,1.0,19,1.19,True,False,,
4775,"ZOCALO EN BALDOSAMAMRMOLIZADA MIKONOS H=0,07-0,10 M.",MATERIAL - M,METRO - M,009 - 009 - ENCHAPES,1.0,0,1.0,True,False,,
4776,"ZOCALO EN BALDOSA DE GRANO DE H=0,07-0,10 M.",MATERIAL - M,METRO LINEAL - ML,009 - 009 - ENCHAPES,1.0,0,1.0,True,False,,
4777,GRANO PULIDO PREPARADO,MATERIAL - M,KILOGRAMO - KG,020 - 020 - FERRETERIA MENOR,1.0,19,1.19,True,False,,
4778,GRAMA TIPO MACANA,MATERIAL - M,METRO CUADRADO - M2,042 - 042 - AMBIENTAL,1.0,19,1.19,True,False,,
4779,FERTILIZANTE FOLIAR RICO EN NITROGENO,MATERIAL - M,KILOGRAMO - KG,042 - 042 - AMBIENTAL,1.0,0,1.0,True,False,HENRY DE JESUS TABORDA ZAPATA,2026-07-27
4780,"PANEL YETI-BOND O EQUIVALENTE, DE 30 MM DE ESPESOR",MATERIAL - M,METRO CUADRADO - M2,020 - 020 - FERRETERIA MENOR,1.0,19,1.19,True,False,,
4781,SIKAFLEX 1CSL,MATERIAL - M,UNIDAD - UND,001 - 001 - ADHESIVOS Y ADITIVOS,1.0,19,1.19,True,False,,
4782,SIKAROD1/4,MATERIAL - M,METRO LINEAL - ML,001 - 001 - ADHESIVOS Y ADITIVOS,1.0,19,1.19,True,False,,
4783,"CINTA DE ENMASCARAR 3/4""",MATERIAL - M,METRO - M,005 - 005 - PAPELERIA,1.0,19,1.19,True,False,,
4784,"PINTURA SINTETICA BASE ACRILICA O POLIURTANO RESISTENTE A LOS RAYOS UV Y AL DESGASTE, CON CARGAS MINERALES SELECCIONADAS.",MATERIAL - M,GALON - GAL,017 - 017 - ACABADOS Y PINTURA,1.0,19,1.19,True,False,,
4785,PINTURA TIPO TRAFICO ACRILICA -COLOR BLANCO- PINTUCO,MATERIAL - M,GALON - GAL,017 - 017 - ACABADOS Y PINTURA,1.0,19,1.19,True,False,,
4786,TRIPLEX DE 7MM PIZANO,MATERIAL - M,METRO CUADRADO - M2,020 - 020 - FERRETERIA MENOR,1.0,19,1.19,True,False,,
4787,"ESPARRAGO 3/8"" GALVANIZADO",MATERIAL - M,METRO - M,020 - 020 - FERRETERIA MENOR,1.0,19,1.19,True,False,,
4788,"PERNO DE ANCLAJE HEMBRA 3/8"" GALVANIZADO",MATERIAL - M,UNIDAD - UND,020 - 020 - FERRETERIA MENOR,1.0,19,1.19,True,False,,
4789,SOPORTE EN L 3/8 GALVANIZADO,MATERIAL - M,UNIDAD - UND,020 - 020 - FERRETERIA MENOR,1.0,19,1.19,True,False,,
4790,SOLDADURA PVC (UNION SIMPLE) 1/4,MATERIAL - M,UNIDAD - UND,020 - 020 - FERRETERIA MENOR,1.0,16,1.16,True,False,,
4791,"TUBERIA PVC-P RDE 11 400 PSI, Ø= 3/4""",MATERIAL - M,METRO - M,012 - 012 - INSTALACIONES HIDRAULICAS,1.0,19,1.19,True,False,,
4792,"UNION PVC PRESION DE 3/4""",MATERIAL - M,UNIDAD - UND,012 - 012 - INSTALACIONES HIDRAULICAS,1.0,0,1.0,True,False,,
4793,"TEE PVC-P REDUCIDA DE 3/4"" A 1/2""",MATERIAL - M,UNIDAD - UND,012 - 012 - INSTALACIONES HIDRAULICAS,1.0,19,1.19,True,False,,
4794,"BUJE SOLDADO PVC-P DE 3/4"" A 1/2""",MATERIAL - M,UNIDAD - UND,020 - 020 - FERRETERIA MENOR,1.0,19,1.19,True,False,,
4795,"TEE PVC-P REDUCIDA DE 1"" A 1/2""",MATERIAL - M,UNIDAD - UND,012 - 012 - INSTALACIONES HIDRAULICAS,1.0,19,1.19,True,False,,
4796,"BUJE SOLDADO PVC-P DE 1"" A 1/2""",MATERIAL - M,UNIDAD - UND,012 - 012 - INSTALACIONES HIDRAULICAS,1.0,19,1.19,True,False,,
4797,"ADAPTADOR MACHO PVC-P Ø= 1 1/2""",MATERIAL - M,UNIDAD - UND,012 - 012 - INSTALACIONES HIDRAULICAS,1.0,0,1.0,True,False,,
4798,"BUJE SOLDADO PVC-P DE 1 1/2"" A 1/2""",MATERIAL - M,UNIDAD - UND,012 - 012 - INSTALACIONES HIDRAULICAS,1.0,19,1.19,True,False,,
4799,"BUJE SOLDADO PVC-P DE 1 1/2"" A 1 1/4""",MATERIAL - M,UNIDAD - UND,012 - 012 - INSTALACIONES HIDRAULICAS,1.0,19,1.19,True,False,,
4800,"BUJE SOLDADO PVC-P DE 1 1/2"" A 1""",MATERIAL - M,UNIDAD - UND,012 - 012 - INSTALACIONES HIDRAULICAS,1.0,19,1.19,True,False,,
4801,"BUJE SOLDADO PVC-P DE 1 1/2"" A 3/4""",MATERIAL - M,UNIDAD - UND,012 - 012 - INSTALACIONES HIDRAULICAS,1.0,19,1.19,True,False,,
4802,"TUBERIA PVC-P RDE 21, Ø= 2""",MATERIAL - M,METRO - M,012 - 012 - INSTALACIONES HIDRAULICAS,1.0,19,1.19,True,False,,
4803,"ADAPTADOR MACHO PVC-P Ø= 2""",MATERIAL - M,UNIDAD - UND,011 - 011 - GRIFERIA Y APARATOS HIDROSANITARIOS,1.0,19,1.19,True,False,,
4804,"BUJE SOLDADO PVC-P DE 2"" A 1 1/2""",MATERIAL - M,UNIDAD - UND,012 - 012 - INSTALACIONES HIDRAULICAS,1.0,19,1.19,True,False,,
4805,"BUJE SOLDADO PVC-P DE 2"" A 1 1/4""",MATERIAL - M,UNIDAD - UND,012 - 012 - INSTALACIONES HIDRAULICAS,1.0,19,1.19,True,False,,
4806,"BUJE SOLDADO PVC-P DE 2"" A 1""",MATERIAL - M,UNIDAD - UND,012 - 012 - INSTALACIONES HIDRAULICAS,1.0,19,1.19,True,False,,
4807,"BUJE SOLDADO PVC-P DE 2"" A 1/2""",MATERIAL - M,UNIDAD - UND,012 - 012 - INSTALACIONES HIDRAULICAS,1.0,19,1.19,True,False,,
4808,"CODO 45o PVC-PRESION Ø= 2"".",MATERIAL - M,UNIDAD - UND,012 - 012 - INSTALACIONES HIDRAULICAS,1.0,0,1.0,True,False,,
4809,TUBERIA PVC-P RDE 21 PSI Ø= 3 PULG,MATERIAL - M,METRO LINEAL - ML,012 - 012 - INSTALACIONES HIDRAULICAS,1.0,19,1.19,True,False,,
4810,"ADAPTADOR MACHO PVC-P Ø= 3""",MATERIAL - M,UNIDAD - UND,012 - 012 - INSTALACIONES HIDRAULICAS,1.0,19,1.19,True,False,,
4811,"CODO 90o PVC PRESIO Ø= 3"".",MATERIAL - M,UNIDAD - UND,012 - 012 - INSTALACIONES HIDRAULICAS,1.0,19,1.19,True,False,,
4812,"TEE PVC PRESION 3""",MATERIAL - M,UNIDAD - UND,012 - 012 - INSTALACIONES HIDRAULICAS,1.0,19,1.19,True,False,,
4813,"BUJE SOLDADO PVC-P DE 3"" A 2 1/2""",MATERIAL - M,UNIDAD - UND,012 - 012 - INSTALACIONES HIDRAULICAS,1.0,19,1.19,True,False,,
4814,"UNION PVC PRESION DE 3""",MATERIAL - M,UNIDAD - UND,012 - 012 - INSTALACIONES HIDRAULICAS,1.0,19,1.19,True,False,,
4815,"TUBERIA CPVC Ø= 3/4""",MATERIAL - M,METRO - M,012 - 012 - INSTALACIONES HIDRAULICAS,1.0,19,1.19,True,False,,
4816,"UNION CPVC-P, Ø= 3/4""",MATERIAL - M,UNIDAD - UND,012 - 012 - INSTALACIONES HIDRAULICAS,1.0,19,1.19,True,False,,
4817,"CODO 90o CPVC-P, Ø= 3/4"".",MATERIAL - M,UNIDAD - UND,012 - 012 - INSTALACIONES HIDRAULICAS,1.0,19,1.19,True,False,,
4818,"CODO 45o CPVC-P Ø= 3/4"".",MATERIAL - M,UNIDAD - UND,012 - 012 - INSTALACIONES HIDRAULICAS,1.0,19,1.19,True,False,,
4819,"TEE CPVC-P DE 3/4""",MATERIAL - M,UNIDAD - UND,012 - 012 - INSTALACIONES HIDRAULICAS,1.0,19,1.19,True,False,,
4820,"BUJE SOLDADO CPVC-P DE 3/4"" A 1/2""",MATERIAL - M,UNIDAD - UND,012 - 012 - INSTALACIONES HIDRAULICAS,1.0,19,1.19,True,False,,
4821,"ADAPTADOR MACHO CPVC-P Ø= 3/4""",MATERIAL - M,UNIDAD - UND,012 - 012 - INSTALACIONES HIDRAULICAS,1.0,19,1.19,True,False,,
4822,"TRANSICION CPVC-METAL Ø= 3/4""",MATERIAL - M,UNIDAD - UND,012 - 012 - INSTALACIONES HIDRAULICAS,1.0,19,1.19,True,False,,
4823,"TAPON CPVC SOLDADO Ø= 3/4""",MATERIAL - M,UNIDAD - UND,012 - 012 - INSTALACIONES HIDRAULICAS,1.0,19,1.19,True,False,,
4824,SOLDADURA CPVC (UNION SIMPLE) 1/4,MATERIAL - M,UNIDAD - UND,012 - 012 - INSTALACIONES HIDRAULICAS,1.0,19,1.19,True,False,,
4825,"CODO 45o CPVC-P Ø= 1/2"".",MATERIAL - M,UNIDAD - UND,012 - 012 - INSTALACIONES HIDRAULICAS,1.0,19,1.19,True,False,,
4826,"ADAPTADOR MACHO CPVC Ø= 1/2""",MATERIAL - M,UNIDAD - UND,012 - 012 - INSTALACIONES HIDRAULICAS,1.0,19,1.19,True,False,,
4827,"TEE CPVC-P DE 1/2""",MATERIAL - M,UNIDAD - UND,012 - 012 - INSTALACIONES HIDRAULICAS,1.0,19,1.19,True,False,,
4828,"TUBERIA CPVC Ø= 1/2""",MATERIAL - M,METRO - M,012 - 012 - INSTALACIONES HIDRAULICAS,1.0,19,1.19,True,False,,
4829,"UNION CPVC-P, Ø= 1""",MATERIAL - M,UNIDAD - UND,012 - 012 - INSTALACIONES HIDRAULICAS,1.0,19,1.19,True,False,,
4830,"TUBERIA CPVC Ø= 1""",MATERIAL - M,METRO - M,012 - 012 - INSTALACIONES HIDRAULICAS,1.0,19,1.19,True,False,,
4831,"TRANSICION CPVC-METAL Ø= 1""",MATERIAL - M,UNIDAD - UND,012 - 012 - INSTALACIONES HIDRAULICAS,1.0,19,1.19,True,False,,
4832,"TEE CPVC-P DE 1""",MATERIAL - M,UNIDAD - UND,012 - 012 - INSTALACIONES HIDRAULICAS,1.0,19,1.19,True,False,,
4833,"TAPON CPVC SOLDADO Ø= 1""",MATERIAL - M,UNIDAD - UND,012 - 012 - INSTALACIONES HIDRAULICAS,1.0,19,1.19,True,False,,
4834,"CODO 45o CPVC-P Ø= 1"".",MATERIAL - M,UNIDAD - UND,012 - 012 - INSTALACIONES HIDRAULICAS,1.0,19,1.19,True,False,,
4835,"4835 CODO 90o CPVC-P, Ø= 1"".",MATERIAL - M,UNIDAD - UND,012 - 012 - INSTALACIONES HIDRAULICAS,1.0,19,1.19,True,False,,
4836,"ADAPTADOR MACHO CPVC Ø= 1""",MATERIAL - M,UNIDAD - UND,012 - 012 - INSTALACIONES HIDRAULICAS,1.0,19,1.19,True,False,,
4837,"TAPON DE COBRE, Ø= 1/2"".",MATERIAL - M,UNIDAD - UND,020 - 020 - FERRETERIA MENOR,1.0,19,1.19,True,False,,
4838,"TEE DE COBRE DE 1/2""",MATERIAL - M,UNIDAD - UND,012 - 012 - INSTALACIONES HIDRAULICAS,1.0,19,1.19,True,False,,
4839,"ADAPTADOR MACHO EN COBRE DE 1/2""",MATERIAL - M,UNIDAD - UND,012 - 012 - INSTALACIONES HIDRAULICAS,1.0,19,1.19,True,False,,
4840,"ADAPTADOR HEMBRA DE COBRE, Ø= 1/2"".",MATERIAL - M,UNIDAD - UND,012 - 012 - INSTALACIONES HIDRAULICAS,1.0,19,1.19,True,False,,
4841,"TUBERIA COBRE TIPO M DE 1/2""",MATERIAL - M,METRO - M,012 - 012 - INSTALACIONES HIDRAULICAS,1.0,19,1.19,True,False,,
4842,SOLDADURA DE ESTANO 40-60 PARA COBRE.,MATERIAL - M,LIBRA - LB,011 - 011 - GRIFERIA Y APARATOS HIDROSANITARIOS,1.0,19,1.19,True,False,,
4843,"FUNDENTE PARA SOLDAR COBRE, PRESENTACION 2 ONZAS",CONSUMIBLES - C,UNIDAD - UND,012 - 012 - INSTALACIONES HIDRAULICAS,1.0,19,1.19,True,False,,
4844,"TAPON DE COBRE, Ø= 1 1/4"".",MATERIAL - M,UNIDAD - UND,012 - 012 - INSTALACIONES HIDRAULICAS,1.0,19,1.19,True,False,,
4845,"TEE DE COBRE DE 1 1/4""",MATERIAL - M,UNIDAD - UND,012 - 012 - INSTALACIONES HIDRAULICAS,1.0,19,1.19,True,False,,
4846,"ADAPTADOR MACHO EN COBRE DE 1 1/4""",MATERIAL - M,UNIDAD - UND,012 - 012 - INSTALACIONES HIDRAULICAS,1.0,19,1.19,True,False,,
4847,"ADAPTADOR MACHO PVC-P Ø= 1 1/4""",MATERIAL - M,UNIDAD - UND,012 - 012 - INSTALACIONES HIDRAULICAS,1.0,19,1.19,True,False,,
4848,"ADAPTADOR HEMBRA DE COBRE, Ø= 1 1/4""",MATERIAL - M,UNIDAD - UND,012 - 012 - INSTALACIONES HIDRAULICAS,1.0,19,1.19,True,False,,
4849,"TUBERIA COBRE TIPO M DE 1 1/4""",MATERIAL - M,METRO - M,012 - 012 - INSTALACIONES HIDRAULICAS,1.0,19,1.19,True,False,,
4850,"TAPON PVC-P ROSCADO Ø= 1 1/4""",MATERIAL - M,UNIDAD - UND,020 - 020 - FERRETERIA MENOR,1.0,19,1.19,True,False,HENRY DE JESUS TABORDA ZAPATA,2026-07-27
4851,"VALVULA ESFERICA DE 1/2"", MANERAL LARGO",MATERIAL - M,UNIDAD - UND,016 - 016 - REDES CONTRA INCENDIO,1.0,19,1.19,True,False,HENRY DE JESUS TABORDA ZAPATA,2026-07-28
4852,"VALVULA DE BOLA 1""",MATERIAL - M,UNIDAD - UND,011 - 011 - GRIFERIA Y APARATOS HIDROSANITARIOS,1.0,19,1.19,True,False,,
4853,"VALVULA FLOTADOR DE 1""",MATERIAL - M,UNIDAD - UND,013 - 013 - INSTALACIONES HIDROSANITARIAS,1.0,19,1.19,True,False,,
4854,"VALVULA DE PIE 3""",MATERIAL - M,UNIDAD - UND,011 - 011 - GRIFERIA Y APARATOS HIDROSANITARIOS,1.0,19,1.19,True,False,,
4855,"CODO 90o DE COBRE, Ø= 3/4"".",MATERIAL - M,UNIDAD - UND,012 - 012 - INSTALACIONES HIDRAULICAS,1.0,19,1.19,True,False,,
4856,"CODO 45o DE COBRE, Ø= 3/4"".",MATERIAL - M,UNIDAD - UND,012 - 012 - INSTALACIONES HIDRAULICAS,1.0,19,1.19,True,False,,
4857,"VALVULA COMPUERTA BRONCE 3/4"" RW",MATERIAL - M,UNIDAD - UND,011 - 011 - GRIFERIA Y APARATOS HIDROSANITARIOS,1.0,19,1.19,True,False,,
4858,"UNIVERSAL COBRE 3/4""",MATERIAL - M,UNIDAD - UND,011 - 011 - GRIFERIA Y APARATOS HIDROSANITARIOS,1.0,19,1.19,True,False,,
4859,"ADAPTADOR MACHO EN COBRE DE 3/4""",MATERIAL - M,UNIDAD - UND,011 - 011 - GRIFERIA Y APARATOS HIDROSANITARIOS,1.0,19,1.19,True,False,,
4860,"CONTADOR DE 3/4""",MATERIAL - M,UNIDAD - UND,011 - 011 - GRIFERIA Y APARATOS HIDROSANITARIOS,1.0,19,1.19,True,False,,
4861,"HERRAJE CAJA MEDIDOR ACUEDUCTO DE 1"" (60 X 160CM INCLUYE TAPA CONTADOR) NORMA NC-AS-IL01-23 ET-AS-ME08-13",MATERIAL - M,UNIDAD - UND,013 - 013 - INSTALACIONES HIDROSANITARIAS,1.0,19,1.19,True,False,HENRY DE JESUS TABORDA ZAPATA,2026-07-28
4862,"VARIADOR DE VELOCIDAD PARA BOMBAS DE 5HP ALTERNO INCLUYE TRANSDUCTOR DE PRESION, COFRE METALICO, CONTACTORES PARA GENERAR LA TERCERA FASE",EQUIPO - E,UNIDAD - UND,012 - 012 - INSTALACIONES HIDRAULICAS,1.0,0,1.0,True,False,,
4863,ACCESORIOS COMPLEMENTARIOS BOMBA,MATERIAL - M,UNIDAD - UND,012 - 012 - INSTALACIONES HIDRAULICAS,1.0,19,1.19,True,False,,
4864,CONTROLES BOMBA,MATERIAL - M,UNIDAD - UND,012 - 012 - INSTALACIONES HIDRAULICAS,1.0,19,1.19,True,False,HENRY DE JESUS TABORDA ZAPATA,2026-07-28
4865,BOMBA CENTRIFUGA INDUSTRIAL 5.5 HP 220/440V- 60HZ,EQUIPO - E,UNIDAD - UND,022 - 022 - MAQUINARIA Y EQUIPO,1.0,19,1.19,True,False,,
4866,SENSOR DE PRESION (PRESOSTATO),EQUIPO - E,UNIDAD - UND,022 - 022 - MAQUINARIA Y EQUIPO,1.0,0,1.0,True,False,,
4867,"TANQUE HIDROACUMULADOR DE 500 LT, METALICO MARCA IHM O SIMILAR",MATERIAL - M,UNIDAD - UND,011 - 011 - GRIFERIA Y APARATOS HIDROSANITARIOS,1.0,0,1.0,True,False,,
4868,"VALVULA COMPUERTA BRONCE 3"" RW",MATERIAL - M,UNIDAD - UND,011 - 011 - GRIFERIA Y APARATOS HIDROSANITARIOS,1.0,19,1.19,True,False,,
4869,VALVULA BOLA 1 1/2 PULGADA AGUA,MATERIAL - M,UNIDAD - UND,011 - 011 - GRIFERIA Y APARATOS HIDROSANITARIOS,1.0,19,1.19,True,False,,
4870,"BUJE SOLDADO PVC-S DE 2 X 1 1/2""",MATERIAL - M,UNIDAD - UND,012 - 012 - INSTALACIONES HIDRAULICAS,1.0,19,1.19,True,False,,
4871,"TEE PVC-SANITARIA DE 2""X1 1/2""",MATERIAL - M,UNIDAD - UND,013 - 013 - INSTALACIONES HIDROSANITARIAS,1.0,19,1.19,True,False,,
4872,"TEE PVC-SANITARIA DE 3""X2""",MATERIAL - M,UNIDAD - UND,013 - 013 - INSTALACIONES HIDROSANITARIAS,1.0,19,1.19,True,False,,
4873,"ABRAZADERA TIPO FIJADOR GALVANIZADO PARA TUBO DE Ø= 3"" + TORNILLOS MARCA MECANO REF FPAG300 O EQUIVALENTE.",MATERIAL - M,UNIDAD - UND,013 - 013 - INSTALACIONES HIDROSANITARIAS,1.0,19,1.19,True,False,,
4874,"PINTURA ACONDICIONADOR DE SUPERFICIES TIPO WASH PRIMER, COMPONENTE B. PRESENTACION POR 1/4 GALON",MATERIAL - M,UNIDAD - UND,017 - 017 - ACABADOS Y PINTURA,1.0,19,1.19,True,False,,
4875,"TEE PVC-SANITARIA DE 4""X3""",MATERIAL - M,UNIDAD - UND,013 - 013 - INSTALACIONES HIDROSANITARIAS,1.0,19,1.19,True,False,,
4876,"ABRAZADERA TIPO FIJADOR GALVANIZADO PARA TUBO DE Ø= 4"" + TORNILLOS MARCA MECANO REF FPAG400 O EQUIVALENTE.",MATERIAL - M,UNIDAD - UND,013 - 013 - INSTALACIONES HIDROSANITARIAS,1.0,19,1.19,True,False,,
4877,"CODO 45° PVC SANITARIO C*C DE 6""",MATERIAL - M,UNIDAD - UND,011 - 011 - GRIFERIA Y APARATOS HIDROSANITARIOS,1.0,19,1.19,True,False,,
4878,"CODO 90° PVC SANITARIO C*C DE 6""",MATERIAL - M,UNIDAD - UND,013 - 013 - INSTALACIONES HIDROSANITARIAS,1.0,19,1.19,True,False,,
4879,"YEE PVC SANITARIA DE 6""",MATERIAL - M,UNIDAD - UND,013 - 013 - INSTALACIONES HIDROSANITARIAS,1.0,0,1.0,True,False,,
4880,"YEE SANITARIA PVC REDUCIDA 6"" X 4""",MATERIAL - M,UNIDAD - UND,013 - 013 - INSTALACIONES HIDROSANITARIAS,1.0,0,1.0,True,False,,
4881,"TEE PVC-SANITARIA DE 6""X4""",MATERIAL - M,UNIDAD - UND,013 - 013 - INSTALACIONES HIDROSANITARIAS,1.0,0,1.0,True,False,,
4882,"ABRAZADERA TIPO FIJADOR GALVANIZADO PARA TUBO DE Ø= 6"" + TORNILLOS MARCA MECANO REF FPAG600 O EQUIVALENTE.",MATERIAL - M,UNIDAD - UND,013 - 013 - INSTALACIONES HIDROSANITARIAS,1.0,19,1.19,True,False,,
4883,TUBERIA PVC SANITARIA 10 PULG.,MATERIAL - M,METRO - M,013 - 013 - INSTALACIONES HIDROSANITARIAS,1.0,19,1.19,True,False,,
4884,"UNION PVC SANITARIA DE 10""",MATERIAL - M,UNIDAD - UND,013 - 013 - INSTALACIONES HIDROSANITARIAS,1.0,19,1.19,True,False,,
4885,"CODO 45° PVC SANITARIO C*C DE 10""",MATERIAL - M,UNIDAD - UND,013 - 013 - INSTALACIONES HIDROSANITARIAS,1.0,19,1.19,True,False,,
4886,"CODO 90° PVC SANITARIO C*C DE 10""",MATERIAL - M,UNIDAD - UND,013 - 013 - INSTALACIONES HIDROSANITARIAS,1.0,0,1.0,True,False,,
4887,"YEE PVC SANITARIA DE 10""",MATERIAL - M,UNIDAD - UND,013 - 013 - INSTALACIONES HIDROSANITARIAS,1.0,0,1.0,True,False,,
4888,"YEE SANITARIA PVC 10"" X 6""",MATERIAL - M,UNIDAD - UND,013 - 013 - INSTALACIONES HIDROSANITARIAS,1.0,0,1.0,True,False,HENRY DE JESUS TABORDA ZAPATA,2026-07-28
4889,"TEE PVC SANITARIA DE 10""",MATERIAL - M,UNIDAD - UND,012 - 012 - INSTALACIONES HIDRAULICAS,1.0,19,1.19,True,False,,
4890,"BUJE SOLDADO PVC-P DE 8"" A 6""",MATERIAL - M,UNIDAD - UND,013 - 013 - INSTALACIONES HIDROSANITARIAS,1.0,19,1.19,True,False,,
4891,PERFIL 50X50X1.5 X 6M,MATERIAL - M,UNIDAD - UND,003 - 003 - ACEROS Y REFUERZOS METALICO,1.0,0,1.0,True,False,,
4892,CERAMICA DE PARED (30X45CM),MATERIAL - M,METRO CUADRADO - M2,009 - 009 - ENCHAPES,1.0,19,1.19,True,False,,
4893,CERAMICA DE PISO SEMIBRILLANTE (50X50CM),MATERIAL - M,METRO CUADRADO - M2,009 - 009 - ENCHAPES,1.0,19,1.19,True,False,,
4894,CERAMICA DE PISO ANTIDESLIZANTE (50X50CM),MATERIAL - M,METRO CUADRADO - M2,009 - 009 - ENCHAPES,1.0,19,1.19,True,False,,
4895,SIKA 1 - IMPERMEABILIZANTE INTEGRAL - MORTEROS - CONCRETOS. PRESENTACION: 1KG. RENDIMIENTO,MATERIAL - M,KILOGRAMO - KG,010 - 010 - MAMPOSTERIA,1.0,0,1.0,True,False,,
4896,HERRAJE DE 70X70 CM. PARA CAJA INSPECCION DE 60X60 CM. INCLUYE MARCO Y TAPA,MATERIAL - M,UNIDAD - UND,013 - 013 - INSTALACIONES HIDROSANITARIAS,1.0,0,1.0,True,False,,
4897,YEE SANIT.3X2 REDUCIDAS PVC PAVCO O SIMILAR,MATERIAL - M,UNIDAD - UND,013 - 013 - INSTALACIONES HIDROSANITARIAS,1.0,0,1.0,True,False,,
4898,HERRAJE 70 X70,MATERIAL - M,UNIDAD - UND,013 - 013 - INSTALACIONES HIDROSANITARIAS,1.0,0,1.0,True,False,,
4899,"ANCLAJE VARILLA ROSCADA 5/8"" X 1M",MATERIAL - M,UNIDAD - UND,003 - 003 - ACEROS Y REFUERZOS METALICO,1.0,19,1.19,True,False,,
4900,"ARANDELA 5/8""",MATERIAL - M,UNIDAD - UND,003 - 003 - ACEROS Y REFUERZOS METALICO,1.0,0,1.0,True,False,MARIA PAULA BALLEN MANOSALVA,2026-07-28
4901,"TUERCA HEXAGONAL 5/8""",MATERIAL - M,UNIDAD - UND,003 - 003 - ACEROS Y REFUERZOS METALICO,1.0,0,1.0,True,False,,
4902,CONCREFIBRA,MATERIAL - M,KILOGRAMO - KG,001 - 001 - ADHESIVOS Y ADITIVOS,1.0,19,1.19,True,False,,
4903,HERRAJE DE 120X120 CM. PARA CAJA INSPECCION DE 100X100 CM.,MATERIAL - M,UNIDAD - UND,001 - 001 - ADHESIVOS Y ADITIVOS,1.0,19,1.19,True,False,,
4904,REJA CARCAMO 0.30X1.00 M,MATERIAL - M,UNIDAD - UND,018 - 018 - CARPINTERIA METALICA,1.0,19,1.19,True,False,,
4905,REJA CARCAMO 0.30X3.00 M,MATERIAL - M,UNIDAD - UND,018 - 018 - CARPINTERIA METALICA,1.0,19,1.19,True,False,,
4906,MARIPOSA FIJACION REJA CARCAMO,MATERIAL - M,UNIDAD - UND,018 - 018 - CARPINTERIA METALICA,1.0,19,1.19,True,False,,
4907,"CANOA GALVANIZADA CAL.20, L= 1.00 M.",MATERIAL - M,METRO - M,018 - 018 - CARPINTERIA METALICA,1.0,19,1.19,True,False,,
4908,EMBUDO GALVANIZADO CALIBRE 22,MATERIAL - M,UNIDAD - UND,004 - 004 - CUBIERTA Y CANALES,1.0,19,1.19,True,False,,
4909,"TORNILLO AUTOPERFORANTE ZINCADO CABEZA HEZAGONAL No 10-16-3/4"" CON ARANDELA DE NEOPRENO.",MATERIAL - M,UNIDAD - UND,020 - 020 - FERRETERIA MENOR,1.0,19,1.19,True,False,,
4910,REJILLA SUMIDERO HIERRO DUCTIL TRAFICO PESADO EN-124,MATERIAL - M,UNIDAD - UND,012 - 012 - INSTALACIONES HIDRAULICAS,1.0,19,1.19,True,False,,
4911,"SOPORTE TIPO PERA DE 3""",MATERIAL - M,UNIDAD - UND,020 - 020 - FERRETERIA MENOR,1.0,19,1.19,True,False,,
4912,SIKA CINTA PVC V-15,MATERIAL - M,UNIDAD - UND,001 - 001 - ADHESIVOS Y ADITIVOS,1.0,19,1.19,True,False,,
4913,MALLA ELECT. D106 15×15 X 4.5M,MATERIAL - M,METRO CUADRADO - M2,003 - 003 - ACEROS Y REFUERZOS METALICO,1.0,19,1.19,True,False,,
4914,SIKAFIBER,MATERIAL - M,KILOGRAMO - KG,001 - 001 - ADHESIVOS Y ADITIVOS,1.0,19,1.19,True,False,,
4915,TUBERIA PVC VENTILACION 4 PULG,MATERIAL - M,METRO - M,013 - 013 - INSTALACIONES HIDROSANITARIAS,1.0,19,1.19,True,False,,
4916,TUBERIA PVC SANITARIA 8 PULG.,MATERIAL - M,METRO - M,013 - 013 - INSTALACIONES HIDROSANITARIAS,1.0,19,1.19,True,False,,
4917,"UNION PVC SANITARIA DE 8""",MATERIAL - M,UNIDAD - UND,013 - 013 - INSTALACIONES HIDROSANITARIAS,1.0,19,1.19,True,False,,
4918,"CODO 45° PVC SANITARIO C*C DE 8""",MATERIAL - M,UNIDAD - UND,013 - 013 - INSTALACIONES HIDROSANITARIAS,1.0,19,1.19,True,False,,
4919,"CODO 90° PVC SANITARIO C*C DE 8""",MATERIAL - M,UNIDAD - UND,013 - 013 - INSTALACIONES HIDROSANITARIAS,1.0,19,1.19,True,False,,
4920,"YEE PVC SANITARIA DE 8""",MATERIAL - M,UNIDAD - UND,013 - 013 - INSTALACIONES HIDROSANITARIAS,1.0,0,1.0,True,False,,
4921,"YEE SANITARIA PVC 10"" X 8""",MATERIAL - M,UNIDAD - UND,013 - 013 - INSTALACIONES HIDROSANITARIAS,1.0,0,1.0,True,False,,
4922,"TEE PVC SANITARIA DE 8""",MATERIAL - M,UNIDAD - UND,013 - 013 - INSTALACIONES HIDROSANITARIAS,1.0,19,1.19,True,False,,
4923,BUJE SOLDADO 8X6 SANITARIA,MATERIAL - M,UNIDAD - UND,013 - 013 - INSTALACIONES HIDROSANITARIAS,1.0,19,1.19,True,False,,
4924,"TEE 8"" A 6"" SANITARIA",MATERIAL - M,UNIDAD - UND,013 - 013 - INSTALACIONES HIDROSANITARIAS,1.0,19,1.19,True,False,,
4925,"TUBERIA PVC-NOVAFORT Ø= 200 MM. (8"") - PAVCO O EQUIVALENTE.",MATERIAL - M,METRO LINEAL - ML,013 - 013 - INSTALACIONES HIDROSANITARIAS,1.0,19,1.19,True,False,,
4926,"UNION PVC-NOVAFORT Ø= 200 MM. (8"") - PAVCO O EQUIVALENTE.",MATERIAL - M,UNIDAD - UND,013 - 013 - INSTALACIONES HIDROSANITARIAS,1.0,19,1.19,True,False,,
4927,"HIDROSELLO-NOVAFORT Ø= 200 MM. (8"") - PAVCO O EQUIVALENTE.",MATERIAL - M,UNIDAD - UND,013 - 013 - INSTALACIONES HIDROSANITARIAS,1.0,0,1.0,True,False,,
4928,ACONDICIONADOR DE SUPERFICIE NOVAFORT X 250CC. - PAVCO O EQUIVALENTE.,MATERIAL - M,UNIDAD - UND,013 - 013 - INSTALACIONES HIDROSANITARIAS,1.0,19,1.19,True,False,,
4929,4930 ADHESIVO NOVAFORT X 310 ML. - PAVCO O EQUIVALENTE.,MATERIAL - M,UNIDAD - UND,013 - 013 - INSTALACIONES HIDROSANITARIAS,1.0,19,1.19,True,False,,
4930,"CHEQUE CORTINA DE 3""",MATERIAL - M,UNIDAD - UND,013 - 013 - INSTALACIONES HIDROSANITARIAS,1.0,19,1.19,True,False,,
4931,"UNIVERSAL PVC 3""",MATERIAL - M,UNIDAD - UND,013 - 013 - INSTALACIONES HIDROSANITARIAS,1.0,0,1.0,True,False,,
4932,VALVULA BOLA 3,MATERIAL - M,UNIDAD - UND,013 - 013 - INSTALACIONES HIDROSANITARIAS,1.0,0,1.0,True,False,,
4933,TRABA QUIMICA FUERZA ALTA,MATERIAL - M,UNIDAD - UND,001 - 001 - ADHESIVOS Y ADITIVOS,1.0,0,1.0,True,False,,
4934,HERRAJE DE 50X50 CM. PARA CAJA INSPECCION DE 40X40 CM. INCLUYE MARCO Y TAPA,MATERIAL - M,UNIDAD - UND,013 - 013 - INSTALACIONES HIDROSANITARIAS,1.0,0,1.0,True,False,,
4935,"MEDIDOR G 2.5 MARCA METREX O EQUIVALENTE, CON CONECTORES",EQUIPO - E,UNIDAD - UND,030 - 030 - SERVICIOS PUBLICOS,1.0,19,1.19,True,False,,
4936,"UNION UNIVERSAL MACHO 1/2""",MATERIAL - M,UNIDAD - UND,012 - 012 - INSTALACIONES HIDRAULICAS,1.0,19,1.19,True,False,,
4937,"TAPON MACHO GALVANIZADO DE 1/2""",MATERIAL - M,UNIDAD - UND,013 - 013 - INSTALACIONES HIDROSANITARIAS,1.0,19,1.19,True,False,,
4938,"CODO 90o EXTERIOR (CALLE), EN ACERO GALVANIZADO, Ø= 1/2"".",MATERIAL - M,UNIDAD - UND,013 - 013 - INSTALACIONES HIDROSANITARIAS,1.0,19,1.19,True,False,,
4939,"NIPLE EN ACERO DE CARBONO DE 1/2"" X 5 CM",MATERIAL - M,UNIDAD - UND,016 - 016 - REDES CONTRA INCENDIO,1.0,19,1.19,True,False,,
4940,"NIPLE EN ACERO DE CARBONO DE 1/2"" X 10 CM",MATERIAL - M,UNIDAD - UND,016 - 016 - REDES CONTRA INCENDIO,1.0,19,1.19,True,False,HENRY DE JESUS TABORDA ZAPATA,2026-07-28
4941,"CODO 45o ACERO GALVANIZADO, Ø= 1/2"".",MATERIAL - M,UNIDAD - UND,016 - 016 - REDES CONTRA INCENDIO,1.0,19,1.19,True,False,,
4942,"UNION ACERO GALVANIZADO 1/2""",MATERIAL - M,UNIDAD - UND,016 - 016 - REDES CONTRA INCENDIO,1.0,19,1.19,True,False,,
4943,"TEE EN ACERO GALVANIZADO DE 1/2""",MATERIAL - M,UNIDAD - UND,016 - 016 - REDES CONTRA INCENDIO,1.0,19,1.19,True,False,,
4944,HOJA DE SIERRA NICHOLSON,MATERIAL - M,UNIDAD - UND,020 - 020 - FERRETERIA MENOR,1.0,0,1.0,True,False,,
4945,MANTECA - GRASA PARA TARRAJA,CONSUMIBLES - C,KILOGRAMO - KG,020 - 020 - FERRETERIA MENOR,1.0,19,1.19,True,False,,
4946,LIJA 200,MATERIAL - M,UNIDAD - UND,020 - 020 - FERRETERIA MENOR,1.0,19,1.19,True,False,,
4947,"TUBERIA ACERO CARBONO SCH40 DE 1/2""",MATERIAL - M,METRO - M,016 - 016 - REDES CONTRA INCENDIO,1.0,19,1.19,True,False,,
4948,"TUBERIA ACERO CARBONO SCH40 DE 3/4""",MATERIAL - M,METRO - M,016 - 016 - REDES CONTRA INCENDIO,1.0,19,1.19,True,False,,
4949,"TAPON MACHO GALVANIZADO DE 3/4""",MATERIAL - M,UNIDAD - UND,016 - 016 - REDES CONTRA INCENDIO,1.0,19,1.19,True,False,,
4950,"CODO 90o ACERO GALVANIZADO, Ø= 3/4"".",MATERIAL - M,UNIDAD - UND,016 - 016 - REDES CONTRA INCENDIO,1.0,19,1.19,True,False,,
4951,"CODO 90o EXTERIOR (CALLE), EN ACERO GALVANIZADO, Ø= 3/4"".",MATERIAL - M,UNIDAD - UND,016 - 016 - REDES CONTRA INCENDIO,1.0,19,1.19,True,False,,
4952,"NIPLE EN ACERO DE CARBONO DE 3/4"" X 5 CM",MATERIAL - M,UNIDAD - UND,016 - 016 - REDES CONTRA INCENDIO,1.0,19,1.19,True,False,,
4953,"NIPLE EN ACERO DE CARBONO DE 3/4"" X 10 CM",MATERIAL - M,UNIDAD - UND,016 - 016 - REDES CONTRA INCENDIO,1.0,19,1.19,True,False,,
4954,"UNION ACERO GALVANIZADO 3/4""",MATERIAL - M,UNIDAD - UND,016 - 016 - REDES CONTRA INCENDIO,1.0,19,1.19,True,False,,
4955,"TEE EN ACERO GALVANIZADO DE 3/4""",MATERIAL - M,UNIDAD - UND,016 - 016 - REDES CONTRA INCENDIO,1.0,19,1.19,True,False,,
4956,"REDUCCION TUERCA GALVANIZADA DE 3/4"" X 1/2""",MATERIAL - M,UNIDAD - UND,016 - 016 - REDES CONTRA INCENDIO,1.0,19,1.19,True,False,,
4957,"GABINETE DE 0.45 X 0.45 MT., CON ESPALDAR METALICO, PARA REGULACION DE 1a ETAPA.",MATERIAL - M,UNIDAD - UND,016 - 016 - REDES CONTRA INCENDIO,1.0,19,1.19,True,False,,
4958,"VALVULA BOLA 1 1/2""",MATERIAL - M,UNIDAD - UND,016 - 016 - REDES CONTRA INCENDIO,1.0,19,1.19,True,False,,
4959,"VALVULA ESFERICA DE 3/4"", MANERAL LARGO",MATERIAL - M,UNIDAD - UND,016 - 016 - REDES CONTRA INCENDIO,1.0,19,1.19,True,False,,
4960,"REGULADOR PARA GAS MARCA HUMCAR O EQUIVALENTE, MODELO R7UE, PRESION DE ENTRADA 1-4BAR, PRESION SALIDA 0.018-0.023BAR,CAUDAL MAXIMO DE 7M3/H.",EQUIPO - E,UNIDAD - UND,016 - 016 - REDES CONTRA INCENDIO,1.0,19,1.19,True,False,,
4961,"UNION UNIVERSAL MACHO 3/4""",MATERIAL - M,UNIDAD - UND,016 - 016 - REDES CONTRA INCENDIO,1.0,19,1.19,True,False,,
4962,TUBERIA POLIETILENO 20MM - PAVCO O EQUIVALENTE.,MATERIAL - M,METRO - M,016 - 016 - REDES CONTRA INCENDIO,1.0,19,1.19,True,False,,
4963,CINTA DE SENALIZACION PARA GAS,ATENCIÓN EMERGENCIA - A,UNIDAD - UND,016 - 016 - REDES CONTRA INCENDIO,1.0,19,1.19,True,False,,
4964,"TUBERIA SCH 10 Ø 1 1/4""",MATERIAL - M,METRO - M,012 - 012 - INSTALACIONES HIDRAULICAS,1.0,19,1.19,True,False,HENRY DE JESUS TABORDA ZAPATA,2026-07-29
4965,VASELINA AMARILLA INDUSTRIAL,MATERIAL - M,KILOGRAMO - KG,001 - 001 - ADHESIVOS Y ADITIVOS,1.0,19,1.19,True,False,HENRY DE JESUS TABORDA ZAPATA,2026-07-29
4966,"TUBERIA SCH 10 Ø 1 1/2""",MATERIAL - M,METRO - M,012 - 012 - INSTALACIONES HIDRAULICAS,1.0,19,1.19,True,False,,
4967,TUBERIA SCH 10 2 1/2,MATERIAL - M,METRO - M,013 - 013 - INSTALACIONES HIDROSANITARIAS,1.0,19,1.19,True,False,,
4968,"TUBERIA SCH 10 2""",MATERIAL - M,METRO - M,012 - 012 - INSTALACIONES HIDRAULICAS,1.0,19,1.19,True,False,,
4969,"TUBERIA ACERO SCH 10 Ø 4""",MATERIAL - M,METRO - M,012 - 012 - INSTALACIONES HIDRAULICAS,1.0,19,1.19,True,False,,
4970,"TUBERIA ACERO SCH 10 Ø 6""",MATERIAL - M,METRO - M,012 - 012 - INSTALACIONES HIDRAULICAS,1.0,19,1.19,True,False,,
4971,"TUBERIA ACERO SCH 40 1""",MATERIAL - M,METRO - M,013 - 013 - INSTALACIONES HIDROSANITARIAS,1.0,19,1.19,True,False,,
4972,"TUBERIA ACERO SCH 40 1/2""",MATERIAL - M,METRO - M,013 - 013 - INSTALACIONES HIDROSANITARIAS,1.0,19,1.19,True,False,,
4973,"TUBERIA ACERO SCH 40 1 1/4""",MATERIAL - M,METRO - M,013 - 013 - INSTALACIONES HIDROSANITARIAS,1.0,19,1.19,True,False,,
4974,"TUBERIA SCH 40 Ø 2""",MATERIAL - M,METRO - M,012 - 012 - INSTALACIONES HIDRAULICAS,1.0,19,1.19,True,False,,
4975,SOLDADURA TUBO COBRE 1/2,MATERIAL - M,METRO - M,001 - 001 - ADHESIVOS Y ADITIVOS,1.0,19,1.19,True,False,,
4976,"ACOPLE RANURADO FLEXIBLE HD Ø 4""",MATERIAL - M,UNIDAD - UND,016 - 016 - REDES CONTRA INCENDIO,1.0,0,1.0,True,False,,
4977,ACOPLE FLEXIBLE 6 PULGADAS,MATERIAL - M,UNIDAD - UND,016 - 016 - REDES CONTRA INCENDIO,1.0,0,1.0,True,False,,
4978,"ACOPLE RANURADO RIGIDO 1 1/4""",MATERIAL - M,UNIDAD - UND,016 - 016 - REDES CONTRA INCENDIO,1.0,0,1.0,True,False,,
4979,"ACOPLE RANURADO RIGIDO 2""",MATERIAL - M,UNIDAD - UND,016 - 016 - REDES CONTRA INCENDIO,1.0,0,1.0,True,False,,
4980,"ACOPLE RANURADO RIGIDO 2 1/2""",MATERIAL - M,UNIDAD - UND,016 - 016 - REDES CONTRA INCENDIO,1.0,0,1.0,True,False,,
4981,"ACOPLE RANURADO RIGIDO 4""",MATERIAL - M,UNIDAD - UND,016 - 016 - REDES CONTRA INCENDIO,1.0,0,1.0,True,False,,
4982,"ACOPLE RANURADO RIGIDO 6""",MATERIAL - M,UNIDAD - UND,016 - 016 - REDES CONTRA INCENDIO,1.0,0,1.0,True,False,,
4983,"CODO 90 RANURADO HD Ø 1 1/4""",MATERIAL - M,UNIDAD - UND,016 - 016 - REDES CONTRA INCENDIO,1.0,0,1.0,True,False,,
4984,"CODO 90 RANURADO HD Ø 2""",MATERIAL - M,UNIDAD - UND,016 - 016 - REDES CONTRA INCENDIO,1.0,0,1.0,True,False,,
4985,"CODO 90 RANURADO HD Ø 6""",MATERIAL - M,UNIDAD - UND,016 - 016 - REDES CONTRA INCENDIO,1.0,0,1.0,True,False,,
4986,"REDUCCION COPA RANURADA Ø 4 X Ø 2 1/2""",MATERIAL - M,UNIDAD - UND,016 - 016 - REDES CONTRA INCENDIO,1.0,19,1.19,True,False,,
4987,"REDUCCION COPA RANURADA Ø 6"" X Ø 2 1/2""",MATERIAL - M,UNIDAD - UND,016 - 016 - REDES CONTRA INCENDIO,1.0,19,1.19,True,False,,
4988,REDUCCION CONCENTRICA RAURADA DE 6 X 4 Z240 UL/FM,MATERIAL - M,UNIDAD - UND,016 - 016 - REDES CONTRA INCENDIO,1.0,0,1.0,True,False,,
4989,"TAPON RANURADO Ø 1 1/4""",MATERIAL - M,UNIDAD - UND,016 - 016 - REDES CONTRA INCENDIO,1.0,19,1.19,True,False,,
4990,"TAPON RANURADO Ø 2""",MATERIAL - M,UNIDAD - UND,016 - 016 - REDES CONTRA INCENDIO,1.0,19,1.19,True,False,,
4991,"TAPON RANURADO Ø 2 1/2""",MATERIAL - M,UNIDAD - UND,016 - 016 - REDES CONTRA INCENDIO,1.0,19,1.19,True,False,,
4992,"TAPON RANURADO Ø 4""",MATERIAL - M,UNIDAD - UND,016 - 016 - REDES CONTRA INCENDIO,1.0,19,1.19,True,False,,
4993,"TAPON RANURADO HD Ø 6""",MATERIAL - M,UNIDAD - UND,016 - 016 - REDES CONTRA INCENDIO,1.0,19,1.19,True,False,,
4994,"TEE MECANICA RANURADA 2"" X 1 1/4""",MATERIAL - M,UNIDAD - UND,016 - 016 - REDES CONTRA INCENDIO,1.0,19,1.19,True,False,,
4995,"TEE MECANICA RANURADA 2 1/2"" X 1 1/4""",MATERIAL - M,UNIDAD - UND,016 - 016 - REDES CONTRA INCENDIO,1.0,19,1.19,True,False,,
4996,"TEE MECANICA RANURADA 2 1/2"" X 1 1/2""",MATERIAL - M,UNIDAD - UND,016 - 016 - REDES CONTRA INCENDIO,1.0,19,1.19,True,False,,
4997,"TEE MECANICA RANURADA 4"" X 2""",MATERIAL - M,UNIDAD - UND,016 - 016 - REDES CONTRA INCENDIO,1.0,19,1.19,True,False,,
4998,"TEE MECANICA RANURADA 4"" X 21/2""",MATERIAL - M,UNIDAD - UND,016 - 016 - REDES CONTRA INCENDIO,1.0,19,1.19,True,False,,
4999,"TEE MECANICA RANURADA Ø 6"" X Ø 2 1/2""",MATERIAL - M,UNIDAD - UND,016 - 016 - REDES CONTRA INCENDIO,1.0,19,1.19,True,False,,
5000,"TEE RANURADA Ø 1 1/4""",MATERIAL - M,UNIDAD - UND,016 - 016 - REDES CONTRA INCENDIO,1.0,19,1.19,True,False,,
5001,"TEE RANURADA Ø 2 1/2""",MATERIAL - M,UNIDAD - UND,016 - 016 - REDES CONTRA INCENDIO,1.0,19,1.19,True,False,,
5002,"TEE RANURADA Ø 6""",MATERIAL - M,UNIDAD - UND,016 - 016 - REDES CONTRA INCENDIO,1.0,19,1.19,True,False,,
5003,"CODO 90 ROSCADO HD Ø 1""",MATERIAL - M,UNIDAD - UND,016 - 016 - REDES CONTRA INCENDIO,1.0,19,1.19,True,False,,
5004,"CODO 90 ROSCADO HD Ø 1/2""",MATERIAL - M,UNIDAD - UND,016 - 016 - REDES CONTRA INCENDIO,1.0,19,1.19,True,False,,
5005,CODO 90 ROSCADO HD 1 1/4,MATERIAL - M,UNIDAD - UND,016 - 016 - REDES CONTRA INCENDIO,1.0,19,1.19,True,False,,
5006,"CODO 90 ROSCADO HD 2""",MATERIAL - M,UNIDAD - UND,016 - 016 - REDES CONTRA INCENDIO,1.0,0,1.0,True,False,,
5007,"REDUCCION COPA ROSCADA HD Ø 1"" X Ø 1/2""",MATERIAL - M,UNIDAD - UND,016 - 016 - REDES CONTRA INCENDIO,1.0,19,1.19,True,False,,
5008,MANO DE OBRA REPARACION DE SENALES,HONORARIOS - H,GLOBAL - GLB,024 - 024 - PERSONAL OPERATIVO,1.0,0,1.0,True,False,,
5009,REDUCCION COPA ROSACADA HD 2 X 1 1/4,MATERIAL - M,UNIDAD - UND,016 - 016 - REDES CONTRA INCENDIO,1.0,19,1.19,True,False,,
5010,REDUCCION COPA ROSCADA HD 3/4 X 1,MATERIAL - M,UNIDAD - UND,016 - 016 - REDES CONTRA INCENDIO,1.0,19,1.19,True,False,,
5011,"REDUCCION TUERCA ROSCADA BUSH 1"" X 1/2""",MATERIAL - M,UNIDAD - UND,016 - 016 - REDES CONTRA INCENDIO,1.0,19,1.19,True,False,,
5012,"TAPON ROSCADO HD Ø 1 1/4""",MATERIAL - M,UNIDAD - UND,016 - 016 - REDES CONTRA INCENDIO,1.0,19,1.19,True,False,,
5013,"TEE MECANICA ROSCADA Ø 1 1/4"" X Ø 1""",MATERIAL - M,UNIDAD - UND,016 - 016 - REDES CONTRA INCENDIO,1.0,19,1.19,True,False,,
5014,"SIERRA COPA DE 2-3/4""",MATERIAL - M,UNIDAD - UND,016 - 016 - REDES CONTRA INCENDIO,1.0,19,1.19,True,False,,
5015,"TEE MECANICA ROSCADA Ø 1 1/4"" X Ø 1/2""",MATERIAL - M,UNIDAD - UND,016 - 016 - REDES CONTRA INCENDIO,1.0,19,1.19,True,False,,
5016,"TEE MECANICA ROSCADA 2 1/2"" X 1 1/2""",MATERIAL - M,UNIDAD - UND,016 - 016 - REDES CONTRA INCENDIO,1.0,19,1.19,True,False,,
5017,"TEE MECANICA ROSCADA 2 1/2"" X 1""",MATERIAL - M,UNIDAD - UND,016 - 016 - REDES CONTRA INCENDIO,1.0,19,1.19,True,False,,
5018,"TEE MECANICA ROSCADA 4"" X 1/2""",MATERIAL - M,UNIDAD - UND,016 - 016 - REDES CONTRA INCENDIO,1.0,19,1.19,True,False,,
5019,"TEE MECANICA ROSCADA 4"" X 1 1/4""",MATERIAL - M,UNIDAD - UND,016 - 016 - REDES CONTRA INCENDIO,1.0,19,1.19,True,False,,
5020,"TEE MECANICA ROSCADA 4"" X 2""",MATERIAL - M,UNIDAD - UND,016 - 016 - REDES CONTRA INCENDIO,1.0,19,1.19,True,False,,
5021,"TEE MECANICA ROSCADA 6"" X 2""",MATERIAL - M,UNIDAD - UND,016 - 016 - REDES CONTRA INCENDIO,1.0,19,1.19,True,False,,
5022,"TEE MECANICA ROSCADA 6"" X 1/2""",MATERIAL - M,UNIDAD - UND,016 - 016 - REDES CONTRA INCENDIO,0.0,19,0.0,True,False,,
5023,"TEE ROSCADA HD 1/2""",MATERIAL - M,UNIDAD - UND,016 - 016 - REDES CONTRA INCENDIO,1.0,19,1.19,True,False,,
5024,"TEE ROSCADA HD 1""",MATERIAL - M,UNIDAD - UND,016 - 016 - REDES CONTRA INCENDIO,1.0,19,1.19,True,False,,
5025,"TEE ROSCADA HD 1""X 1/2""",MATERIAL - M,UNIDAD - UND,016 - 016 - REDES CONTRA INCENDIO,1.0,19,1.19,True,False,,
5026,"TEE ROSCADA HD ANVIL-MI 1105 2""",MATERIAL - M,UNIDAD - UND,016 - 016 - REDES CONTRA INCENDIO,1.0,19,1.19,True,False,,
5027,"TEE SOLDADA COBRE MUELLER 1/2""",MATERIAL - M,UNIDAD - UND,016 - 016 - REDES CONTRA INCENDIO,1.0,19,1.19,True,False,,
5028,UNION UNIVERSAL ROSCADA HD 3/8,MATERIAL - M,UNIDAD - UND,016 - 016 - REDES CONTRA INCENDIO,1.0,19,1.19,True,False,,
5029,UNION UNIVERSAL ROSCADA HD 1/2,MATERIAL - M,UNIDAD - UND,016 - 016 - REDES CONTRA INCENDIO,1.0,19,1.19,True,False,,
5030,"CHAZO EXPANSIVO DE 1/2""X3""",MATERIAL - M,UNIDAD - UND,016 - 016 - REDES CONTRA INCENDIO,1.0,19,1.19,True,False,,
5031,"SOPORTE ANTISISMICO LATERAL 2"" 2 VIAS",MATERIAL - M,UNIDAD - UND,016 - 016 - REDES CONTRA INCENDIO,1.0,19,1.19,True,False,,
5032,"SOPORTE ANTISISMICO LATERAL 2 1⁄2"" 2 VIAS",MATERIAL - M,UNIDAD - UND,016 - 016 - REDES CONTRA INCENDIO,1.0,19,1.19,True,False,,
5033,"SOPORTE ANTISISMICO LATERAL 4""",MATERIAL - M,UNIDAD - UND,016 - 016 - REDES CONTRA INCENDIO,1.0,19,1.19,True,False,,
5034,"SOPORTE SISMICO LATERAL 6""",MATERIAL - M,UNIDAD - UND,016 - 016 - REDES CONTRA INCENDIO,1.0,19,1.19,True,False,,
5035,SOPORTE ANTISISMICO LONGITUDINAL Ø2 1/2? UL/FM,MATERIAL - M,UNIDAD - UND,016 - 016 - REDES CONTRA INCENDIO,1.0,19,1.19,True,False,,
5036,SOPORTE ANTISISMICO LONGITUDINAL Ø4? UL/FM,MATERIAL - M,UNIDAD - UND,016 - 016 - REDES CONTRA INCENDIO,1.0,19,1.19,True,False,,
5037,SOPORTE ANTISISMICO LONGITUDINAL Ø6? UL/FM,MATERIAL - M,UNIDAD - UND,016 - 016 - REDES CONTRA INCENDIO,1.0,19,1.19,True,False,,
5038,"SOPORTE TIPO PERA DE 1-1/4""",MATERIAL - M,UNIDAD - UND,016 - 016 - REDES CONTRA INCENDIO,1.0,19,1.19,True,False,,
5039,"ROCIADOR TIPO 1 COLGANTE / RESP RAPIDA / K 5,6 / TEMP ORDINARIA (155F) / COB ESTANDAR / 175 PSI / INCLUYE ESCUDO Y PORTA ESCUDO",MATERIAL - M,UNIDAD - UND,016 - 016 - REDES CONTRA INCENDIO,1.0,0,1.0,True,False,,
5040,"ROCIADOR TIPO 2 MONTANTE / RESP RAPIDA / K 5,6 / TEMP ORDINARIA (155F) / COB ESTANDAR / 175 PSI",MATERIAL - M,UNIDAD - UND,016 - 016 - REDES CONTRA INCENDIO,1.0,0,1.0,True,False,,
5041,VALVULA BOLA METAL 1/2,MATERIAL - M,UNIDAD - UND,016 - 016 - REDES CONTRA INCENDIO,1.0,0,1.0,True,False,,
5042,"VALVULA BOLA DE BRONCE 1""",MATERIAL - M,UNIDAD - UND,016 - 016 - REDES CONTRA INCENDIO,1.0,0,1.0,True,False,,
5043,"VALVULA BOLA ROSCADA 2""",MATERIAL - M,UNIDAD - UND,016 - 016 - REDES CONTRA INCENDIO,1.0,0,1.0,True,False,,
5044,"VALVULA CHEQUE RANURADA Ø 2""",MATERIAL - M,UNIDAD - UND,016 - 016 - REDES CONTRA INCENDIO,1.0,19,1.19,True,False,,
5045,"VALVULA CHEQUE RANURADA Ø 2 1/2"".",MATERIAL - M,UNIDAD - UND,016 - 016 - REDES CONTRA INCENDIO,1.0,19,1.19,True,False,,
5046,"VALVULA CHEQUE RANURADO 4"" LISTADA UL FM IMPOFER 8540103",MATERIAL - M,UNIDAD - UND,016 - 016 - REDES CONTRA INCENDIO,1.0,19,1.19,True,False,,
5047,VALVULA CHEQUE ROSCADO Ø 3/8,MATERIAL - M,UNIDAD - UND,016 - 016 - REDES CONTRA INCENDIO,1.0,19,1.19,True,False,,
5048,VALVULA CHEQUE ROSCADA DE 1/2,MATERIAL - M,UNIDAD - UND,016 - 016 - REDES CONTRA INCENDIO,1.0,19,1.19,True,False,,
5049,"VALVULA CHEQUE ROSCADO Ø 1 1/4""",MATERIAL - M,UNIDAD - UND,016 - 016 - REDES CONTRA INCENDIO,1.0,19,1.19,True,False,,
5050,"VALVULA VENTOSA HD UL/FM X 300 L NPT 1/2""",MATERIAL - M,UNIDAD - UND,013 - 013 - INSTALACIONES HIDROSANITARIAS,1.0,19,1.19,True,False,,
5051,"UNION RANURADA FLEXIBLE DE 2 1/2"" UL/FM",MATERIAL - M,UNIDAD - UND,016 - 016 - REDES CONTRA INCENDIO,1.0,19,1.19,True,False,,
5052,"VALVULA MARIPOSA SUPERVISADA RANURADA Ø 2 1/2""",MATERIAL - M,UNIDAD - UND,016 - 016 - REDES CONTRA INCENDIO,1.0,19,1.19,True,False,,
5053,"UNION FLEXIBLE RANURADA 2 1/2""",MATERIAL - M,UNIDAD - UND,016 - 016 - REDES CONTRA INCENDIO,1.0,19,1.19,True,False,,
5054,"UNION HD RANURADA RIGIDA 2.1/2"" UL/FM",MATERIAL - M,UNIDAD - UND,016 - 016 - REDES CONTRA INCENDIO,1.0,19,1.19,True,False,,
5055,TEE RANURADA CERT UL/FM,MATERIAL - M,UNIDAD - UND,016 - 016 - REDES CONTRA INCENDIO,1.0,19,1.19,True,False,,
5056,"TUBERIA A-C SCH40 2 1/2""",MATERIAL - M,METRO - M,016 - 016 - REDES CONTRA INCENDIO,1.0,19,1.19,True,False,,
5057,"UNION FLEXIBLE RANURADA 6""",MATERIAL - M,UNIDAD - UND,016 - 016 - REDES CONTRA INCENDIO,1.0,19,1.19,True,False,,
5058,"VALVULA MARIPOSA SUPERVISADA RANURADA Ø 6""",MATERIAL - M,UNIDAD - UND,016 - 016 - REDES CONTRA INCENDIO,1.0,19,1.19,True,False,,
5059,MANOMETRO GLICERINA 0 - 300 PSI 2.5PG,EQUIPO - E,UNIDAD - UND,016 - 016 - REDES CONTRA INCENDIO,1.0,19,1.19,True,False,,
5060,"CONTROL DE ZONA ROCIADORES (INCLUYE MANOMETRO CON VALVULA SECCIONADORA, SENSOR DE FLUJO Y VALVULA DE PRUEBA Y DRENAJE K 5,6 CON VALVULA DE ALIVIO DE 3/4"")",EQUIPO - E,UNIDAD - UND,016 - 016 - REDES CONTRA INCENDIO,1.0,19,1.19,True,False,,
5061,"BRIDA SOLDADA AC Ø 1 1/4""",MATERIAL - M,UNIDAD - UND,016 - 016 - REDES CONTRA INCENDIO,1.0,0,1.0,True,False,,
5062,"BRIDA SOLDADA AC 4"" (INCLUYE TODA LA TORNILLERIA)",MATERIAL - M,UNIDAD - UND,016 - 016 - REDES CONTRA INCENDIO,1.0,0,1.0,True,False,,
5063,"REDUCCION CONCENTRICA BRIDADA HD Ø 4"" X Ø 3""",MATERIAL - M,UNIDAD - UND,016 - 016 - REDES CONTRA INCENDIO,1.0,0,1.0,True,False,,
5064,KIT DE SENALIZACION PARA EXTINTOR MULTIPROPOSITO,MATERIAL - M,UNIDAD - UND,016 - 016 - REDES CONTRA INCENDIO,1.0,19,1.19,True,False,,
5065,GABINETE SOB/77*77*20 CR CAL 22/TIPO 0/ELECTRO,MATERIAL - M,UNIDAD - UND,016 - 016 - REDES CONTRA INCENDIO,1.0,19,1.19,True,False,,
5066,"MANGUERA SENC 1.1/2"" X 100 POLIESTER C/ACOPLES ZYFIRE FM",MATERIAL - M,UNIDAD - UND,016 - 016 - REDES CONTRA INCENDIO,1.0,19,1.19,True,False,,
5067,"HACHA, PICO 2.5 LB PINTADA CON CABO 70CM / MADERA",EQUIPO - E,UNIDAD - UND,016 - 016 - REDES CONTRA INCENDIO,1.0,19,1.19,True,False,,
5068,"VALVULA ANGULAR 1.1/2"" H/M 300PSI UL/FM BRONCE HUACHENG",MATERIAL - M,UNIDAD - UND,016 - 016 - REDES CONTRA INCENDIO,1.0,19,1.19,True,False,,
5069,CANAL EN LAMINA GALVANIZADA CAL. 22; DS=50,MATERIAL - M,METRO - M,004 - 004 - CUBIERTA Y CANALES,24369.75,19,29000.0,True,False,,
5070,EXTINTOR 10 LBS PQS ABC NACIONAL CON MANGUERA,EQUIPO - E,UNIDAD - UND,016 - 016 - REDES CONTRA INCENDIO,1.0,19,1.19,True,False,,
5071,CANAL EN LAMINA GALVANIZADA CAL. 22; DS=100,MATERIAL - M,METRO - M,004 - 004 - CUBIERTA Y CANALES,47899.16,19,57000.0,True,False,,
5072,LLAVE SPANNER DOS SERVICIOS,MATERIAL - M,UNIDAD - UND,016 - 016 - REDES CONTRA INCENDIO,1.0,19,1.19,True,False,,
5073,"BOQUILLA CHORRO NIEBLA DE 1.1/2"" NH POLI. WILSON FM",EQUIPO - E,UNIDAD - UND,016 - 016 - REDES CONTRA INCENDIO,1.0,19,1.19,True,False,,
5074,"SOPORTE TIPO CANASTILLA P/MANGUERA 1.1⁄2""X50 O 100/CR ROJO EN",MATERIAL - M,UNIDAD - UND,016 - 016 - REDES CONTRA INCENDIO,1.0,19,1.19,True,False,,
5075,VIDRIO ESMERILADO TAPA DE GABINETE,MATERIAL - M,UNIDAD - UND,016 - 016 - REDES CONTRA INCENDIO,1.0,19,1.19,True,False,,
5076,PLACA DE MARCACION PARA ESTACION DE CONTROL,ELEMEN. PROTECCION - P,UNIDAD - UND,016 - 016 - REDES CONTRA INCENDIO,1.0,0,1.0,True,False,,
5077,PLACA DE MARCACION PARA EXTINTOR,ELEMEN. PROTECCION - P,UNIDAD - UND,016 - 016 - REDES CONTRA INCENDIO,1.0,0,1.0,True,False,,
5078,PLACA DE MARCACION PARA SISTEMA CONTRA INCENDIO,ELEMEN. PROTECCION - P,UNIDAD - UND,016 - 016 - REDES CONTRA INCENDIO,1.0,19,1.19,True,False,,
5079,PLACA DE MARCACION PARA VALVULA,ELEMEN. PROTECCION - P,UNIDAD - UND,016 - 016 - REDES CONTRA INCENDIO,1.0,0,1.0,True,False,,
5080,"VALVULA COMPUERTA OS&Y BRIDADA 4""",MATERIAL - M,UNIDAD - UND,016 - 016 - REDES CONTRA INCENDIO,1.0,19,1.19,True,False,,
5081,"VALVULA COMPUERTA OS&Y ROSCADA 1 1/4""",MATERIAL - M,UNIDAD - UND,016 - 016 - REDES CONTRA INCENDIO,1.0,19,1.19,True,False,,
5082,"UNION RANURADA FLEXIBLE DE 2"" UL/FM",MATERIAL - M,UNIDAD - UND,016 - 016 - REDES CONTRA INCENDIO,1.0,19,1.19,True,False,,
5083,"UNION RANURADA DE 2"" UL/FM",MATERIAL - M,UNIDAD - UND,016 - 016 - REDES CONTRA INCENDIO,1.0,0,1.0,True,False,,
5084,"TEE RANURADA Ø 2""",MATERIAL - M,UNIDAD - UND,016 - 016 - REDES CONTRA INCENDIO,1.0,19,1.19,True,False,,
5085,"VALVULA MARIPOSA SUPERVISADA RANURADA DE Ø 2"".",MATERIAL - M,UNIDAD - UND,016 - 016 - REDES CONTRA INCENDIO,1.0,19,1.19,True,False,,
5086,"TUBERIA ACERO CARBONO SCH40 Ø= 2""",MATERIAL - M,METRO - M,016 - 016 - REDES CONTRA INCENDIO,1.0,19,1.19,True,False,HENRY DE JESUS TABORDA ZAPATA,2026-07-29
5087,"VALVULA MARIPOSA SUPERVISADA RANURADA DE Ø 4"".",MATERIAL - M,UNIDAD - UND,016 - 016 - REDES CONTRA INCENDIO,1.0,19,1.19,True,False,,
5088,"UNION RANURADA FLEXIBLE 4""",MATERIAL - M,UNIDAD - UND,016 - 016 - REDES CONTRA INCENDIO,1.0,19,1.19,True,False,,
5089,"UNION RANURADA 4""",MATERIAL - M,UNIDAD - UND,016 - 016 - REDES CONTRA INCENDIO,1.0,19,1.19,True,False,,
5090,"TEE RANURADA 4""",MATERIAL - M,UNIDAD - UND,016 - 016 - REDES CONTRA INCENDIO,1.0,19,1.19,True,False,,
5091,"TUBERIA A-C SCH40 4""",MATERIAL - M,UNIDAD - UND,016 - 016 - REDES CONTRA INCENDIO,1.0,19,1.19,True,False,,
5092,"PLACA ANTI VORTICE 4"".",EQUIPO - E,UNIDAD - UND,016 - 016 - REDES CONTRA INCENDIO,1.0,19,1.19,True,False,,
5093,"PLACA PASA MURO 4"".",EQUIPO - E,UNIDAD - UND,016 - 016 - REDES CONTRA INCENDIO,1.0,19,1.19,True,False,,
5094,BOMBA CONTRA INCENDIOS 250 GPM 100 PSI,EQUIPO - E,GLOBAL - GLB,016 - 016 - REDES CONTRA INCENDIO,1.0,19,1.19,True,False,HENRY DE JESUS TABORDA ZAPATA,2026-07-29
5095,"TUBERIA RECTA DE 4"" GALVANIZADA",MATERIAL - M,METRO - M,016 - 016 - REDES CONTRA INCENDIO,1.0,19,1.19,True,False,HENRY DE JESUS TABORDA ZAPATA,2026-07-29
5096,"CODO DE 4"" GALVANIZADO",MATERIAL - M,UNIDAD - UND,016 - 016 - REDES CONTRA INCENDIO,1.0,19,1.19,True,False,,
5097,BRIDAS O FLANCHES GALVANIZADOS,MATERIAL - M,UNIDAD - UND,016 - 016 - REDES CONTRA INCENDIO,1.0,19,1.19,True,False,,
5098,"EMPAQUE DE EXHOSTO DE 4""",MATERIAL - M,UNIDAD - UND,016 - 016 - REDES CONTRA INCENDIO,0.0,19,0.0,True,False,,
5099,"SOPORTES EXHOSTO DE 4""",MATERIAL - M,UNIDAD - UND,016 - 016 - REDES CONTRA INCENDIO,1.0,19,1.19,True,False,,
5100,"ABRAZADERAS DE 4""",MATERIAL - M,UNIDAD - UND,016 - 016 - REDES CONTRA INCENDIO,1.0,19,1.19,True,False,,
5101,"CONECTOR FLEXIBLE DE 4""",MATERIAL - M,UNIDAD - UND,016 - 016 - REDES CONTRA INCENDIO,1.0,19,1.19,True,False,,
5102,"UNION GALVANIZADA DE 3"" A 4""",MATERIAL - M,UNIDAD - UND,016 - 016 - REDES CONTRA INCENDIO,1.0,19,1.19,True,False,HENRY DE JESUS TABORDA ZAPATA,2026-07-29
5103,CONEXION ELECTRICA TABLERO CONTROLADOR CON BOMBA SOSTENEDORA DE PRESION,MATERIAL - M,GLOBAL - GLB,016 - 016 - REDES CONTRA INCENDIO,1.0,0,1.0,True,False,,
5104,"CONEXION ELECTRICA TABLERO CONTROLADOR CON MOTOR ELECTRICO 1""",MATERIAL - M,GLOBAL - GLB,016 - 016 - REDES CONTRA INCENDIO,1.0,0,1.0,True,False,,
5105,"SUMINISTRO, TRANSPORTE E INSTALACION DE LINEAS DE SENSADO DE PRESION DE TABLEROS CONTROLADORES",MATERIAL - M,GLOBAL - GLB,016 - 016 - REDES CONTRA INCENDIO,1.0,0,1.0,True,False,,
5106,"PANEL CENTRAL DETECCION DE INCENDIOS, MODELO 4010ES-2BAY CON BATERIAS 12 V-18AH",EQUIPO - E,UNIDAD - UND,016 - 016 - REDES CONTRA INCENDIO,1.0,19,1.19,True,False,,
5107,CHAPA CON LLAVE PARA TABLERO ELECTRICO,MATERIAL - M,UNIDAD - UND,016 - 016 - REDES CONTRA INCENDIO,1.0,19,1.19,True,False,,
5108,EMPOTRADA DEL TABLERO EN LA PARED O MURO,MATERIAL - M,GLOBAL - GLB,016 - 016 - REDES CONTRA INCENDIO,1.0,19,1.19,True,False,HENRY DE JESUS TABORDA ZAPATA,2026-07-30
5109,ESTACION MANUAL DE ALARMA CONTRA INCENDIO DIRECCIONABLE,EQUIPO - E,UNIDAD - UND,016 - 016 - REDES CONTRA INCENDIO,1.0,19,1.19,True,False,,
5110,CABLE DE COBRE FPL 2X16 PARA RCI.,MATERIAL - M,METRO - M,016 - 016 - REDES CONTRA INCENDIO,1.0,19,1.19,True,False,,
5111,"12V/24V SIRENA CON LUZ ESTROBO, 2W, 8 CD, PARED, ROJO HSR BOSCH",MATERIAL - M,UNIDAD - UND,016 - 016 - REDES CONTRA INCENDIO,1.0,0,1.0,True,False,,
5112,ANUNCIADOR REMOTO,EQUIPO - E,UNIDAD - UND,016 - 016 - REDES CONTRA INCENDIO,1.0,0,1.0,True,False,,
5113,"GRAPA DOBLE ALA DE 1"". INCLUYE EL CHAZO Y EL TORNILLO",MATERIAL - M,UNIDAD - UND,016 - 016 - REDES CONTRA INCENDIO,1.0,19,1.19,True,False,,
5114,"GRAPA DOBLE ALA DE 3/4"". INCLUYE EL CHAZO Y EL TORNILLO",MATERIAL - M,UNIDAD - UND,016 - 016 - REDES CONTRA INCENDIO,1.0,19,1.19,True,False,,
5115,CAJA 12X12X5 DE SOBREPONER CON TAPA LISA CALIBRE 20,MATERIAL - M,UNIDAD - UND,016 - 016 - REDES CONTRA INCENDIO,1.0,19,1.19,True,False,,
5116,"CAJA 15X15X10 CALIBRE 20 , BISAGRADA TROQUELADA",MATERIAL - M,UNIDAD - UND,016 - 016 - REDES CONTRA INCENDIO,1.0,19,1.19,True,False,,
5117,"TORNILLO DE 1/4"" CON CHAZO",MATERIAL - M,UNIDAD - UND,020 - 020 - FERRETERIA MENOR,1.0,19,1.19,True,False,,
5118,ARENILLA CON TRANSPORTE.,MATERIAL - M,METRO CUBICO - M3,002 - 002 - AGREGADOS PETREOS,1.0,19,1.19,True,False,,
5119,"TUBERIA CONDUIT PVC 3/4""",MATERIAL - M,METRO - M,"014 - 014 - INSTALACIONES ELECTRICAS, VOZ Y DATOS",1.0,19,1.19,True,False,,
5120,PEGA PVC + LIMPIADOR,MATERIAL - M,GLOBAL - GLB,001 - 001 - ADHESIVOS Y ADITIVOS,1.0,19,1.19,True,False,,
5121,RESANES DE LAS CANCHAS,MATERIAL - M,METRO - M,006 - 006 - CONCRETOS Y MORTEROS,1.0,0,1.0,True,False,,
5122,"TUBERIA EMT 1/2""",MATERIAL - M,METRO - M,015 - 015 - REDES ELECTRICAS,1.0,19,1.19,True,False,,
5123,"GRAPA DOBLE ALA DE 1/2"". INCLUYE EL CHAZO Y EL TORNILLO",MATERIAL - M,UNIDAD - UND,015 - 015 - REDES ELECTRICAS,1.0,19,1.19,True,False,,
5124,"UNION EMT 1-1/2""",MATERIAL - M,UNIDAD - UND,015 - 015 - REDES ELECTRICAS,1.0,19,1.19,True,False,,
5125,"GRAPA DOBLE ALA DE 1 1/2"". INCLUYE EL CHAZO Y EL TORNILLO",MATERIAL - M,UNIDAD - UND,015 - 015 - REDES ELECTRICAS,1.0,19,1.19,True,False,,
5126,"TUBERIA PVC TIPO DB 4""",MATERIAL - M,METRO - M,015 - 015 - REDES ELECTRICAS,1.0,19,1.19,True,False,,
5127,"TUBERIA PVC 3"" TIPO DB",MATERIAL - M,UNIDAD - UND,015 - 015 - REDES ELECTRICAS,1.0,19,1.19,True,False,,
5128,"ADAPTADOR PVC 3"" TIPO DB. (ELECTRICO)",MATERIAL - M,UNIDAD - UND,015 - 015 - REDES ELECTRICAS,1.0,19,1.19,True,False,,
5129,CONJUNTO CANALETA RECTA LISA 20X8 PG C22,MATERIAL - M,METRO - M,015 - 015 - REDES ELECTRICAS,1.0,19,1.19,True,False,HENRY DE JESUS TABORDA ZAPATA,2026-07-29
5130,PLATINA DE UNION PARA BANDEJA LISA,MATERIAL - M,UNIDAD - UND,015 - 015 - REDES ELECTRICAS,1.0,19,1.19,True,False,,
5131,SOPORTE PELDANO GALV PARA BAND DE 20 CM,MATERIAL - M,UNIDAD - UND,015 - 015 - REDES ELECTRICAS,1.0,19,1.19,True,False,,
5132,CONJUNTO CURVA HORIZONTAL(CH) PARA CANALETA 20X8CM PG C22,MATERIAL - M,UNIDAD - UND,015 - 015 - REDES ELECTRICAS,1.0,19,1.19,True,False,,
5133,CONJUNTO CURVA VERTICAL EXTERNA(CVE) PARA CANALETA 20X8CM PG C22,MATERIAL - M,UNIDAD - UND,015 - 015 - REDES ELECTRICAS,1.0,19,1.19,True,False,,
5134,CONJUNTO CURVA VERTICAL INTERNA(CVI) PARA CANALETA 20X8CM PG C22,MATERIAL - M,UNIDAD - UND,015 - 015 - REDES ELECTRICAS,1.0,19,1.19,True,False,,
5135,CONJUNTO TE PARA CANALETA 20X8CM PG C22,MATERIAL - M,UNIDAD - UND,015 - 015 - REDES ELECTRICAS,1.0,19,1.19,True,False,,
5136,CONJUNTO CRUZ PARA CANALETA 20X8CM PG C22,MATERIAL - M,UNIDAD - UND,015 - 015 - REDES ELECTRICAS,1.0,19,1.19,True,False,,
5137,"TONILLO PARA CANALETA LISA DE 1/4""X1/2"" CON TUERCA Y ARANDELA REDONDA",MATERIAL - M,UNIDAD - UND,015 - 015 - REDES ELECTRICAS,1.0,19,1.19,True,False,,
5138,"ESPARRAGOS O PERNOS DE ROSCA CORRIDA Ø3/8"". INCLUYE 4 TUERCAS Y 4 ARANDELAS",MATERIAL - M,METRO - M,015 - 015 - REDES ELECTRICAS,1.0,19,1.19,True,False,HENRY DE JESUS TABORDA ZAPATA,2026-07-29
5139,"TUERCA DE EXPANSION PARA ANCLAJE DE 3/8"" HEMBRA.",MATERIAL - M,UNIDAD - UND,015 - 015 - REDES ELECTRICAS,1.0,19,1.19,True,False,,
5140,CONJUNTO CANALETA RECTA LISA 10X8 PG C22,MATERIAL - M,UNIDAD - UND,015 - 015 - REDES ELECTRICAS,1.0,19,1.19,True,False,,
5141,"CANALETA METALICA 12X5 CMS, CAL NO18 USG EN LAMINA COLD- ROLLED, PINTURA ELECTROSTATICA. INCLUYE TROQUELADO PARA LOS TOMAS.",MATERIAL - M,METRO - M,015 - 015 - REDES ELECTRICAS,1.0,19,1.19,True,False,,
5142,"CHAZOS METALICO 1/4""X 1 1/2"".",MATERIAL - M,UNIDAD - UND,015 - 015 - REDES ELECTRICAS,1.0,19,1.19,True,False,,
5143,TABLERO TRIFASICO NTQ-412-STQ CON ESPACIO PARA TOTALIZADOR DE 12 CIRCUITOS.,EQUIPO - E,UNIDAD - UND,015 - 015 - REDES ELECTRICAS,1.0,19,1.19,True,False,,
5144,"TABLERO AUTOSOPORTADO PARA USO INTERIOR (IP 40), EN LAMINA ALVANIZADA CALIBRES 14 Y 16, CON ACABADO FINAL EN PINTURA EN POLVO DE APLICACION ELECTROSTATICA, COLOR GRIS CLARO RAL 7035. EL TABLERO TENDRA UN BARRAJE TRIFASICO PRINCIPAL EN COBRE ELECTROLITIC",EQUIPO - E,UNIDAD - UND,015 - 015 - REDES ELECTRICAS,1.0,19,1.19,True,False,,
5145,"SUMINISTRO, TRANSPORTE E INSTALACION DE M.L TP: TABLERO AUTOSOPORTADO PARA USO EXTERIOR (IP 65), EN LAMINA ALVANIZADA CALIBRES 14 Y 16, CON ACABADO FINAL EN PINTURA EN POLVO DE APLICACION ELECTROSTATICA, COLOR GRIS CLARO RAL 7035. EL TABLERO TENDRA UN B",EQUIPO - E,UNIDAD - UND,015 - 015 - REDES ELECTRICAS,1.0,19,1.19,True,False,,
5146,MARCO DE 50 X 50 ANTIFRAUDE,MATERIAL - M,UNIDAD - UND,015 - 015 - REDES ELECTRICAS,1.0,19,1.19,True,False,,
5147,TAPA DE 50 X 50 ANTIFRAUDE,MATERIAL - M,UNIDAD - UND,015 - 015 - REDES ELECTRICAS,1.0,19,1.19,True,False,,
5148,MARCO DE 60 X 80,MATERIAL - M,UNIDAD - UND,015 - 015 - REDES ELECTRICAS,1.0,19,1.19,True,False,,
5149,TAPA DE 60 X 80,MATERIAL - M,UNIDAD - UND,015 - 015 - REDES ELECTRICAS,1.0,19,1.19,True,False,,
5150,"ACERO 4200KG/CM2, SUMINISTRO, CORTE, FIGURACION E INSTALACION",MATERIAL - M,KILOGRAMO - KG,003 - 003 - ACEROS Y REFUERZOS METALICO,1.0,19,1.19,True,False,,
5151,TOMA DOBLE REFERENCIA 5320,NOMINA - N,UNIDAD - UND,003 - 003 - ACEROS Y REFUERZOS METALICO,1.0,19,1.19,True,False,,
5152,CABLE SINTOX 12 AWG HF FR LS TC 750V 80°C (CABLE 12 LSHFFR),MATERIAL - M,METRO - M,015 - 015 - REDES ELECTRICAS,1.0,19,1.19,True,False,,
5153,CONECTOR DE EMPALME TIPO RESORTE 10 AWG.,MATERIAL - M,UNIDAD - UND,015 - 015 - REDES ELECTRICAS,1.0,19,1.19,True,False,,
5154,"CAJA 4""X4"" METALICA GALVANIZADA CON TAPA SUPLEMENTO.",MATERIAL - M,UNIDAD - UND,015 - 015 - REDES ELECTRICAS,1.0,19,1.19,True,False,,
5155,"TOMA DOBLE LV-5262-IG, T/AIS, 15A NARANJA.",MATERIAL - M,UNIDAD - UND,015 - 015 - REDES ELECTRICAS,1.0,19,1.19,True,False,,
5156,"TOMA DOBLE + POLO A TIERRA 15 A - 125V, .LEV REF T5320",MATERIAL - M,UNIDAD - UND,015 - 015 - REDES ELECTRICAS,1.0,19,1.19,True,False,,
5157,TOMA PATA TRABADA CON POLO A TIERRA,MATERIAL - M,UNIDAD - UND,015 - 015 - REDES ELECTRICAS,1.0,19,1.19,True,False,,
5158,PINTURA IDENTIFICAR TUBO ELECTRICO EXPUESTO,MATERIAL - M,GLOBAL - GLB,017 - 017 - ACABADOS Y PINTURA,1.0,19,1.19,True,False,,
5159,MARCACION TERMICA O EN ACRILICO PARA TOMA,MATERIAL - M,UNIDAD - UND,037 - 037 - SEÑALIZACION,1.0,19,1.19,True,False,,
5160,ESCALERA,OFICINA - O,DIA - DIA,037 - 037 - SEÑALIZACION,1.0,19,1.19,True,False,,
5161,"SWITCH SENCILLO MONOPOLAR PARA ALUMBRADO, LEVITON DE PALANCA.",MATERIAL - M,UNIDAD - UND,037 - 037 - SEÑALIZACION,1.0,19,1.19,True,False,,
5162,INTERRUPTOR DOBLE DE PALANCA LEVITON.( SWITCH DOBLE),MATERIAL - M,UNIDAD - UND,015 - 015 - REDES ELECTRICAS,1.0,19,1.19,True,False,,
5163,BREAKER MONOPOLAR ENCHUFABLE 20-50AMPERIOS,MATERIAL - M,UNIDAD - UND,015 - 015 - REDES ELECTRICAS,1.0,19,1.19,True,False,,
5164,BREAKER ENCHUFABLE 3X15 A 3X60A,MATERIAL - M,UNIDAD - UND,015 - 015 - REDES ELECTRICAS,1.0,19,1.19,True,False,,
5165,"INTERRUPTOR AUTOMATICO INDUSTRIAL NO REGULABLE DE 3X(40A-60A), 25KA.",MATERIAL - M,UNIDAD - UND,015 - 015 - REDES ELECTRICAS,1.0,19,1.19,True,False,,
5166,"TORNILLO LAMINA RANURADO DE 6 X 1"".",MATERIAL - M,UNIDAD - UND,020 - 020 - FERRETERIA MENOR,1.0,19,1.19,True,False,,
5167,BREAKER INDUSTRIAL 3X100A MERLAN GERAIN,MATERIAL - M,UNIDAD - UND,015 - 015 - REDES ELECTRICAS,1.0,19,1.19,True,False,,
5168,"BREAKER BIPOLAR ENCHUFABLE 40-50 AMPERIOS, 120/240V. TIPO LUMINEX O EQUIVALENTE.",MATERIAL - M,UNIDAD - UND,015 - 015 - REDES ELECTRICAS,1.0,19,1.19,True,False,,
5169,"BORNA DE PONCHAR CALIBRE 10 AWG, OJO 3/16"", ESTANADA DE COBRE, BARRIL LARGO.",MATERIAL - M,UNIDAD - UND,015 - 015 - REDES ELECTRICAS,1.0,19,1.19,True,False,,
5170,CABLE SINTOX 10 AWG HF FR LS TC 750V 80°C,MATERIAL - M,METRO - M,015 - 015 - REDES ELECTRICAS,1.0,19,1.19,True,False,HENRY DE JESUS TABORDA ZAPATA,2026-07-30
5171,CABLE SINTOX 8 AWG HF FR LS TC 750V 80°C,MATERIAL - M,METRO - M,015 - 015 - REDES ELECTRICAS,1.0,19,1.19,True,False,HENRY DE JESUS TABORDA ZAPATA,2026-07-30
5172,"BORNA DE PONCHAR DE COBRE ESTANADO DE UN OJO, CALIBRE 8, INCLUYE ENCINTADA.",MATERIAL - M,UNIDAD - UND,015 - 015 - REDES ELECTRICAS,1.0,19,1.19,True,False,,
5173,CABLE SINTOX 6 AWG HF FR LS TC 750V 80°C,MATERIAL - M,METRO - M,015 - 015 - REDES ELECTRICAS,1.0,19,1.19,True,False,,
5174,"BORNA DE PONCHAR DE COBRE ESTANADO DE UN OJO, CALIBRE 6, INCLUYE ENCINTADA.",MATERIAL - M,METRO - M,015 - 015 - REDES ELECTRICAS,1.0,19,1.19,True,False,,
5175,CABLE DE COBRE AISLADO THHN NO. 4/0 AWG NEGRO,MATERIAL - M,METRO - M,015 - 015 - REDES ELECTRICAS,1.0,19,1.19,True,False,,
5176,CABLE DE COBRE AISLADO THHN NO. 2/0 AWG NEGRO,MATERIAL - M,METRO - M,015 - 015 - REDES ELECTRICAS,1.0,19,1.19,True,False,,
5177,CABLE DE COBRE AISLADO THHN NO. 1/0 AWG NEGRO,MATERIAL - M,METRO - M,015 - 015 - REDES ELECTRICAS,1.0,19,1.19,True,False,,
5178,"BORNA DE PONCHAR DE COBRE ESTANADO DE UN OJO, CALIBRE 4/0, INCLUYE ENCINTADA., INCLUYE ENCINTADA.",MATERIAL - M,UNIDAD - UND,016 - 016 - REDES CONTRA INCENDIO,1.0,19,1.19,True,False,,
5179,"BORNA DE PONCHAR DE COBRE ESTANADO DE UN OJO, CALIBRE 2/0, INCLUYE ENCINTADA.",MATERIAL - M,UNIDAD - UND,015 - 015 - REDES ELECTRICAS,1.0,19,1.19,True,False,,
5180,"BORNA DE PONCHAR DE COBRE ESTANADO DE UN OJO, CALIBRE 1/0, INCLUYE ENCINTADA.",MATERIAL - M,UNIDAD - UND,015 - 015 - REDES ELECTRICAS,1.0,19,1.19,True,False,,
5181,LUMINARIA TALVIK HERMETICA LED 40W/IP65,MATERIAL - M,UNIDAD - UND,015 - 015 - REDES ELECTRICAS,1.0,19,1.19,True,False,,
5182,ACCESORIO FIJACION LUMINARIA TALVIK HERMETICA LED 40W/IP65,MATERIAL - M,METRO - M,015 - 015 - REDES ELECTRICAS,1.0,19,1.19,True,False,,
5183,PROYECTOR LED 100W/IP65 DE SOBREPONER,EQUIPO - E,UNIDAD - UND,015 - 015 - REDES ELECTRICAS,1.0,19,1.19,True,False,,
5184,ELEMENTO FIJACION PROYECTOR LED 100W/IP65 DE SOBREPONER,MATERIAL - M,UNIDAD - UND,015 - 015 - REDES ELECTRICAS,1.0,19,1.19,True,False,,
5185,CAJA 4X4 RAWELT ALIDAS DE 1/2 RC-0482-M,MATERIAL - M,UNIDAD - UND,015 - 015 - REDES ELECTRICAS,1.0,19,1.19,True,False,,
5186,"PANEL LED RD, 18W, 1080LM, 100-240V, 6500°K",MATERIAL - M,UNIDAD - UND,015 - 015 - REDES ELECTRICAS,1.0,19,1.19,True,False,,
5187,"PANEL LED EMERGENCIA 4.4W RD, 18W, 1080LM, 100-240V, 6500°K",MATERIAL - M,UNIDAD - UND,015 - 015 - REDES ELECTRICAS,1.0,19,1.19,True,False,,
5188,ACCESORIOS FIJACION LED EMERGENCIA 4.4W,MATERIAL - M,UNIDAD - UND,015 - 015 - REDES ELECTRICAS,1.0,19,1.19,True,False,,
5189,"LUMINARIA WALLPACK, 80W, 6500 °K, IRC>80, 120 LM/W.",MATERIAL - M,UNIDAD - UND,015 - 015 - REDES ELECTRICAS,1.0,19,1.19,True,False,,
5190,ACCESORIO FIJACION LUMINARIA WALLPACK.,MATERIAL - M,UNIDAD - UND,015 - 015 - REDES ELECTRICAS,1.0,19,1.19,True,False,,
5191,"PUNTA CAPATADOR DE ALUMINIO CON BASE, DE 5/8"" X 60 CM.",MATERIAL - M,UNIDAD - UND,015 - 015 - REDES ELECTRICAS,1.0,19,1.19,True,False,,
5192,ALAMBRON DE ALUMINIO DE 8MM PARA APANTALLAMIENTO.,MATERIAL - M,METRO - M,015 - 015 - REDES ELECTRICAS,1.0,19,1.19,True,False,,
5193,CABLE DESNUDO DE COBRE CU NO. 1/0,MATERIAL - M,METRO - M,015 - 015 - REDES ELECTRICAS,1.0,19,1.19,True,False,,
5194,TAPA DE 30 X 30 ANTIFRAUDE,MATERIAL - M,UNIDAD - UND,015 - 015 - REDES ELECTRICAS,1.0,19,1.19,True,False,,
5195,MARCO DE 30 X 30 ANTIFRAUDE,MATERIAL - M,UNIDAD - UND,015 - 015 - REDES ELECTRICAS,1.0,19,1.19,True,False,,
5196,"ELEMENTOS PARA LA SOLDADURA MOLDE, MECHERO, PINZAS.(1/85 OPERACIONES)",MATERIAL - M,UNIDAD - UND,015 - 015 - REDES ELECTRICAS,1.0,19,1.19,True,False,,
5197,"CONECTOR BIMETALICO DE UN PERNO, PARA CABLES DE 6 A 2/0 AWG.",MATERIAL - M,UNIDAD - UND,"014 - 014 - INSTALACIONES ELECTRICAS, VOZ Y DATOS",1.0,19,1.19,True,False,,
5198,"SOPORTE DEHN SNAP PLASTICO H36, GRAU M6, GRIS, LARGO PARA CONDUCTOR 1/0.",MATERIAL - M,UNIDAD - UND,"014 - 014 - INSTALACIONES ELECTRICAS, VOZ Y DATOS",1.0,19,1.19,True,False,,
5199,"ADHESIVO FLEXIBLE PARA BASES DE PUNTAS CAPTADORAS, SOPORTES DE CONDUCTOR DE ANILLO SUPERIOR, BAJANTES, ETC. TUBO POR 310 ML, PARA USO EXTERIOR.",MATERIAL - M,UNIDAD - UND,"014 - 014 - INSTALACIONES ELECTRICAS, VOZ Y DATOS",1.0,19,1.19,True,False,,
5200,MARCACION PACH PANEL,MATERIAL - M,UNIDAD - UND,"014 - 014 - INSTALACIONES ELECTRICAS, VOZ Y DATOS",1.0,19,1.19,True,False,,
5201,"PATCH CORD CAT 6A DE 1,5 MT MARCA AMP O SIMILAR",MATERIAL - M,UNIDAD - UND,"014 - 014 - INSTALACIONES ELECTRICAS, VOZ Y DATOS",1.0,19,1.19,True,False,,
5202,MARCACION TERMICA O EN ACRILICO PARA RJ (TOMACORRIENTE),MATERIAL - M,UNIDAD - UND,"014 - 014 - INSTALACIONES ELECTRICAS, VOZ Y DATOS",1.0,19,1.19,True,False,,
5203,"FACE PLATE DOBLE, CON IDENTIFICACION",MATERIAL - M,UNIDAD - UND,"014 - 014 - INSTALACIONES ELECTRICAS, VOZ Y DATOS",1.0,19,1.19,True,False,,
5204,"VARILLA ROSCADA 3/8"" X 6M",MATERIAL - M,UNIDAD - UND,003 - 003 - ACEROS Y REFUERZOS METALICO,1.0,19,1.19,True,False,,
5205,"VARILLA ROSCADA 5/8"" X 6M",MATERIAL - M,UNIDAD - UND,003 - 003 - ACEROS Y REFUERZOS METALICO,1.0,19,1.19,True,False,,
5206,"REFUERZO TRANSVERSAL 3/8"" L=1.08 M",MATERIAL - M,KILOGRAMO - KG,003 - 003 - ACEROS Y REFUERZOS METALICO,1.0,0,1.0,True,False,,
5207,"REFUERZO TRANSVERSAL 1/4"" L=0.52 M",MATERIAL - M,KILOGRAMO - KG,003 - 003 - ACEROS Y REFUERZOS METALICO,1.0,0,1.0,True,False,,
5208,"GANCHO ANCLAJE 3/8"" L=0.41 M",MATERIAL - M,KILOGRAMO - KG,003 - 003 - ACEROS Y REFUERZOS METALICO,1.0,0,1.0,True,False,,
5209,JACK SENCILLO RJ-45 MACHO BLINDADO DE ENSAMBLAR EN CAMPO.,MATERIAL - M,UNIDAD - UND,"014 - 014 - INSTALACIONES ELECTRICAS, VOZ Y DATOS",1.0,19,1.19,True,False,,
5210,CERTIFICACION DEL CABLE UTP.,SUBCONTRATO - S,METRO - M,"014 - 014 - INSTALACIONES ELECTRICAS, VOZ Y DATOS",1.0,19,1.19,True,False,,
5211,"SWITHC ETHERNET, 1UR, 48 PUERTOS ARUBA JL686B 1930 48G 4SFP+ INSTANT ON POE 370W",EQUIPO - E,UNIDAD - UND,"014 - 014 - INSTALACIONES ELECTRICAS, VOZ Y DATOS",1.0,19,1.19,True,False,,
5212,"SWITCH 24 PUERTOS POE HIKVISION DS-3E1326P-EI (24× POE, 2 × GB COMBO UPLINKS, POE BUDGET 370 W) O SIMILAR",EQUIPO - E,UNIDAD - UND,"014 - 014 - INSTALACIONES ELECTRICAS, VOZ Y DATOS",1.0,19,1.19,True,False,,
5213,"RACK DE 19"" X 90 CM.",EQUIPO - E,UNIDAD - UND,"014 - 014 - INSTALACIONES ELECTRICAS, VOZ Y DATOS",1.0,19,1.19,True,False,,
5214,PUESTA A TIERRA SEGUN NORMA ANSI/TIA/EIA607,EQUIPO - E,UNIDAD - UND,015 - 015 - REDES ELECTRICAS,1.0,19,1.19,True,False,,
5215,"ORGANIZADOR HORIZONTAL DE CABLES 40 X 60,L DEXSON O SIMILAR.",EQUIPO - E,UNIDAD - UND,"014 - 014 - INSTALACIONES ELECTRICAS, VOZ Y DATOS",1.0,19,1.19,True,False,,
5216,UPS ON LINE SRV RM DE APC 1000 VA 120 V,EQUIPO - E,UNIDAD - UND,"014 - 014 - INSTALACIONES ELECTRICAS, VOZ Y DATOS",1.0,19,1.19,True,False,,
5217,"STI. DE PUNTO DE ACCESO UBIQUITI UNIFI U6-PRO WIFI6 AX5400, DUAL BAND CON PUERTO GIGABIT ETHERNET, UNIFI NETWORK VERSION 6.1.56 AND LATER.INCLUYE TODOS LOS ELEMENTOS NECESARIOS PARA SU CORRECTA INSTALACION.",EQUIPO - E,UNIDAD - UND,"014 - 014 - INSTALACIONES ELECTRICAS, VOZ Y DATOS",1.0,19,1.19,True,False,,
5218,CERTIFICADO PUNTE DE DATOS,SUBCONTRATO - S,UNIDAD - UND,"014 - 014 - INSTALACIONES ELECTRICAS, VOZ Y DATOS",1.0,19,1.19,True,False,,
5219,"FIBRA OPTICA 12 HILOS, 50/125, OM4, 10G, DSP01, EXT ARM OPTRAL CON ACCESORIOS DE INSTALACION",MATERIAL - M,METRO - M,"014 - 014 - INSTALACIONES ELECTRICAS, VOZ Y DATOS",1.0,19,1.19,True,False,HENRY DE JESUS TABORDA ZAPATA,2026-07-30
5220,CERTIFICADO DIGITAL O IMPRESO CON ETIQUETA IMPRESA EN EL PUNTO,SUBCONTRATO - S,UNIDAD - UND,"014 - 014 - INSTALACIONES ELECTRICAS, VOZ Y DATOS",1.0,19,1.19,True,False,,
5221,"MONITOR DE VIDEOVIGILANCIA,DE 32"", HIKVISIO O SIMILAR, DSD5032QE- 1, HDMI-15, SM-223.",EQUIPO - E,UNIDAD - UND,"014 - 014 - INSTALACIONES ELECTRICAS, VOZ Y DATOS",1.0,19,1.19,True,False,,
5222,"SOPORTE FLEXIBLE PARA TV/MONITOR DE 23"" A 55"".",MATERIAL - M,UNIDAD - UND,"014 - 014 - INSTALACIONES ELECTRICAS, VOZ Y DATOS",1.0,19,1.19,True,False,,
5223,"CAMARA TIPO DOM, IP, DS-2DC1123G2-I 2,8MM",EQUIPO - E,UNIDAD - UND,"014 - 014 - INSTALACIONES ELECTRICAS, VOZ Y DATOS",1.0,19,1.19,True,False,,
5224,PARA RAYOS 12KV-10KA MCOV:10.2KV RA7-108 CON HERRAJE.,EQUIPO - E,UNIDAD - UND,015 - 015 - REDES ELECTRICAS,1.0,19,1.19,True,False,,
5225,CAJA PRIMARIA 15KV 20KA BRONCE EPM 5609 CON HERRAJE.,MATERIAL - M,UNIDAD - UND,"014 - 014 - INSTALACIONES ELECTRICAS, VOZ Y DATOS",1.0,19,1.19,True,False,,
5226,"COLLARIN 250 MM (10"") UNA SALIDA",MATERIAL - M,UNIDAD - UND,015 - 015 - REDES ELECTRICAS,1.0,19,1.19,True,False,,
5227,CINTA BANDIT METAL DE 3/8,MATERIAL - M,UNIDAD - UND,015 - 015 - REDES ELECTRICAS,1.0,19,1.19,True,False,,
5228,DIAGONAL EN V DE 48,MATERIAL - M,UNIDAD - UND,015 - 015 - REDES ELECTRICAS,1.0,19,1.19,True,False,,
5229,GABINETE METALICO MEDIDOR ENERGIA 120-240V IP44 EXTERIOR SIN CORTE IK05 (1),MATERIAL - M,UNIDAD - UND,015 - 015 - REDES ELECTRICAS,1.0,19,1.19,True,False,,
5230,TRANSFORMADOR DE POTENCIAL PARA MEDIDA 13.2KV/V3 120V/V3 CLASE 0.5 5VA 17.5KV 1NM 0NP USO EXTERIOR (2),MATERIAL - M,UNIDAD - UND,015 - 015 - REDES ELECTRICAS,1.0,19,1.19,True,False,,
5231,TRANSFORMADOR DE CORRIENTE PARA MEDIDA 2.5/5A CLASE 0.5S 2.5VA 17.5KV 1NM 0NP USO EXTERIOR (3),MATERIAL - M,UNIDAD - UND,015 - 015 - REDES ELECTRICAS,1.0,19,1.19,True,False,,
5232,ESTRIBO RA6-009,MATERIAL - M,UNIDAD - UND,015 - 015 - REDES ELECTRICAS,1.0,19,1.19,True,False,,
5233,CONECTOR TRANSVERSAL (LINEA VIVA) PRINCIPAL 6-2/0AWG A DERIVACION 6-1/0AWG,MATERIAL - M,UNIDAD - UND,015 - 015 - REDES ELECTRICAS,1.0,19,1.19,True,False,,
5234,CRUCETA ANGULAR METALICA DE 2400MM ; CRUCETA METAL 3X3X1/4PG 2400 MM - ACERO GAL RA7-013,MATERIAL - M,UNIDAD - UND,015 - 015 - REDES ELECTRICAS,1.0,19,1.19,True,False,,
5235,PLACA PLASTICA CON CARACTERISTICAS DE EQUIPOS,MATERIAL - M,UNIDAD - UND,015 - 015 - REDES ELECTRICAS,1.0,19,1.19,True,False,,
5236,"CAPACETE ACERO GALVANIZADO IMC INSTALACIONES ELECTRICAS 1""",MATERIAL - M,UNIDAD - UND,015 - 015 - REDES ELECTRICAS,1.0,19,1.19,True,False,,
5238,"HEBILLA ACERO INOXIDABLE 3/8""",MATERIAL - M,UNIDAD - UND,"014 - 014 - INSTALACIONES ELECTRICAS, VOZ Y DATOS",1.0,19,1.19,True,False,,
5239,"TORNILLO DE MAQUINA HEXAGONAL ACERO GALVANIZADO 5/8"" X 1 1/2""",MATERIAL - M,UNIDAD - UND,"014 - 014 - INSTALACIONES ELECTRICAS, VOZ Y DATOS",1.0,19,1.19,True,False,,
5240,MEDIDOR ENERGIA ELECTRONICO 58...240V 1(10)A 3F4H CLASE 0.5S/CLASE 2 BASE MULTIFUNCIONAL MONOCUERPO (5),MATERIAL - M,UNIDAD - UND,"014 - 014 - INSTALACIONES ELECTRICAS, VOZ Y DATOS",1.0,19,1.19,True,False,,
5241,BORNERA CONEXION MEDIDORES ENERGIA,MATERIAL - M,UNIDAD - UND,015 - 015 - REDES ELECTRICAS,1.0,19,1.19,True,False,,
5242,FUSIBLES 10 K,MATERIAL - M,UNIDAD - UND,015 - 015 - REDES ELECTRICAS,1.0,19,1.19,True,False,,
5243,CABLE NO6 AWG-CU-THHN/THWN-90oC,MATERIAL - M,METRO - M,015 - 015 - REDES ELECTRICAS,1.0,19,1.19,True,False,HENRY DE JESUS TABORDA ZAPATA,2026-07-31
5244,CABLE NO4 AWG-CU-THHN/THWN-90oC,MATERIAL - M,METRO - M,015 - 015 - REDES ELECTRICAS,1.0,19,1.19,True,False,,
5245,CONECTOR DE COMPRESION DE COBRE TIPO C (PRINCIPAL: 3/0 AWG A DEREVACION: 4/0 AWG - 3/0 A 4/0 AWG) RA7-030,MATERIAL - M,UNIDAD - UND,015 - 015 - REDES ELECTRICAS,1.0,19,1.19,True,False,,
5246,TIRANTA 2400MM RA7-013,MATERIAL - M,UNIDAD - UND,015 - 015 - REDES ELECTRICAS,1.0,19,1.19,True,False,,
5247,CONECTOR TRANSVERSAL UNIVERSAL DE 4- 2/0 (6 AWG A 400 KCMIL - 6 A 4/0 AWG).,MATERIAL - M,UNIDAD - UND,015 - 015 - REDES ELECTRICAS,1.0,19,1.19,True,False,,
5248,CAJA PRIMARIA PARA 15 KV-100A/10K 110 KDVIL.,MATERIAL - M,UNIDAD - UND,015 - 015 - REDES ELECTRICAS,1.0,19,1.19,True,False,,
5249,SOPORTE EN L CORTACIRCUITOS Y PARARRAYOS. RA7-053,MATERIAL - M,UNIDAD - UND,015 - 015 - REDES ELECTRICAS,1.0,19,1.19,True,False,,
5250,"TORNILLO CARRUAJE DE 1/2"" X 1-1/2""PARA CAJAS PRIMARIAS, RA7-001. INCLUYE UNA ARANDELA REDONDA Y UNA GUAZA DE PRESION.",MATERIAL - M,UNIDAD - UND,015 - 015 - REDES ELECTRICAS,1.0,19,1.19,True,False,,
5251,"AISLADOR SUSPENSION 13,2 KV 165 MM RA7-011 PORCELANA",MATERIAL - M,UNIDAD - UND,015 - 015 - REDES ELECTRICAS,1.0,19,1.19,True,False,,
5252,GRAPA TERMINAL TIPO RECTA RA7-024 DE 1/0 - 266.8,MATERIAL - M,UNIDAD - UND,015 - 015 - REDES ELECTRICAS,1.0,19,1.19,True,False,,
5253,"GRAPA VARILLA COPPERWELD DE 5/8""",MATERIAL - M,UNIDAD - UND,015 - 015 - REDES ELECTRICAS,1.0,19,1.19,True,False,,
5254,"TORNILLO HEXAGONAL 15,9X50,8 MM RA7-001",MATERIAL - M,UNIDAD - UND,015 - 015 - REDES ELECTRICAS,1.0,19,1.19,True,False,,
5255,PERNO ESPACIADOR 15.9 X 254 MM RA7-001 CON 4 ARANDELA,MATERIAL - M,UNIDAD - UND,015 - 015 - REDES ELECTRICAS,1.0,19,1.19,True,False,,
5256,"TORNILLO ESPACIADOR 15.9X250MM - ACERO GALV. 11 HILOS/PG, CON 4 ARANDELAS, 4 GUAZAS Y 4 TUERCAS.",MATERIAL - M,UNIDAD - UND,015 - 015 - REDES ELECTRICAS,1.0,19,1.19,True,False,,
5257,ADAPTADOR 1/2 TERMINAL CONDUIT,MATERIAL - M,UNIDAD - UND,"014 - 014 - INSTALACIONES ELECTRICAS, VOZ Y DATOS",1.0,19,1.19,True,False,,
5258,"CONECTOR COMPRESION TIPO H, 1/0 - 2 AWG, ALUMINIO.",MATERIAL - M,UNIDAD - UND,015 - 015 - REDES ELECTRICAS,1.0,19,1.19,True,False,,
5259,CORREAS PLASTICAS DE 60 CM.,MATERIAL - M,UNIDAD - UND,015 - 015 - REDES ELECTRICAS,1.0,19,1.19,True,False,,
5260,CABLE ACERADO RECUBIERTO CON COBRE NO4AWG AISLADO,MATERIAL - M,METRO - M,015 - 015 - REDES ELECTRICAS,1.0,19,1.19,True,False,,
5261,CONECTOR DESCARGA A TIERRA CRUCETA,MATERIAL - M,UNIDAD - UND,015 - 015 - REDES ELECTRICAS,1.0,19,1.19,True,False,,
5262,"POSTE DE FIBRA DE VIDRIO DE 14 M, 750 KGF, 2 SECCIONES, CON TAPA INFERIOR.",SUBCONTRATO - S,UNIDAD - UND,"014 - 014 - INSTALACIONES ELECTRICAS, VOZ Y DATOS",1.0,19,1.19,True,False,,
5263,"TUBERIA CONDUIT GALVANIZADO PESADO IMC DE 4""",MATERIAL - M,METRO - M,"014 - 014 - INSTALACIONES ELECTRICAS, VOZ Y DATOS",1.0,19,1.19,True,False,,
5264,"BOQUILLA GALVANIZADA DE 4"" CON CONTRATUERCA",MATERIAL - M,UNIDAD - UND,"014 - 014 - INSTALACIONES ELECTRICAS, VOZ Y DATOS",1.0,19,1.19,True,False,,
5265,"UNION IMC 4""",MATERIAL - M,UNIDAD - UND,"014 - 014 - INSTALACIONES ELECTRICAS, VOZ Y DATOS",1.0,19,1.19,True,False,,
5266,"CURVA PVC TIPO DB 4"". (ELECTRICA)",MATERIAL - M,UNIDAD - UND,"014 - 014 - INSTALACIONES ELECTRICAS, VOZ Y DATOS",1.0,19,1.19,True,False,,
5267,COCINA DE SOBREPONER DE 4 PUESTOS,MATERIAL - M,UNIDAD - UND,011 - 011 - GRIFERIA Y APARATOS HIDROSANITARIOS,1.0,0,1.0,True,False,,
5268,"TUBERIA PVC 2"" TIPO DB",MATERIAL - M,METRO - M,"014 - 014 - INSTALACIONES ELECTRICAS, VOZ Y DATOS",1.0,19,1.19,True,False,,
5269,"ADAPTADOR PVC CAMPANA 2"" TIPO DB. (ELECTRICO)",MATERIAL - M,UNIDAD - UND,"014 - 014 - INSTALACIONES ELECTRICAS, VOZ Y DATOS",1.0,19,1.19,True,False,,
5270,"CURVA PVC 2"" TIPO DB. (ELECTRICO)",MATERIAL - M,UNIDAD - UND,"014 - 014 - INSTALACIONES ELECTRICAS, VOZ Y DATOS",1.0,19,1.19,True,False,,
5271,"ADAPTADOR PVC 2""",MATERIAL - M,UNIDAD - UND,"014 - 014 - INSTALACIONES ELECTRICAS, VOZ Y DATOS",1.0,19,1.19,True,False,,
5272,PLASTICO NEGRO X 6MTR X100MTR C-6,MATERIAL - M,ROLLO - ROLL,020 - 020 - FERRETERIA MENOR,0.0,19,0.0,True,False,,
5273,"RODILLO DE FELPA 8""",MATERIAL - M,UNIDAD - UND,020 - 020 - FERRETERIA MENOR,1.0,19,1.19,True,False,,
5274,"PUERTA BATIENTE MEDIDAS (2.10 M DE ANCHO X 2.20 M DE ALTO) LAMINA COLD ROLLED CALIBRE 18, ENTAMBORADA A DOS CARAS, RELLENA CON POLIURETANO EXPANDIDO DE ALTA DENSIDAD. ACABADO DE PUERTA EN PINTURA ELECTROSTATICA COLOR GRIS. VIDRIO CLARO LAMINADO DE 4+4MM",MATERIAL - M,UNIDAD - UND,018 - 018 - CARPINTERIA METALICA,1.0,19,1.19,True,False,,
5275,MANIJA EIFFEL US26D,MATERIAL - M,UNIDAD - UND,018 - 018 - CARPINTERIA METALICA,1.0,19,1.19,True,False,,
5276,SENAL VINILO SEGUN DISENO (PUERTA),MATERIAL - M,UNIDAD - UND,017 - 017 - ACABADOS Y PINTURA,1.0,19,1.19,True,False,,
5277,MANIJA YALE FLORIDA US26D,MATERIAL - M,UNIDAD - UND,018 - 018 - CARPINTERIA METALICA,1.0,19,1.19,True,False,,
5278,"PUERTA METALICA BATIENTE (MARCO Y ALA) MEDIDAS (0.8 M DE ANCHO X 2.30 M DE ALTO APROX.) DIMENSIONES Y SENTIDO DE APERTURA DE ACUERDO CON LAS REGISTRADAS EN PLANOS, COMPUESTA CON MARCOS, ALAS CON ESTRUCTURA INTERNA, Y LAMINA COLD ROLLED CALIBRE 18 SIN TROQ",MATERIAL - M,UNIDAD - UND,018 - 018 - CARPINTERIA METALICA,1.0,19,1.19,True,False,,
5279,TIRADERA (ACERO INOX),MATERIAL - M,UNIDAD - UND,018 - 018 - CARPINTERIA METALICA,1.0,19,1.19,True,False,,
5280,"CERROJO INSTITUCIONAL CERROJO INST LL-LL US26D TIPO BACKSET DE 70MM DE YALE O SIMILAR. INCLUYE BISAGRAS, TOPES DE PISO MEDIA LUNA Y TODOS LOS ELEMENTOS NECESARIOS PARA SU CORRECTA INSTALACION Y FUNCIONAMIENTO.",MATERIAL - M,UNIDAD - UND,018 - 018 - CARPINTERIA METALICA,1.0,19,1.19,True,False,,
5281,"PUERTA METALICA BATIENTE (MARCO Y ALA) MEDIDAS (1.20 M DE ANCHO INCLUYENDO PUERTA Y REJILLA LATERAL X 2.40 M DE ALTO APROX.) DIMENSIONES Y SENTIDO DE APERTURA DE ACUERDO CON LAS REGISTRADAS EN PLANOS, COMPUESTA CON MARCOS, ALAS CON ESTRUCTURA INTERNA, REJ",MATERIAL - M,UNIDAD - UND,018 - 018 - CARPINTERIA METALICA,1.0,19,1.19,True,False,,
5282,"SUMINISTRO, TRANSPORTE E INSTALACION DE PUERTA METALICA DOBLE BATIENTE MEDIDAS (1.30M X 2.40M DE ALTO) DIMENSIONES Y SENTIDO DE APERTURA DE ACUERDO CON LAS REGISTRADAS EN PLANOS, COMPUESTA CON MARCOS, ALAS CON ESTRUCTURA INTERNA, MONTANTE SUPERIOR MEDIDAS",MATERIAL - M,UNIDAD - UND,018 - 018 - CARPINTERIA METALICA,1.0,19,1.19,True,False,,
5283,"PUERTA METALICA BATIENTE DE 1.60M X 2.20M, REJILLAS INFERIOR Y LAMINA COLD ROLLED CALIBRE 18 SIN TROQUELAR, ENTAMBORADA A DOS CARAS, RELLENA CON POLIURETANO EXPANDIDO DE ALTA DENSIDAD. ACABADO DE PUERTA EN PINTURA ELECTROSTATICA COLOR RAL 7012 (GRIS). INC",MATERIAL - M,UNIDAD - UND,018 - 018 - CARPINTERIA METALICA,1.0,19,1.19,True,False,,
5284,COMBO BARRA ANTI PANICO DOBLE CON MAIJA Y CUERRA PUERTAS,MATERIAL - M,UNIDAD - UND,018 - 018 - CARPINTERIA METALICA,1.0,19,1.19,True,False,,
5285,"PUERTA DE 2,00 X 2,20 M, BATIENTE 2 ALAS CORTAFUEGO RESISTENCIA AL FUEGO DE 120 MINUTOS CON CERTIFICACION UNE Y/O UL (EUROPEA /AMERICANA). COMPUESTA CON MARCO EN LAMINA CR C16 DE ALTA RESISTENCIA DE 1.2MM, HOJA DE 63MM DE ESPESOR EN ACERO GALVANIZADO, ALM",MATERIAL - M,UNIDAD - UND,018 - 018 - CARPINTERIA METALICA,1.0,19,1.19,True,False,,
5286,"SUMINISTRO, TRANSPORTE E INSTALACION DE PUERTA METALICA DOBLE BATIENTE MEDIDAS (1.30M X 3.90M DE ALTO) DIMENSIONES Y SENTIDO DE APERTURA DE ACUERDO CON LAS REGISTRADAS EN PLANOS, COMPUESTA CON MARCOS, ALAS CON ESTRUCTURA INTERNA, MONTANTE SUPERIOR MEDIDAS",MATERIAL - M,UNIDAD - UND,018 - 018 - CARPINTERIA METALICA,0.0,19,0.0,True,False,,
5287,PARALES VERTICALES EN PTR DE 135 X135 X 3MM,MATERIAL - M,METRO - M,018 - 018 - CARPINTERIA METALICA,1.0,0,1.0,True,False,,
5288,PTS HORIZONTALES SUPERIOR E INFERIOR DE 120X60 2.00MM,MATERIAL - M,METRO - M,018 - 018 - CARPINTERIA METALICA,1.0,0,1.0,True,False,,
5289,"PLATINA 4""X6""X1/4""",MATERIAL - M,UNIDAD - UND,018 - 018 - CARPINTERIA METALICA,1.0,0,1.0,True,False,,
5290,"TUBERIA REDONDA NEGRA 2""",MATERIAL - M,UNIDAD - UND,018 - 018 - CARPINTERIA METALICA,1.0,19,1.19,True,False,,
5291,BISAGRA PISTON 5/8 PG,MATERIAL - M,UNIDAD - UND,018 - 018 - CARPINTERIA METALICA,1.0,19,1.19,True,False,,
5292,"SOLDADURA LINCOLN 6013 X 1/8""",MATERIAL - M,KILOGRAMO - KG,018 - 018 - CARPINTERIA METALICA,1.0,19,1.19,True,False,HENRY DE JESUS TABORDA ZAPATA,2026-07-31
5293,BASE ANTICORROSIVA Y ADHERENTE,MATERIAL - M,GALON - GAL,018 - 018 - CARPINTERIA METALICA,1.0,19,1.19,True,False,,
5294,CATALIZADOR PARA PINTURA DE POLIURETANO,MATERIAL - M,GALON - GAL,001 - 001 - ADHESIVOS Y ADITIVOS,1.0,19,1.19,True,False,,
5295,PINTURA POLIURETANO,MATERIAL - M,GALON - GAL,018 - 018 - CARPINTERIA METALICA,1.0,19,1.19,True,False,,
5296,"BISAGRA 3"" HRR",MATERIAL - M,UNIDAD - UND,018 - 018 - CARPINTERIA METALICA,1.0,0,1.0,True,False,,
5297,"SUMINISTRO, TRANSPORTE E INSTALACION DE PUERTA ACUSTICA PLEGABLE DE DIMENSIONES Y SENTIDO DE APERTURA DE ACUERDO A LAS REGISTRADAS EN PLANOS COMPUESTA POR PANELES DE AISLAMIENTO ACUSTICO MOVILES CON CANTOS EN ALUMINIO EXTRUIDO, EQUIPADOS CON UN MECANISMO",MATERIAL - M,METRO CUADRADO - M2,018 - 018 - CARPINTERIA METALICA,1.0,19,1.19,True,False,,
5298,"BISAGRA 2"" HRR",MATERIAL - M,UNIDAD - UND,018 - 018 - CARPINTERIA METALICA,1.0,0,1.0,True,False,,
5299,MANIJA ORBIT DORADA,MATERIAL - M,UNIDAD - UND,018 - 018 - CARPINTERIA METALICA,1.0,0,1.0,True,False,,
5300,CERRADURA RV-177 TOOLBOX,MATERIAL - M,UNIDAD - UND,018 - 018 - CARPINTERIA METALICA,1.0,0,1.0,True,False,,
5301,CERRADURA RANGER CILIND. SUELTO 50MM DER-IZQ CISA,MATERIAL - M,UNIDAD - UND,018 - 018 - CARPINTERIA METALICA,1.0,0,1.0,True,False,,
5302,CRISTAL CLARO TEMPLADO DE 8 MM.,MATERIAL - M,METRO CUADRADO - M2,018 - 018 - CARPINTERIA METALICA,1.0,0,1.0,True,False,,
5303,LAMINA NEGRA CR C18 2X1 MT,MATERIAL - M,UNIDAD - UND,018 - 018 - CARPINTERIA METALICA,1.0,0,1.0,True,False,,
5304,LAMINA NEGRA CR C18 4X8 1.22X2.44 MT,MATERIAL - M,UNIDAD - UND,018 - 018 - CARPINTERIA METALICA,1.0,0,1.0,True,False,,
5305,PERFIL MIXTO X10CM 2MT CR 18,MATERIAL - M,UNIDAD - UND,018 - 018 - CARPINTERIA METALICA,1.0,0,1.0,True,False,,
5306,PERFIL BOTAGUA X 10CM 2MT CR 18,MATERIAL - M,UNIDAD - UND,018 - 018 - CARPINTERIA METALICA,1.0,0,1.0,True,False,,
5307,PERFIL BOTAGUA X 10CM 2.44MT CR 18,MATERIAL - M,UNIDAD - UND,018 - 018 - CARPINTERIA METALICA,1.0,0,1.0,True,False,,
5308,RODACHIN VENTANA PEQUENO,MATERIAL - M,UNIDAD - UND,018 - 018 - CARPINTERIA METALICA,1.0,0,1.0,True,False,,
5309,MANIJA CIERRE MEDIA LUNA,MATERIAL - M,UNIDAD - UND,018 - 018 - CARPINTERIA METALICA,1.0,0,1.0,True,False,,
5310,SOLDADURA SOLTRODE 6013 X 3/32,CONSUMIBLES - C,KILOGRAMO - KG,020 - 020 - FERRETERIA MENOR,1.0,19,1.19,True,False,,
5311,"DISCO DE PULIR 4 1/2"" X 1/4",MATERIAL - M,UNIDAD - UND,020 - 020 - FERRETERIA MENOR,1.0,19,1.19,True,False,,
5312,MASILLA 1/8,MATERIAL - M,UNIDAD - UND,001 - 001 - ADHESIVOS Y ADITIVOS,1.0,19,1.19,True,False,,
5313,"TABLERO EN LAMINA COLD ROLLED CAL 20, SIN PINTAR ESTAMPADO Y DOBLADO PARA PUERTA DE 90CMX220CM",MATERIAL - M,UNIDAD - UND,018 - 018 - CARPINTERIA METALICA,1.0,0,1.0,True,False,,
5314,BASCULANTE VENTANA CAL 20 X 6MT,MATERIAL - M,UNIDAD - UND,018 - 018 - CARPINTERIA METALICA,1.0,0,1.0,True,False,,
5315,TUBO RECT 2X1 C-18,MATERIAL - M,UNIDAD - UND,018 - 018 - CARPINTERIA METALICA,1.0,0,1.0,True,False,,
5316,TUBO CD 1 1/2 C-18,MATERIAL - M,UNIDAD - UND,018 - 018 - CARPINTERIA METALICA,1.0,0,1.0,True,False,,
5317,TUBO CD 1/2 C-18,MATERIAL - M,UNIDAD - UND,018 - 018 - CARPINTERIA METALICA,1.0,0,1.0,True,False,,
5318,PASADOR PEQ 1/2 MIX,MATERIAL - M,UNIDAD - UND,018 - 018 - CARPINTERIA METALICA,1.0,0,1.0,True,False,,
5319,ESMALTE COLORPLUS PYB 3 EN 1 NEGRO GALON,MATERIAL - M,GALON - GAL,018 - 018 - CARPINTERIA METALICA,1.0,0,1.0,True,False,,
5320,PERFILERIA MONUMENTAL SERIE 80,MATERIAL - M,METRO - M,018 - 018 - CARPINTERIA METALICA,1.0,19,1.19,True,False,,
5321,"PERFIL PISAVIDRIO ALN-177 DE ALUMINA EN ALUMINIO ANODIZADO COLOR NATURAL, SISTEMA VP-3831.",MATERIAL - M,METRO - M,018 - 018 - CARPINTERIA METALICA,1.0,19,1.19,True,False,,
5322,EMPAQUE PARA VIDRIO,MATERIAL - M,METRO - M,018 - 018 - CARPINTERIA METALICA,1.0,19,1.19,True,False,,
5323,CERRADURA INSTITUCIONAL US26D YALE,MATERIAL - M,UNIDAD - UND,018 - 018 - CARPINTERIA METALICA,1.0,19,1.19,True,False,,
5324,MANIJA EN ACERO INOXIDABLE DE L= 316 MM.,MATERIAL - M,UNIDAD - UND,018 - 018 - CARPINTERIA METALICA,1.0,19,1.19,True,False,,
5325,"BISAGRA TACO DE ALUMINIO PARA TRABAJO PESADO DE 3""X11⁄2""X1⁄2"".",MATERIAL - M,UNIDAD - UND,018 - 018 - CARPINTERIA METALICA,1.0,19,1.19,True,False,,
5326,"PERNO DE EXPANSION REF TEA10X070 DE 1/2""X 3"". MARCA MECANO O EQUIVALENTE",MATERIAL - M,UNIDAD - UND,018 - 018 - CARPINTERIA METALICA,1.0,19,1.19,True,False,,
5327,CERRADURA SEGURO CHAPA PARA SISTEMA PC-744,MATERIAL - M,UNIDAD - UND,018 - 018 - CARPINTERIA METALICA,1.0,19,1.19,True,False,,
5328,SIKA 1A,MATERIAL - M,UNIDAD - UND,001 - 001 - ADHESIVOS Y ADITIVOS,1.0,19,1.19,True,False,,
5329,REJILLAS DE VENTILACION SEGUN DISENO,MATERIAL - M,UNIDAD - UND,018 - 018 - CARPINTERIA METALICA,1.0,19,1.19,True,False,,
5330,PERFILERIA ALUMINIO SERIE 50,MATERIAL - M,METRO - M,018 - 018 - CARPINTERIA METALICA,1.0,19,1.19,True,False,,
5331,"VENTANA ALUMINIO TIPO GUILLOTINA PARA ENTREGA ALIMENTOSEN RESTAURANTE ESCOLAR TODO COSTO, INCLUYE INSTALACION.",MATERIAL - M,METRO CUADRADO - M2,018 - 018 - CARPINTERIA METALICA,1.0,19,1.19,True,False,,
5332,"CUBIERTA METALICA STANDING SEAM 8MM, SIN TRASLAPO SANDWICH 3.5""",MATERIAL - M,METRO CUADRADO - M2,004 - 004 - CUBIERTA Y CANALES,1.0,19,1.19,True,False,,
5333,"LAMINA CAL.24, PARA REMATE EN TEJA METECNO.",MATERIAL - M,METRO - M,004 - 004 - CUBIERTA Y CANALES,1.0,19,1.19,True,False,,
5334,REMATE TPO PARA TEJA METECNO.,MATERIAL - M,METRO - M,004 - 004 - CUBIERTA Y CANALES,1.0,19,1.19,True,False,,
5335,MEMBRANA SINTETICA PVC,MATERIAL - M,ROLLO - ROLL,046 - 046 - CUBIERTAS Y CANALES,1.0,19,1.19,True,False,,
5336,TEJA TERMOACUSTICA UPVC 2MM,MATERIAL - M,METRO CUADRADO - M2,004 - 004 - CUBIERTA Y CANALES,1.0,19,1.19,True,False,,
5337,EMPALME DE TEJA TIPO EXIPLAST CON FIBRA DE VIDRIO Y RESINA.,MATERIAL - M,UNIDAD - UND,004 - 004 - CUBIERTA Y CANALES,1.0,19,1.19,True,False,,
5338,"CANOA GALVANIZADA CAL.20, L= 1.20M.",MATERIAL - M,METRO - M,004 - 004 - CUBIERTA Y CANALES,1.0,19,1.19,True,False,,
5339,"PINTURA ACONDICIONADOR DE SUPERFICIES TIPO WASH PRIMER, COMPONENTE A. PRESENTACION POR 1/4 GALON.",MATERIAL - M,UNIDAD - UND,017 - 017 - ACABADOS Y PINTURA,1.0,19,1.19,True,False,HENRY DE JESUS TABORDA ZAPATA,2026-08-01
5340,RUANA GALVANIZADA C22 L=0.40M,MATERIAL - M,METRO - M,004 - 004 - CUBIERTA Y CANALES,1.0,19,1.19,True,False,,
5341,LAMINA GALVANIZADA PREPINTADA CAL.26 0.60M,MATERIAL - M,METRO - M,004 - 004 - CUBIERTA Y CANALES,1.0,19,1.19,True,False,,
5342,ACIDO NITRICO X 20 LITROS,MATERIAL - M,UNIDAD - UND,001 - 001 - ADHESIVOS Y ADITIVOS,1.0,19,1.19,True,False,HENRY DE JESUS TABORDA ZAPATA,2026-08-01
5343,HIDROSOLVE X 200 LITROS,MATERIAL - M,UNIDAD - UND,001 - 001 - ADHESIVOS Y ADITIVOS,1.0,19,1.19,True,False,,
5344,SIKA TRANSPARENTE 10. (16KG),MATERIAL - M,KILOGRAMO - KG,001 - 001 - ADHESIVOS Y ADITIVOS,1.0,19,1.19,True,False,,
5345,SIKA LIMPIADOR RINSE,MATERIAL - M,KILOGRAMO - KG,001 - 001 - ADHESIVOS Y ADITIVOS,1.0,19,1.19,True,False,,
5346,SIKA SARNAFIL S-327 12L.,MATERIAL - M,ROLLO - ROLL,001 - 001 - ADHESIVOS Y ADITIVOS,1.0,19,1.19,True,False,,
5347,GEOTEXTIL SIKA PP 2500,MATERIAL - M,METRO CUADRADO - M2,001 - 001 - ADHESIVOS Y ADITIVOS,1.0,19,1.19,True,False,,
5348,SIKAPLAN 12D.,MATERIAL - M,ROLLO - ROLL,001 - 001 - ADHESIVOS Y ADITIVOS,1.0,19,1.19,True,False,,
5349,SIKA METAL SHEET. LAMINA DE ACERO GALVANIZADO REVESTIDA CON PVC. PRESENTACION: 2X1 M.,MATERIAL - M,UNIDAD - UND,001 - 001 - ADHESIVOS Y ADITIVOS,1.0,19,1.19,True,False,,
5350,SIKAFLEX 221,MATERIAL - M,UNIDAD - UND,001 - 001 - ADHESIVOS Y ADITIVOS,1.0,19,1.19,True,False,,
5351,SIKA PRIMER 206.,MATERIAL - M,LITRO - LT,001 - 001 - ADHESIVOS Y ADITIVOS,1.0,19,1.19,True,False,,
5352,"SENALETICA INSTITUCIONAL IMPRESION EN VINILO, TAMANO 33.5 CMS X 16.5 CMS, IMPRESION 1400DPI, ACABADO EN VINILO MONTADO EN ACRILICO CRISTAL 3 MM CON CORTE LASER SEGUN DISENO (PEGADO SOBRE REVERSO); CON PIEZA REDONDA EN POLIESTIRENO CALIBRE 40 Y SISTEMA QUE",MATERIAL - M,UNIDAD - UND,037 - 037 - SEÑALIZACION,1.0,19,1.19,True,False,,
5353,"CHAZO EXPANSIVO DE 1/2 -2""",MATERIAL - M,UNIDAD - UND,020 - 020 - FERRETERIA MENOR,1.0,19,1.19,True,False,,
5354,"TORNILLO DE 2"" CON CHAZO",MATERIAL - M,UNIDAD - UND,020 - 020 - FERRETERIA MENOR,1.0,19,1.19,True,False,,
5355,"CEDULA PARA INSTITUCION EDUCATIVA DE LAMINA GALVANIADA CALIBRE 24 (2,10MX1,10M)",MATERIAL - M,UNIDAD - UND,018 - 018 - CARPINTERIA METALICA,1.0,19,1.19,True,False,,
5356,LETRA EN LAMINA COLD ROLLED CALIBRE 20.,MATERIAL - M,UNIDAD - UND,037 - 037 - SEÑALIZACION,1.0,19,1.19,True,False,,
5357,"TOPES EN ACERO INOXIDABLE DE 4 CM T304 RD 12,7 X 1,2",MATERIAL - M,UNIDAD - UND,037 - 037 - SEÑALIZACION,1.0,19,1.19,True,False,,
5358,"ANCLAJE CUNA DE EXPANSION DE 1/2"" X 3 3/4""",MATERIAL - M,UNIDAD - UND,020 - 020 - FERRETERIA MENOR,1.0,19,1.19,True,False,,
5359,"PINTURA ACRILICA TIPO KORAZA O EQUIVALENTE, RENDIMIENTO 20M2/GL",MATERIAL - M,GALON - GAL,017 - 017 - ACABADOS Y PINTURA,1.0,19,1.19,True,False,,
5360,ESTUCO PLASTICO NEVADO,MATERIAL - M,KILOGRAMO - KG,017 - 017 - ACABADOS Y PINTURA,1.0,19,1.19,True,False,,
5361,TILDE EN LAMINA COLD ROLLED CALIBRE 20,MATERIAL - M,UNIDAD - UND,037 - 037 - SEÑALIZACION,1.0,19,1.19,True,False,,
5362,CINTA DOBLE FAZ EXTRA FUERTE 19 MM,MATERIAL - M,METRO - M,001 - 001 - ADHESIVOS Y ADITIVOS,1.0,19,1.19,True,False,HENRY DE JESUS TABORDA ZAPATA,2026-08-01
5363,"LETRA O NUMERO EN ACRILICO, DE 5 MM DE ESPESOR, MINUSCULA DE 22 CMS DE ALTURA, TIPO DE FUENTE SWISS, COLOR SEGUN PALETA DE COLORES DE DISENO",MATERIAL - M,UNIDAD - UND,001 - 001 - ADHESIVOS Y ADITIVOS,1.0,19,1.19,True,False,,
5364,"LETRA O NUMERO EN ACRILICO, DE 5 MM DE ESPESOR, MAYUSCULA DE 40 CMS DE ALTO, TIPO DE FUENTE SWISS, COLOR SEGUN PALETA DE COLORES DE DISENO,",MATERIAL - M,UNIDAD - UND,001 - 001 - ADHESIVOS Y ADITIVOS,1.0,19,1.19,True,False,,
5365,"CUNA HIDRAULICA. INCLUYE PERFORACIONES CON TALADRO NEUMATICO ROTOPECU-TOR DE 2"" DE DIAMETRO, DESEMBOMBE,",MATERIAL - M,METRO CUBICO - M3,020 - 020 - FERRETERIA MENOR,1.0,19,1.19,True,False,HENRY DE JESUS TABORDA ZAPATA,2026-08-01
5366,"PIEDRA DE ENTRESUELO (LIMPIA), TAMANO MAXIMO 15 CM, CON TRANSPORTE.",MATERIAL - M,METRO CUBICO - M3,002 - 002 - AGREGADOS PETREOS,1.0,19,1.19,True,False,,
5367,"ADOQUIN DE 10X20X6 CM, COLOR (B) AMARILLO, JASPEADO, SALMON, CHAMPANA, NEGRO Y BLANCO ARENA",MATERIAL - M,UNIDAD - UND,010 - 010 - MAMPOSTERIA,1.0,19,1.19,True,False,HENRY DE JESUS TABORDA ZAPATA,2026-08-01
5368,"ADOQUIN TACTIL GUIA O ALERTA 20 X 20 X 6. COLOR (B) AMARILLO,JASPEADO, SAL-MON,CHAMPANA, NEGRO Y BLANCO ARENA",MATERIAL - M,UNIDAD - UND,010 - 010 - MAMPOSTERIA,1.0,19,1.19,True,False,,
5369,CORDON BORDILLO RECTO PREFABRICADO BORDILLO 15X35X80,MATERIAL - M,UNIDAD - UND,010 - 010 - MAMPOSTERIA,1.0,19,1.19,True,False,,
5370,"PLATINA DE 0.26*0.26*5/16""",MATERIAL - M,UNIDAD - UND,018 - 018 - CARPINTERIA METALICA,1.0,19,1.19,True,False,,
5371,"PERNO Y TUERCA DE ANCLAJE DE 1/2""",MATERIAL - M,UNIDAD - UND,018 - 018 - CARPINTERIA METALICA,1.0,19,1.19,True,False,,
5372,SOLDADURA LINCON-6011 X 1/8,MATERIAL - M,KILOGRAMO - KG,018 - 018 - CARPINTERIA METALICA,1.0,19,1.19,True,False,,
5373,"TUBERIA GALVANIZADA TIPO ACUEDUCTO 2"" CAL.16",MATERIAL - M,METRO - M,018 - 018 - CARPINTERIA METALICA,1.0,19,1.19,True,False,,
5374,"TUBERIA GALVANIZADA 3/4"" CAL. 16",MATERIAL - M,METRO - M,018 - 018 - CARPINTERIA METALICA,1.0,19,1.19,True,False,,
5375,"TUBERIA GALVANIZADA 11/2"" CAL. 16",MATERIAL - M,METRO - M,018 - 018 - CARPINTERIA METALICA,1.0,19,1.19,True,False,,
5376,LAMINA GALVANIZADA CALIBRE 18 DE 1.20 X 2.40 MT.,MATERIAL - M,UNIDAD - UND,018 - 018 - CARPINTERIA METALICA,1.0,19,1.19,True,False,,
5377,"TRIPLEX DE 18 MM. FORMALETA, PIZANO O SU EQUIVALENTE",MATERIAL - M,METRO CUADRADO - M2,018 - 018 - CARPINTERIA METALICA,1.0,19,1.19,True,False,,
5378,"PINO SECO CEPILLADO DE 1""X2"" (1.9X4.1 CM.) X 3.2 M.",MATERIAL - M,UNIDAD - UND,004 - 004 - CUBIERTA Y CANALES,1.0,19,1.19,True,False,,
5379,"SUMINISTRO Y TRANSPORTE BASURERA METALICAS PARA EXTERIORES, PIVOTANTE CUADRADA, CANECA EN ACERO GALVANIZADO, CAPACIDAD DE 36 LITROS AL-TURA TOTAL DE 1.1M CON CONTENEDOR DE 0.50 X 0.33 X 0.35 M EN INOXI-DABLE 304, CALIBRE 18"" O EQUIVALENTE Y BASE EN PLATI",MATERIAL - M,UNIDAD - UND,008 - 008 - MOBILIARIO URBANO,1.0,19,1.19,True,False,,
5380,"PINTURA EPOXICO POLIAMIDA PARA PISOS, RENDIMIENTO 20M2/GL",MATERIAL - M,GALON - GAL,017 - 017 - ACABADOS Y PINTURA,1.0,19,1.19,True,False,,
5381,PERNOS DE EXPANSION,MATERIAL - M,UNIDAD - UND,018 - 018 - CARPINTERIA METALICA,1.0,19,1.19,True,False,,
5382,TAPA EN CONCRETO PARA CAMARA DE INSPECCION. INCLUYE TRANSPORTE.,MATERIAL - M,UNIDAD - UND,006 - 006 - CONCRETOS Y MORTEROS,1.0,19,1.19,True,False,,
5383,"CONO PREFABRICADO EN CONCRETO PARA CAMARA DE INSPECCION DE 1,20M DE DIAMETRO.",MATERIAL - M,UNIDAD - UND,006 - 006 - CONCRETOS Y MORTEROS,1.0,19,1.19,True,False,,
5384,CUELLO PREFABRICADO EN CONCRETO PARA CAMARA DE INSPECCION Ø=1.20M.,MATERIAL - M,UNIDAD - UND,006 - 006 - CONCRETOS Y MORTEROS,1.0,19,1.19,True,False,,
5385,CILINDRO CAMARA 1.20M DE DIAMETRO (LONG. 0.20M). INCLUYE TRANSPORTE,MATERIAL - M,UNIDAD - UND,006 - 006 - CONCRETOS Y MORTEROS,1.0,19,1.19,True,False,,
5386,CILINDRO CAMARA 1.20M DE DIAMETRO (LONG. 0.50M). INCLUYE TRANSPORTE,MATERIAL - M,UNIDAD - UND,006 - 006 - CONCRETOS Y MORTEROS,1.0,19,1.19,True,False,,
5387,CILINDRO CAMARA 1.20M DE DIAMETRO (LONG. 1.00M). INCLUYE TRANSPORTE,MATERIAL - M,UNIDAD - UND,006 - 006 - CONCRETOS Y MORTEROS,1.0,19,1.19,True,False,,
5388,SIKADUR 42 ANCLAJE,MATERIAL - M,KILOGRAMO - KG,001 - 001 - ADHESIVOS Y ADITIVOS,1.0,19,1.19,True,False,,
5389,"PELDANO PARA ESCALA DE MANHOL EN VARILLA DE 5/8"" (6000PSI) GALVANIZADO EN CALIENTE PARA CILINDRO PREFABRICADO",MATERIAL - M,UNIDAD - UND,006 - 006 - CONCRETOS Y MORTEROS,1.0,19,1.19,True,False,,
5390,"TUBERIA PVC-NOVAFORT Ø= 500 MM. (20"") - PAVCO O EQUIVALENTE.",MATERIAL - M,METRO - M,012 - 012 - INSTALACIONES HIDRAULICAS,1.0,19,1.19,True,False,,
5391,TAPA PREFABRICADA PARA CAJA DE INSPECCION DE 1.0X1.0X1.0,MATERIAL - M,UNIDAD - UND,006 - 006 - CONCRETOS Y MORTEROS,1.0,19,1.19,True,False,,
5392,TUBO POLIETILENO X 3 MTS RDE11 FM 160 MM (6PULGADAS),MATERIAL - M,METRO - M,020 - 020 - FERRETERIA MENOR,1.0,19,1.19,True,False,,
5393,TERMO FUSION 160MM,MATERIAL - M,UNIDAD - UND,020 - 020 - FERRETERIA MENOR,1.0,19,1.19,True,False,,
5394,"TUBERIA PVC-NOVAFORT Ø= 355 MM. (14"") - PAVCO O EQUIVALENTE.",MATERIAL - M,METRO - M,013 - 013 - INSTALACIONES HIDROSANITARIAS,1.0,19,1.19,True,False,,
5395,"HIDROSELLO-NOVAFORT Ø= 355 MM. (14"") - PAVCO O EQUIVALENTE.",MATERIAL - M,UNIDAD - UND,013 - 013 - INSTALACIONES HIDROSANITARIAS,1.0,19,1.19,True,False,,
5396,"UNION PVC-NOVAFORT Ø= 355 MM. (14"") - PAVCO O EQUIVALENTE.",MATERIAL - M,UNIDAD - UND,013 - 013 - INSTALACIONES HIDROSANITARIAS,1.0,19,1.19,True,False,,
5397,"TUBERIA PVC-NOVAFORT Ø= 450 MM. (18"") - PAVCO O EQUIVALENTE.",MATERIAL - M,METRO - M,012 - 012 - INSTALACIONES HIDRAULICAS,1.0,19,1.19,True,False,,
5398,"UNION PVC-NOVAFORT Ø= 450 MM. (18"") - PAVCO O EQUIVALENTE.",MATERIAL - M,UNIDAD - UND,013 - 013 - INSTALACIONES HIDROSANITARIAS,1.0,19,1.19,True,False,,
5399,"HIDROSELLO-NOVAFORT Ø= 450 MM. (18"") - PAVCO O EQUIVALENTE.",MATERIAL - M,UNIDAD - UND,013 - 013 - INSTALACIONES HIDROSANITARIAS,1.0,19,1.19,True,False,,
5400,"UNION PVC-NOVAFORT Ø= 500 MM. (20"") - PAVCO O EQUIVALENTE.",MATERIAL - M,UNIDAD - UND,013 - 013 - INSTALACIONES HIDROSANITARIAS,1.0,19,1.19,True,False,,
5401,"HIDROSELLO-NOVAFORT Ø= 500 MM. (20"") - PAVCO O EQUIVALENTE.",MATERIAL - M,UNIDAD - UND,013 - 013 - INSTALACIONES HIDROSANITARIAS,1.0,19,1.19,True,False,,
5402,"TUBERIA PVC-NOVAFORT Ø= 675 MM. (27"") - PAVCO O EQUIVALENTE.",MATERIAL - M,METRO - M,013 - 013 - INSTALACIONES HIDROSANITARIAS,1.0,19,1.19,True,False,,
5403,"UNION PVC-NOVAFORT Ø= 675 MM. (27"") - PAVCO O EQUIVALENTE.",MATERIAL - M,UNIDAD - UND,013 - 013 - INSTALACIONES HIDROSANITARIAS,1.0,19,1.19,True,False,,
5404,"HIDROSELLO-NOVAFORT Ø= 675 MM. (27"") - PAVCO O EQUIVALENTE",MATERIAL - M,UNIDAD - UND,012 - 012 - INSTALACIONES HIDRAULICAS,1.0,19,1.19,True,False,,
5405,EMULSION ASFALTICA,MATERIAL - M,GALON - GAL,001 - 001 - ADHESIVOS Y ADITIVOS,1.0,19,1.19,True,False,,
5406,MEZCLA ASFALTICA TIPO MDC-19,MATERIAL - M,METRO CUBICO - M3,001 - 001 - ADHESIVOS Y ADITIVOS,1.0,19,1.19,True,False,,
5407,REJA PARA SUMIDERO TIPO B,MATERIAL - M,UNIDAD - UND,006 - 006 - CONCRETOS Y MORTEROS,1.0,19,1.19,True,False,,
5408,"HIDROSELLO-NOVAFORT Ø= 250 MM. (10"") - PAVCO O EQUIVALENTE",MATERIAL - M,UNIDAD - UND,013 - 013 - INSTALACIONES HIDROSANITARIAS,1.0,19,1.19,True,False,HENRY DE JESUS TABORDA ZAPATA,2026-08-02
5409,"UNION PVC-NOVAFORT Ø= 250 MM. (10"") - PAVCO O EQUIVALENTE.",MATERIAL - M,UNIDAD - UND,011 - 011 - GRIFERIA Y APARATOS HIDROSANITARIOS,1.0,19,1.19,True,False,,
5410,"TUBERIA PVC-NOVAFORT Ø= 250 MM. (10"") - PAVCO O EQUIVALENTE.",MATERIAL - M,METRO - M,011 - 011 - GRIFERIA Y APARATOS HIDROSANITARIOS,1.0,19,1.19,True,False,,
5411,"VALVULA BRIDA 3""",EQUIPO - E,UNIDAD - UND,013 - 013 - INSTALACIONES HIDROSANITARIAS,1.0,19,1.19,True,False,,
5412,"HIDRANTE TRAFICO EXT. LISO O J.R. 3""",MATERIAL - M,UNIDAD - UND,012 - 012 - INSTALACIONES HIDRAULICAS,1.0,19,1.19,True,False,,
5413,"CODO 90o BRIDADO DE HIERRO DUCTIL DE Ø= 3""",MATERIAL - M,UNIDAD - UND,012 - 012 - INSTALACIONES HIDRAULICAS,1.0,19,1.19,True,False,,
5414,"UNION VITAULI 3""",MATERIAL - M,UNIDAD - UND,012 - 012 - INSTALACIONES HIDRAULICAS,1.0,19,1.19,True,False,,
5415,"TUBERIA DE HIERRO DUCTIL DE 3""",MATERIAL - M,METRO - M,012 - 012 - INSTALACIONES HIDRAULICAS,1.0,19,1.19,True,False,,
5416,TUBERIA EN POLIETILENO PE 100 PN 16 RDE 11 DE 232 PSI NEGRO LINEA AZUL,MATERIAL - M,METRO - M,012 - 012 - INSTALACIONES HIDRAULICAS,1.0,19,1.19,True,False,,
5417,LLAVE DE CORTE UNIVERSAL DE 1/2,MATERIAL - M,UNIDAD - UND,011 - 011 - GRIFERIA Y APARATOS HIDROSANITARIOS,1.0,19,1.19,True,False,,
5418,UNIVERSAL COBRE DE 1⁄2,MATERIAL - M,UNIDAD - UND,013 - 013 - INSTALACIONES HIDROSANITARIAS,1.0,19,1.19,True,False,,
5419,"VALVULA COMPUERTA BRONCE 1/2"" RW",MATERIAL - M,UNIDAD - UND,012 - 012 - INSTALACIONES HIDRAULICAS,1.0,19,1.19,True,False,,
5420,"COLLAR DERIVACION DE 1/2""",MATERIAL - M,UNIDAD - UND,012 - 012 - INSTALACIONES HIDRAULICAS,1.0,19,1.19,True,False,,
5421,"VALVULA DE INCORPORACION DE 1""",MATERIAL - M,UNIDAD - UND,012 - 012 - INSTALACIONES HIDRAULICAS,1.0,19,1.19,True,False,,
5422,"CODO 90o DE COBRE, Ø= 1"".",MATERIAL - M,UNIDAD - UND,012 - 012 - INSTALACIONES HIDRAULICAS,1.0,19,1.19,True,False,,
5423,"CODO 45o DE COBRE, Ø= 1"".",MATERIAL - M,UNIDAD - UND,012 - 012 - INSTALACIONES HIDRAULICAS,1.0,19,1.19,True,False,,
5424,LLAVE DE CORTE UNIVERSAL DE 1,MATERIAL - M,UNIDAD - UND,012 - 012 - INSTALACIONES HIDRAULICAS,1.0,19,1.19,True,False,,
5425,"UNIVERSAL COBRE DE 1""",MATERIAL - M,UNIDAD - UND,013 - 013 - INSTALACIONES HIDROSANITARIAS,1.0,19,1.19,True,False,,
5426,"ADAPTADOR MACHO EN COBRE DE 1""",MATERIAL - M,UNIDAD - UND,012 - 012 - INSTALACIONES HIDRAULICAS,1.0,19,1.19,True,False,,
5427,"FILTRO EN ""Y"" ROSCADO DE 1""",MATERIAL - M,UNIDAD - UND,012 - 012 - INSTALACIONES HIDRAULICAS,1.0,19,1.19,True,False,,
5428,"CONTADOR DE 1""",MATERIAL - M,UNIDAD - UND,012 - 012 - INSTALACIONES HIDRAULICAS,1.0,19,1.19,True,False,,
5429,"TEE PARTIDA 3 X 1 1/2""-COLLAR DERIVACION 3 X 1 1/2""",MATERIAL - M,UNIDAD - UND,012 - 012 - INSTALACIONES HIDRAULICAS,1.0,19,1.19,True,False,,
5430,"TEE PARTIDA 4 X 1 1/2""-COLLAR DERIVACION 4X1 1/2""",MATERIAL - M,UNIDAD - UND,012 - 012 - INSTALACIONES HIDRAULICAS,1.0,19,1.19,True,False,,
5431,"VALVULA COMPUERTA BRONCE 1"" RW",MATERIAL - M,UNIDAD - UND,012 - 012 - INSTALACIONES HIDRAULICAS,1.0,19,1.19,True,False,,
5432,"GEOTEXTIL NO TEJIDO, NT 1600 ANCHO DEL ROLLO: 3,8M. INCLUYE TRANSPORTE DEL MATERIAL.",MATERIAL - M,METRO CUADRADO - M2,045 - 045 - GEOSINTÉTICOS,1.0,19,1.19,True,False,,
5433,"UNION PVC-FILTRO DE Ø= 6"" (160MM)",MATERIAL - M,UNIDAD - UND,011 - 011 - GRIFERIA Y APARATOS HIDROSANITARIOS,1.0,19,1.19,True,False,,
5434,"TAPON PVC-FILTRO DE Ø= 6"" (160MM)",MATERIAL - M,UNIDAD - UND,011 - 011 - GRIFERIA Y APARATOS HIDROSANITARIOS,1.0,19,1.19,True,False,,
5435,"TUBERIA PVC PERFORADA (FILTRO) DE Ø=160MM, (6"")",MATERIAL - M,METRO - M,011 - 011 - GRIFERIA Y APARATOS HIDROSANITARIOS,1.0,19,1.19,True,False,,
5436,MANO DE OBRA- CONSORCIO RODRIGO LARA,NOMINA - N,UNIDAD - UND,043 - 043 - SUBCONTRATO,1.0,0,1.0,True,False,,
5437,"CAN ZUNCHADO DE MADERA COMUN. DE 4,0CM X 20CM X 2.8M (ALQUILER)",EQUIPO - E,DIA - DIA,022 - 022 - MAQUINARIA Y EQUIPO,1.0,19,1.19,True,False,,
5438,"MOLINETE (CON ARO, DOBLE FRENO - MANO Y PIE) Y MANILA - ALQUILER",EQUIPO - E,DIA - DIA,022 - 022 - MAQUINARIA Y EQUIPO,1.0,19,1.19,True,False,,
5439,"MOTOBOMBA ELECTRICA SUMERGIBLE 2"" - 17M PROF. INCLUYE MANGUERA",EQUIPO - E,DIA - DIA,022 - 022 - MAQUINARIA Y EQUIPO,1.0,19,1.19,True,False,,
5440,"DEMOLICION EN ROCA A CIELO ABIERTO CON CUNA HIDRAULICA, INCLUYE MANO DE OBRA ESPECIALIZADA Y TODO LO NECESARIO PARA SU CORRECTA EJECUCION",EQUIPO - E,METRO CUBICO - M3,043 - 043 - SUBCONTRATO,1.0,19,1.19,True,False,,
5441,ARENA EN BULTO,MATERIAL - M,METRO CUBICO - M3,002 - 002 - AGREGADOS PETREOS,96068.95,19,114322.05,True,False,,
5442,TRITURADO EN BULTO,MATERIAL - M,METRO CUBICO - M3,002 - 002 - AGREGADOS PETREOS,137734.49,19,163904.04,True,False,,
